# Converted from user STL for the portfolio CAD viewer.
v 28.701048 100.986504 55.757511
v 28.701048 100.986504 52.159744
v 28.522284 103.194763 54.026070
v 58.342812 100.986504 52.159744
v 58.342812 100.986504 55.757511
v 58.521576 103.194763 54.026070
v 57.312111 97.395897 49.053417
v 56.771759 96.266167 48.048149
v 57.311611 97.394730 58.708412
v 56.145065 95.194794 47.077347
v 55.422268 94.166290 46.125309
v 56.142235 95.190392 60.642704
v 54.627548 93.214752 45.222134
v 53.743237 92.319283 44.346420
v 54.628830 93.216164 62.495876
v 39.812317 88.763611 67.721107
v 41.022583 88.507355 68.222046
v 40.021931 88.711716 65.670563
v 42.273872 88.349678 65.670563
v 42.273872 88.349678 68.660599
v 43.521931 88.297668 69.022858
v 44.769989 88.349678 65.670563
v 47.231544 88.763611 67.721107
v 47.021931 88.711716 65.670563
v 46.024689 88.507935 68.220734
v 44.769989 88.349678 68.660599
v 47.021931 88.711716 62.521927
v 47.231544 88.763611 58.521927
v 44.769989 88.349678 62.521927
v 44.769989 88.349678 58.521927
v 42.273872 88.349678 62.521927
v 42.273872 88.349678 58.521927
v 40.021931 88.711716 62.521927
v 39.812317 88.763611 58.521927
v 42.273872 88.349678 43.521927
v 44.769989 88.349678 43.521927
v 43.521931 88.297668 38.925552
v 47.231544 88.763611 43.521927
v 46.013771 88.506088 39.720573
v 44.769989 88.349678 39.292458
v 50.718658 90.136848 42.031815
v 49.590374 89.580009 41.361118
v 49.590374 89.580009 43.521927
v 48.440937 89.127151 40.760010
v 47.231544 88.763611 40.206001
v 51.781158 90.776283 42.748287
v 50.521931 90.031166 43.521927
v 50.521931 90.031166 58.521927
v 49.590374 89.580009 58.521927
v 49.590374 89.580009 66.505737
v 50.723427 90.139458 65.795670
v 51.781158 90.776283 65.047073
v 52.798889 91.510468 64.236664
v 52.803680 91.514244 43.530289
v 53.743237 92.319283 63.390717
v 55.422268 94.166290 61.586712
v 56.771759 96.266167 59.684006
v 57.754345 98.560753 50.073956
v 57.754345 98.560753 57.727608
v 58.099293 99.762062 56.741409
v 58.099991 99.764946 51.115135
v 48.436180 89.125504 67.142067
v 38.605141 89.126389 67.140755
v 37.453487 89.580009 58.521927
v 37.453487 89.580009 43.521927
v 36.320904 90.139198 42.034538
v 36.521931 90.031166 43.521927
v 35.262699 90.776283 42.748287
v 36.521931 90.031166 58.521927
v 28.943916 99.764748 51.114964
v 28.944538 99.762177 56.741318
v 29.289515 98.560753 50.073956
v 29.289515 98.560753 57.727608
v 29.731701 97.396004 49.053513
v 29.732334 97.394531 58.708580
v 30.272099 96.266167 48.048149
v 30.272099 96.266167 59.684006
v 30.900061 95.192825 47.075546
v 30.900732 95.191780 60.641449
v 31.621592 94.166290 46.125309
v 31.621592 94.166290 61.586712
v 32.413307 93.218056 45.225319
v 32.416794 93.214218 62.497776
v 33.300625 92.319283 44.346420
v 33.300625 92.319283 63.390717
v 34.243843 91.511353 43.527302
v 34.242756 91.512207 64.234795
v 35.262699 90.776283 65.047073
v 36.318275 90.140640 65.794235
v 37.453487 89.580009 66.505737
v 39.812317 88.763611 43.521927
v 38.610302 89.124596 40.756393
v 37.453487 89.580009 41.361118
v 42.273872 88.349678 39.292458
v 41.023777 88.507156 39.722916
v 39.812317 88.763611 40.206001
v 38.751263 9.999998 10.341205
v 43.521931 9.999998 9.999998
v 47.021931 9.999998 62.521927
v 10.000002 9.999998 43.521927
v 10.341205 9.999998 38.751259
v 40.021931 9.999998 62.521927
v 11.357874 9.999998 34.077709
v 13.029311 9.999998 29.596416
v 15.321489 9.999998 25.398605
v 75.685982 9.999998 34.077709
v 76.702652 9.999998 38.751259
v 77.043854 9.999998 43.521927
v 47.021931 9.999998 65.670563
v 77.043854 9.999998 86.578354
v 18.187746 9.999998 21.569733
v 21.569735 9.999998 18.187744
v 25.398607 9.999998 15.321487
v 29.596416 9.999998 13.029307
v 34.077709 9.999998 11.357874
v 48.292599 9.999998 10.341205
v 52.966148 9.999998 11.357874
v 57.447441 9.999998 13.029307
v 68.856110 9.999998 21.569733
v 71.722366 9.999998 25.398605
v 74.014549 9.999998 29.596416
v 10.000002 9.999998 86.578354
v 40.021931 9.999998 65.670563
v 10.341205 9.999998 91.349022
v 61.645252 9.999998 15.321487
v 65.474121 9.999998 18.187744
v 52.966148 9.999998 118.742409
v 48.292599 9.999998 119.759079
v 43.521931 9.999998 120.100288
v 38.751263 9.999998 119.759079
v 34.077709 9.999998 118.742409
v 29.596416 9.999998 117.070976
v 25.398607 9.999998 114.778801
v 21.569735 9.999998 111.912537
v 18.187746 9.999998 108.530548
v 15.321489 9.999998 104.701675
v 76.702652 9.999998 91.349022
v 75.685982 9.999998 96.022575
v 74.014549 9.999998 100.503868
v 71.722366 9.999998 104.701675
v 68.856110 9.999998 108.530548
v 65.474121 9.999998 111.912537
v 13.029311 9.999998 100.503868
v 11.357874 9.999998 96.022575
v 61.645252 9.999998 114.778801
v 57.447441 9.999998 117.070976
v 43.521931 0.000000 120.100288
v 40.789165 0.000000 130.014404
v 38.751263 0.000000 119.759079
v 35.366734 0.000000 129.329391
v 34.077709 0.000000 118.742409
v 30.072914 0.000000 127.970169
v 29.596416 0.000000 117.070976
v 24.991194 0.000000 125.958176
v 25.398607 0.000000 114.778801
v 20.201715 0.000000 123.325134
v 21.569735 0.000000 111.912537
v 15.780007 0.000000 120.112579
v 18.187746 0.000000 108.530548
v 11.795808 0.000000 116.371162
v 15.321489 0.000000 104.701675
v 43.521931 0.000000 9.999998
v 46.254696 0.000000 0.085879
v 48.292599 0.000000 10.341205
v 51.677124 0.000000 0.770893
v 52.966148 0.000000 11.357874
v 56.970947 0.000000 2.130114
v 57.447441 0.000000 13.029307
v 62.052666 0.000000 4.142109
v 61.645252 0.000000 15.321487
v 66.842148 0.000000 6.775148
v 65.474121 0.000000 18.187744
v 71.263855 0.000000 9.987704
v 68.856110 0.000000 21.569733
v 75.248055 0.000000 13.729117
v 71.722366 0.000000 25.398605
v 74.014549 0.000000 100.503868
v 81.660484 0.000000 107.545204
v 71.722366 0.000000 104.701675
v 78.731911 0.000000 112.159904
v 68.856110 0.000000 108.530548
v 75.248055 0.000000 116.371162
v 65.474121 0.000000 111.912537
v 71.263855 0.000000 120.112579
v 61.645252 0.000000 114.778801
v 66.842148 0.000000 123.325134
v 57.447441 0.000000 117.070976
v 62.052666 0.000000 125.958176
v 52.966148 0.000000 118.742409
v 56.970947 0.000000 127.970169
v 48.292599 0.000000 119.759079
v 51.677124 0.000000 129.329391
v 46.254696 0.000000 130.014404
v 13.029311 0.000000 29.596416
v 5.383372 0.000000 22.555079
v 15.321489 0.000000 25.398605
v 8.311950 0.000000 17.940380
v 18.187746 0.000000 21.569733
v 11.795808 0.000000 13.729117
v 21.569735 0.000000 18.187744
v 15.780007 0.000000 9.987704
v 25.398607 0.000000 15.321487
v 20.201715 0.000000 6.775148
v 29.596416 0.000000 13.029307
v 24.991194 0.000000 4.142109
v 34.077709 0.000000 11.357874
v 30.072914 0.000000 2.130114
v 38.751263 0.000000 10.341205
v 35.366734 0.000000 0.770893
v 40.789165 0.000000 0.085879
v 8.311950 0.000000 112.159904
v 5.383372 0.000000 107.545204
v 13.029311 0.000000 100.503868
v 3.056262 0.000000 102.599846
v 11.357874 0.000000 96.022575
v 1.367323 0.000000 97.401817
v 10.341205 0.000000 91.349022
v 0.343185 0.000000 92.033096
v 10.000002 0.000000 86.578354
v 0.000000 0.000000 86.578354
v 10.000002 0.000000 43.521927
v 0.000000 0.000000 43.521927
v 10.341205 0.000000 38.751259
v 0.343185 0.000000 38.067184
v 11.357874 0.000000 34.077709
v 1.367323 0.000000 32.698463
v 3.056262 0.000000 27.500437
v 78.731911 0.000000 17.940380
v 81.660484 0.000000 22.555079
v 74.014549 0.000000 29.596416
v 83.987595 0.000000 27.500437
v 75.685982 0.000000 34.077709
v 85.676537 0.000000 32.698463
v 76.702652 0.000000 38.751259
v 86.700676 0.000000 38.067184
v 77.043854 0.000000 43.521927
v 87.043861 0.000000 43.521927
v 77.043854 0.000000 86.578354
v 87.043861 0.000000 86.578354
v 76.702652 0.000000 91.349022
v 86.700676 0.000000 92.033096
v 75.685982 0.000000 96.022575
v 85.676537 0.000000 97.401817
v 83.987595 0.000000 102.599846
v 57.158993 89.779137 51.117420
v 57.010273 89.762939 50.736137
v 56.978512 95.264389 48.909801
v 57.243389 21.988258 48.324543
v 56.748852 21.796804 46.966103
v 56.978512 25.147707 48.776882
v 54.069225 21.045063 41.966061
v 54.333317 21.335140 42.449230
v 54.841515 21.229706 43.148060
v 46.769226 19.915827 35.295109
v 46.024818 19.845900 34.910126
v 46.023693 23.753538 36.640198
v 44.512077 19.725304 34.253098
v 43.521931 19.661556 33.909229
v 43.521931 24.070673 35.878445
v 48.395306 86.924095 41.391289
v 57.682537 75.277763 55.740643
v 57.681824 72.296394 56.110313
v 56.978512 72.080688 54.153698
v 58.521931 38.814762 60.439156
v 58.521931 34.851715 59.600880
v 58.348438 35.441345 57.039261
v 58.521927 38.850857 60.434322
v 57.830975 48.027660 56.585026
v 58.170780 53.221748 58.537594
v 58.348438 47.733665 59.151241
v 58.302975 49.536503 59.018639
v 58.338154 48.479668 59.157284
v 57.735096 67.427773 56.719681
v 57.814396 63.815815 57.176308
v 56.978512 60.194759 54.798424
v 57.830975 60.190033 57.291004
v 57.878292 61.558956 57.463570
v 57.900883 60.830444 57.556618
v 58.469944 99.897484 53.894455
v 58.355789 96.662178 53.856346
v 58.348438 96.931252 53.703876
v 58.351971 96.571358 53.856636
v 58.341866 96.334015 53.857746
v 57.830975 96.082977 51.264137
v 58.167641 92.586067 53.945576
v 57.830975 90.273293 53.103214
v 58.472721 100.001099 53.897194
v 54.333317 88.338829 46.338531
v 52.586475 87.796684 44.442673
v 55.805847 88.939400 48.438683
v 55.805847 94.489708 46.681713
v 50.595623 87.322357 42.784000
v 46.023693 86.608795 40.288700
v 43.521931 86.381927 39.495369
v 45.650951 19.813440 34.732441
v 47.865440 20.031992 35.941322
v 48.395306 23.312784 37.698902
v 48.794777 20.143286 36.568417
v 49.836441 20.282816 37.365974
v 50.595623 22.756052 39.036179
v 50.834263 20.432194 38.234299
v 51.787178 20.590559 39.171871
v 52.586475 22.093006 40.628830
v 52.693672 20.757139 40.177666
v 53.551590 20.931173 41.250874
v 54.333317 26.656002 44.491295
v 55.805847 25.930834 46.551746
v 55.546207 21.416981 44.376564
v 56.182457 21.606207 45.649731
v 58.479107 22.825367 54.740017
v 58.352032 22.647013 53.302937
v 58.348438 23.462683 53.564602
v 58.142235 22.465017 51.877453
v 57.830975 24.320204 51.128098
v 57.850651 22.279572 50.465351
v 57.477745 22.090963 49.068863
v 55.886253 85.995056 49.377892
v 55.894203 85.974304 49.397526
v 55.805847 83.299332 49.881763
v 56.015717 85.722176 49.684002
v 56.160992 85.522087 50.008968
v 56.323048 85.379791 50.363075
v 56.494713 85.299393 50.736137
v 56.978512 83.819748 52.182564
v 56.669109 85.283195 51.117420
v 56.840057 85.331665 51.495956
v 55.732899 87.150719 48.804325
v 55.727509 86.964218 48.844528
v 55.748047 87.340355 48.780033
v 55.731907 86.781746 48.900402
v 55.746067 86.604385 48.971664
v 54.333317 82.817429 47.751247
v 55.769978 86.432602 49.058346
v 55.802681 86.271225 49.157780
v 56.168892 88.791107 49.157780
v 56.022591 88.457947 48.971664
v 55.899708 88.098122 48.844528
v 55.849419 87.912880 48.804543
v 55.806526 87.721977 48.780033
v 55.772793 87.531754 48.771927
v 56.848564 89.682541 50.363075
v 56.677940 89.540253 50.008968
v 56.503574 89.340157 49.684002
v 56.331612 89.088028 49.397526
v 57.285412 85.842155 52.508446
v 57.830975 84.369652 54.613735
v 57.151794 85.615227 52.201618
v 57.002331 85.443420 51.860855
v 57.401180 86.117668 52.772507
v 57.497955 86.433853 52.986210
v 57.575256 86.781601 53.143402
v 57.654591 87.339447 53.263744
v 57.671516 87.531166 53.271927
v 57.606594 86.964287 53.199345
v 57.633045 87.150917 53.239563
v 57.693516 88.097618 53.199455
v 57.690914 87.911415 53.239563
v 57.683598 87.722153 53.263805
v 57.691395 88.280731 53.143402
v 57.684536 88.458221 53.072063
v 57.672962 88.628479 52.986210
v 57.656628 88.790993 52.886154
v 57.635468 88.944664 52.772507
v 57.609417 89.088409 52.645966
v 57.578667 89.220177 52.508446
v 57.502361 89.447105 52.201618
v 57.406570 89.618919 51.860855
v 57.291748 89.730667 51.495956
v 43.521931 29.018898 37.777500
v 46.023693 28.744967 38.555836
v 48.395306 28.364252 39.637577
v 50.595623 27.883358 41.003963
v 52.586475 27.310629 42.631279
v 43.521931 81.247208 40.809151
v 46.023693 81.429245 41.613953
v 48.395306 81.682243 42.732479
v 50.595623 82.001808 44.145329
v 52.586475 82.382408 45.827980
v 43.521931 60.216866 43.137718
v 43.521931 65.515182 42.999149
v 46.023693 60.215302 43.962849
v 46.023693 65.559875 43.823074
v 48.395306 60.213127 45.109631
v 48.395306 65.621986 44.968174
v 50.595623 60.210381 46.558167
v 50.595623 65.700447 46.414585
v 52.586475 60.207111 48.283321
v 52.586475 65.793884 48.137211
v 54.333317 60.203373 50.255173
v 54.333317 65.900688 50.106171
v 55.805847 60.199230 52.439507
v 55.805847 66.018997 52.287300
v 56.978512 66.146767 54.642761
v 57.723751 68.108711 56.634029
v 43.521931 70.797401 42.563801
v 46.023693 70.888206 43.383923
v 48.395306 71.014412 44.523739
v 50.595623 71.173828 45.963478
v 52.586475 71.363686 47.678158
v 54.333317 71.580688 49.638035
v 55.805847 71.821083 51.809105
v 43.521931 76.046913 41.833035
v 46.023693 76.183548 42.646774
v 48.395306 76.373451 43.777725
v 50.595623 76.613319 45.206264
v 52.586475 76.898994 46.907608
v 54.333317 77.225525 48.852238
v 55.805847 77.587234 51.006416
v 56.978512 77.977859 53.332771
v 57.712322 78.525688 55.340939
v 57.851433 84.947227 54.559868
v 57.990795 88.771767 54.176624
v 43.521931 49.638577 42.523689
v 43.521931 54.919109 42.979065
v 46.023693 49.544662 43.343460
v 46.023693 54.871292 43.802811
v 48.395306 49.414135 44.482792
v 48.395306 54.804840 44.947666
v 50.595623 49.249264 45.921917
v 50.595623 54.720898 46.393772
v 52.586475 49.052910 47.635864
v 52.586475 54.620930 48.116032
v 54.333317 48.828472 49.594906
v 54.333317 54.506660 50.084572
v 55.805847 48.579853 51.765045
v 55.805847 54.380085 52.265236
v 56.978512 48.311363 54.108639
v 56.978512 54.243385 54.620197
v 57.830975 54.098946 57.108593
v 43.521931 34.065800 39.396194
v 46.023693 33.835930 40.188660
v 48.395306 33.516449 41.290043
v 50.595623 33.112907 42.681236
v 52.586475 32.632298 44.338097
v 54.333317 32.082966 46.231888
v 55.805847 31.474438 48.329750
v 56.978512 30.817274 50.595284
v 57.830975 30.122873 52.989189
v 58.348438 29.403284 55.469933
v 58.521931 28.670988 57.994473
v 58.521931 22.999998 56.187534
v 43.521931 39.195503 40.729431
v 43.521931 44.391876 41.773026
v 46.023693 39.010414 41.533539
v 46.023693 44.252155 42.586243
v 48.395306 38.753178 42.651100
v 48.395306 44.057968 43.716465
v 50.595623 38.428253 44.062725
v 50.595623 43.812683 45.144085
v 52.586475 38.041279 45.743923
v 52.586475 43.520557 46.844334
v 54.333317 37.598969 47.665527
v 54.333317 43.186661 48.787712
v 55.805847 37.108994 49.794201
v 55.805847 42.816784 50.940502
v 56.978512 36.579861 52.093014
v 56.978512 42.417343 53.265362
v 57.830975 36.020744 54.522079
v 57.830975 41.995270 55.721951
v 58.348438 41.557884 58.267651
v 58.440613 44.916420 59.626991
v 32.202347 21.229706 43.148060
v 32.710541 21.335140 42.449230
v 32.974632 21.045063 41.966061
v 28.564753 22.825367 54.740017
v 28.695421 23.462683 53.564602
v 28.691826 22.647013 53.302937
v 28.740885 49.536503 59.018639
v 28.873081 53.221748 58.537594
v 28.695421 47.733665 59.151241
v 29.165569 61.558956 57.463570
v 29.229464 63.815815 57.176308
v 29.212885 60.190033 57.291004
v 41.020168 86.608795 40.288700
v 38.648552 86.924095 41.391289
v 36.448235 87.322357 42.784000
v 34.457382 87.796684 44.442673
v 32.710541 88.338829 46.338531
v 29.212885 96.082977 51.264137
v 30.065346 95.264389 48.909801
v 28.695421 96.931252 53.703876
v 28.589586 99.351974 53.881550
v 28.735415 95.573608 53.864815
v 28.910969 91.863777 53.978104
v 29.192425 84.947227 54.559868
v 29.076269 88.220795 54.222301
v 29.212885 90.273293 53.103214
v 29.212885 84.369652 54.613735
v 30.065346 83.819748 52.182564
v 29.331535 78.525688 55.340939
v 30.065346 77.977859 53.332771
v 29.361322 75.277763 55.740643
v 29.362036 72.296394 56.110313
v 29.308762 67.427773 56.719681
v 29.320108 68.108711 56.634029
v 30.065346 66.146767 54.642761
v 30.065346 72.080688 54.153698
v 30.065346 60.194759 54.798424
v 28.705704 48.479668 59.157284
v 28.603245 44.916420 59.626991
v 28.695421 41.557884 58.267651
v 28.521933 38.850857 60.434322
v 28.695421 29.403284 55.469933
v 29.212885 24.320204 51.128098
v 29.193209 22.279572 50.465351
v 28.901625 22.465017 51.877453
v 29.566114 22.090963 49.068863
v 30.065346 25.147707 48.776882
v 29.800468 21.988258 48.324543
v 30.295006 21.796804 46.966103
v 31.238012 25.930834 46.551746
v 31.497652 21.416981 44.376564
v 30.861403 21.606207 45.649731
v 32.710541 26.656002 44.491295
v 34.457382 22.093006 40.628830
v 34.350189 20.757139 40.177666
v 33.492268 20.931173 41.250874
v 36.447506 20.395107 38.017307
v 36.209595 20.432194 38.234299
v 36.448235 22.756052 39.036179
v 35.256680 20.590559 39.171871
v 37.207420 20.282816 37.365974
v 38.648552 23.312784 37.698902
v 38.249084 20.143286 36.568417
v 39.178417 20.031992 35.941322
v 41.020168 23.753538 36.640198
v 41.392906 19.813440 34.732441
v 40.274632 19.915827 35.295109
v 42.531784 19.725304 34.253098
v 29.637289 89.618919 51.860855
v 29.752113 89.730667 51.495956
v 29.884865 89.779137 51.117420
v 29.541496 89.447105 52.201618
v 29.465191 89.220177 52.508446
v 29.434521 89.088791 52.645596
v 29.408390 88.944664 52.772507
v 29.387236 88.791023 52.886135
v 29.370895 88.628479 52.986210
v 29.359343 88.458565 53.071911
v 29.352465 88.280731 53.143402
v 29.350344 88.097908 53.199379
v 29.352943 87.911415 53.239563
v 29.360258 87.722237 53.263802
v 29.372341 87.531166 53.271927
v 29.389210 87.340034 53.263794
v 29.410812 87.150917 53.239563
v 29.437931 86.960045 53.198238
v 29.468601 86.781601 53.143402
v 29.545902 86.433853 52.986210
v 29.642677 86.117668 52.772507
v 29.758448 85.842155 52.508446
v 29.892067 85.615227 52.201618
v 30.033585 89.762939 50.736137
v 31.271067 87.531754 48.771927
v 31.237331 87.721977 48.780033
v 31.238012 88.939400 48.438683
v 31.194529 87.912521 48.804482
v 31.144150 88.098122 48.844528
v 31.021269 88.457947 48.971664
v 30.874968 88.791107 49.157780
v 30.712248 89.088028 49.397526
v 30.540283 89.340157 49.684002
v 31.238012 94.489708 46.681713
v 30.365919 89.540253 50.008968
v 30.195295 89.682541 50.363075
v 31.311916 86.781029 48.900658
v 31.297792 86.604385 48.971664
v 32.710541 82.817429 47.751247
v 31.274063 86.433678 49.057743
v 31.241179 86.271225 49.157780
v 31.316353 86.964218 48.844528
v 31.310926 87.151306 48.804226
v 31.295813 87.340355 48.780033
v 30.882868 85.522087 50.008968
v 31.028143 85.722176 49.684002
v 31.238012 83.299332 49.881763
v 30.374748 85.283195 51.117420
v 30.549147 85.299393 50.736137
v 30.720810 85.379791 50.363075
v 30.041529 85.443420 51.860855
v 30.203800 85.331665 51.495956
v 31.149656 85.974304 49.397526
v 31.199133 86.116447 49.272335
v 28.521931 38.814762 60.439156
v 28.695421 35.441345 57.039261
v 28.521931 34.851715 59.600880
v 28.521931 28.670988 57.994473
v 28.521931 22.999998 56.187534
v 29.142977 60.830444 57.556618
v 29.212885 54.098946 57.108593
v 29.212885 48.027660 56.585026
v 29.212885 41.995270 55.721951
v 29.212885 36.020744 54.522079
v 29.212885 30.122873 52.989189
v 30.065346 54.243385 54.620197
v 30.065346 48.311363 54.108639
v 30.065346 42.417343 53.265362
v 30.065346 36.579861 52.093014
v 30.065346 30.817274 50.595284
v 31.238012 77.587234 51.006416
v 31.238012 71.821083 51.809105
v 31.238012 66.018997 52.287300
v 31.238012 60.199230 52.439507
v 31.238012 54.380085 52.265236
v 31.238012 48.579853 51.765045
v 31.238012 42.816784 50.940502
v 31.238012 37.108994 49.794201
v 31.238012 31.474438 48.329750
v 32.710541 77.225525 48.852238
v 32.710541 71.580688 49.638035
v 32.710541 65.900688 50.106171
v 32.710541 60.203373 50.255173
v 32.710541 54.506660 50.084572
v 32.710541 48.828472 49.594906
v 32.710541 43.186661 48.787712
v 32.710541 37.598969 47.665527
v 32.710541 32.082966 46.231888
v 34.457382 82.382408 45.827980
v 34.457382 76.898994 46.907608
v 34.457382 71.363686 47.678158
v 34.457382 65.793884 48.137211
v 34.457382 60.207111 48.283321
v 34.457382 54.620930 48.116032
v 34.457382 49.052910 47.635864
v 34.457382 43.520557 46.844334
v 34.457382 38.041279 45.743923
v 34.457382 32.632298 44.338097
v 34.457382 27.310629 42.631279
v 36.448235 82.001808 44.145329
v 36.448235 76.613319 45.206264
v 36.448235 71.173828 45.963478
v 36.448235 65.700447 46.414585
v 36.448235 60.210381 46.558167
v 36.448235 54.720898 46.393772
v 36.448235 49.249264 45.921917
v 36.448235 43.812683 45.144085
v 36.448235 38.428253 44.062725
v 36.448235 33.112907 42.681236
v 36.448235 27.883358 41.003963
v 38.648552 81.682243 42.732479
v 38.648552 76.373451 43.777725
v 38.648552 71.014412 44.523739
v 38.648552 65.621986 44.968174
v 38.648552 60.213127 45.109631
v 38.648552 54.804840 44.947666
v 38.648552 49.414135 44.482792
v 38.648552 44.057968 43.716465
v 38.648552 38.753178 42.651100
v 38.648552 33.516449 41.290043
v 38.648552 28.364252 39.637577
v 41.020168 81.429245 41.613953
v 41.020168 76.183548 42.646774
v 41.020168 70.888206 43.383923
v 41.020168 65.559875 43.823074
v 41.020168 60.215302 43.962849
v 41.020168 54.871292 43.802811
v 41.020168 49.544662 43.343460
v 41.020168 44.252155 42.586243
v 41.020168 39.010414 41.533539
v 41.020168 33.835930 40.188660
v 41.020168 28.744967 38.555836
v 55.817497 94.264503 60.931656
v 56.988914 95.022156 58.692520
v 43.521931 88.242043 69.013969
v 46.027275 88.371201 68.197540
v 48.402027 88.550758 67.062508
v 50.604862 88.777603 65.628616
v 52.597458 89.047775 63.920822
v 52.597458 91.008865 64.316811
v 54.345139 91.481674 62.397945
v 55.817497 92.005402 60.272419
v 57.839005 95.822632 56.326813
v 58.352978 99.435532 54.950909
v 57.839005 98.401794 57.323082
v 58.352978 96.652016 53.875698
v 57.830975 84.948181 54.636272
v 54.345139 89.356575 61.968842
v 55.817497 89.698631 59.806629
v 56.988914 92.570938 57.977219
v 56.988914 90.068001 57.471821
v 57.839005 93.168442 55.552280
v 57.839005 90.458244 55.005032
v 43.521931 86.688187 68.835190
v 46.027275 86.747818 68.010757
v 48.402027 86.830727 66.864601
v 50.604862 86.935471 65.416664
v 52.597458 87.060211 63.692139
v 54.345139 87.202797 61.721031
v 55.817497 87.360741 59.537636
v 56.988914 87.531281 57.179951
v 57.839005 87.711472 54.688992
v 56.978512 84.979286 57.128662
v 55.805847 85.008713 59.487400
v 54.333317 85.035965 61.671566
v 52.586475 85.060570 63.643265
v 50.595623 85.082100 65.368294
v 48.395306 85.100174 66.816719
v 46.023693 85.114479 67.963409
v 43.521931 85.124771 68.788483
v 34.446400 91.008865 64.316811
v 29.204855 87.711472 54.688992
v 29.204855 98.401794 57.323082
v 29.204855 95.822632 56.326813
v 31.226360 94.264503 60.931656
v 30.054945 95.022156 58.692520
v 31.226360 92.005402 60.272419
v 32.698719 91.481674 62.397945
v 36.438995 88.777603 65.628616
v 38.641834 88.550758 67.062508
v 41.016586 88.371201 68.197540
v 28.763603 96.958321 54.516876
v 28.690882 99.435532 54.950909
v 29.204855 93.168442 55.552280
v 30.054945 92.570938 57.977219
v 29.204855 90.458244 55.005032
v 30.054945 90.068001 57.471821
v 31.226360 89.698631 59.806629
v 32.698719 89.356575 61.968842
v 34.446400 89.047775 63.920822
v 30.054945 87.531281 57.179951
v 31.226360 87.360741 59.537636
v 32.698719 87.202797 61.721031
v 34.446400 87.060211 63.692139
v 36.438995 86.935471 65.416664
v 38.641834 86.830727 66.864601
v 41.016586 86.747818 68.010757
v 29.212885 84.948181 54.636272
v 30.065346 84.979286 57.128662
v 31.238012 85.008713 59.487400
v 32.710541 85.035965 61.671566
v 34.457382 85.060570 63.643265
v 36.448235 85.082100 65.368294
v 38.648552 85.100174 66.816719
v 41.020168 85.114479 67.963409
v 58.521931 37.187355 61.256317
v 58.521931 31.757214 64.241554
v 58.521931 26.508156 67.534798
v 58.521931 22.999998 69.981796
v 28.521931 22.999998 69.981796
v 28.521931 26.508156 67.534798
v 28.521931 31.757214 64.241554
v 28.521931 37.187355 61.256317
v 48.101124 21.103737 95.579338
v 45.867378 21.908287 96.247040
v 45.867378 19.611593 99.183159
v 52.745216 18.695034 93.009315
v 53.699188 19.101225 90.954338
v 53.804028 20.201918 89.560707
v 54.655880 19.551880 88.670914
v 57.673279 21.508404 78.465851
v 58.019436 21.874666 76.459091
v 58.092636 23.941513 74.414131
v 58.288136 22.249031 74.361992
v 58.438210 22.559322 72.583908
v 55.275810 24.785406 82.450722
v 56.721645 20.747795 82.516937
v 56.492817 23.395874 80.816452
v 57.240314 21.132536 80.485313
v 57.436543 21.919872 79.080490
v 57.830975 24.598427 75.283981
v 47.377247 16.996107 101.776314
v 48.464703 17.270214 100.324257
v 48.101124 18.769804 98.563057
v 49.544415 17.575663 98.729141
v 50.654472 17.925844 96.923340
v 43.521931 16.284384 105.673584
v 43.717987 16.310957 105.523964
v 43.521931 18.127535 102.663170
v 44.645992 16.450632 104.743393
v 45.200420 16.545069 104.220955
v 45.867378 17.488390 102.247078
v 43.521931 20.225626 99.635483
v 43.521931 22.495157 96.734093
v 43.521931 27.517666 91.348511
v 43.521931 24.928547 93.968689
v 45.867378 26.990906 90.797012
v 45.867378 24.370800 93.448540
v 48.101124 26.268761 90.040939
v 48.101124 23.606174 92.735466
v 50.189198 25.362213 89.091805
v 50.189198 22.646297 91.840294
v 52.099854 24.285044 87.964035
v 52.099854 21.505762 90.776649
v 53.804028 23.053635 86.674782
v 50.189198 20.093735 94.741135
v 52.099854 18.893648 93.745171
v 46.289211 16.754583 103.075722
v 51.727734 18.301636 95.004776
v 55.275810 21.686718 85.243645
v 55.429405 19.955975 86.611908
v 56.117931 20.355173 84.559700
v 53.804028 26.067347 83.958458
v 55.275810 28.040300 79.841522
v 43.521931 33.127979 86.578354
v 43.521931 30.253857 88.882324
v 45.867378 32.668365 85.969765
v 45.867378 29.759846 88.301300
v 48.101124 32.038273 85.135429
v 48.101124 29.082592 87.504768
v 50.189198 31.247280 84.088036
v 50.189198 28.232403 86.504837
v 52.099854 30.307419 82.843521
v 52.099854 27.222200 85.316704
v 53.804028 29.232979 81.420807
v 54.333317 28.838608 80.898598
v 57.436543 25.374296 76.311348
v 56.978512 26.100595 77.273064
v 56.492817 26.747520 78.129692
v 55.805847 27.522205 79.155495
v 29.602354 21.299120 79.594879
v 29.607315 21.919872 79.080490
v 29.394047 21.486185 78.586273
v 35.812241 18.123180 95.913879
v 36.753288 17.806877 97.534508
v 36.854660 20.093735 94.741135
v 37.725952 17.508772 99.076668
v 38.727676 17.230820 100.531639
v 38.942738 18.769804 98.563057
v 40.602863 16.786337 102.903687
v 41.511047 16.605642 103.887970
v 41.176483 17.488390 102.247078
v 42.424118 16.446363 104.767097
v 43.340694 16.308910 105.535469
v 39.756424 16.974941 101.889389
v 41.176483 19.611593 99.183159
v 33.021183 19.248295 90.210052
v 34.037262 18.802494 92.465469
v 34.944008 21.505762 90.776649
v 34.944008 18.893648 93.745171
v 34.905800 18.455696 94.222198
v 31.768049 21.686718 85.243645
v 31.398884 20.076393 85.995087
v 32.169773 19.661844 88.112045
v 30.711075 20.489521 83.863754
v 31.768049 24.785406 82.450722
v 30.551041 23.395874 80.816452
v 30.111412 20.897661 81.729454
v 28.605650 22.559322 72.583908
v 28.776318 22.215034 74.554512
v 28.951221 23.941513 74.414131
v 29.038933 21.857433 76.554451
v 29.212885 24.598427 75.283981
v 29.607315 25.374296 76.311348
v 30.065346 26.100595 77.273064
v 30.551041 26.747520 78.129692
v 31.238012 27.522205 79.155495
v 31.768049 28.040300 79.841522
v 33.239834 26.067347 83.958458
v 33.239834 29.232979 81.420807
v 32.710541 28.838608 80.898598
v 33.239834 20.201918 89.560707
v 33.239834 23.053635 86.674782
v 34.944008 24.285044 87.964035
v 34.944008 27.222200 85.316704
v 34.944008 30.307419 82.843521
v 36.854660 22.646297 91.840294
v 36.854660 25.362213 89.091805
v 36.854660 28.232403 86.504837
v 36.854660 31.247280 84.088036
v 38.942738 21.103737 95.579338
v 38.942738 23.606174 92.735466
v 38.942738 26.268761 90.040939
v 38.942738 29.082592 87.504768
v 38.942738 32.038273 85.135429
v 41.176483 21.908287 96.247040
v 41.176483 24.370800 93.448540
v 41.176483 26.990906 90.797012
v 41.176483 29.759846 88.301300
v 41.176483 32.668365 85.969765
v 57.830975 50.346653 61.128815
v 57.830975 61.604679 57.636227
v 56.978512 67.825584 58.832085
v 56.978512 73.507553 57.934669
v 58.348438 38.386757 63.595337
v 58.477623 22.681366 71.869934
v 58.348438 27.968765 69.720253
v 54.333317 33.313557 77.717461
v 52.586475 34.409237 79.356873
v 50.595623 35.367836 80.791191
v 48.395306 36.172729 81.995522
v 46.023693 36.809948 82.948967
v 43.521931 37.268444 83.634995
v 55.805847 32.099812 75.901375
v 43.521931 80.049065 68.998283
v 46.023693 79.991234 68.175179
v 48.395306 79.910858 67.031219
v 50.595623 79.809334 65.586243
v 52.586475 79.688423 63.865322
v 54.333317 79.550217 61.898319
v 55.805847 79.397125 59.719353
v 56.978512 79.231796 57.366234
v 43.521931 74.993889 69.500282
v 46.023693 74.888710 68.681877
v 48.395306 74.742538 67.544449
v 50.595623 74.557899 66.107727
v 52.586475 74.338005 64.396637
v 54.333317 74.086662 62.440872
v 55.805847 73.808235 60.274353
v 43.521931 69.976051 70.292801
v 46.023693 69.823875 69.481819
v 48.395306 69.612389 68.354706
v 50.595623 69.345253 66.931015
v 52.586475 69.027100 65.235451
v 54.333317 68.663452 63.297417
v 55.805847 68.260620 61.150547
v 43.521931 65.012222 71.373215
v 46.023693 64.813568 70.572357
v 48.395306 64.537468 69.459305
v 50.595623 64.188721 68.053375
v 52.586475 63.773369 66.378960
v 54.333317 63.298626 64.465111
v 55.805847 62.772724 62.345028
v 56.978512 62.204792 60.055492
v 56.978512 30.789059 73.940140
v 43.521931 60.118923 72.737923
v 46.023693 59.874439 71.949844
v 48.395306 59.534645 70.854561
v 50.595623 59.105446 69.471069
v 52.586475 58.594280 67.823372
v 54.333317 58.010021 65.940063
v 55.805847 57.362801 63.853821
v 56.978512 56.663853 61.600826
v 57.830975 55.925301 59.220169
v 43.521931 55.312416 74.382393
v 46.023693 55.022915 73.609718
v 48.395306 54.620556 72.535835
v 50.595623 54.112331 71.179382
v 52.586475 53.507050 69.563889
v 54.333317 52.815216 67.717392
v 55.805847 52.048828 65.671913
v 56.978512 51.221188 63.462944
v 43.521931 50.608673 76.301163
v 46.023693 50.275120 75.546448
v 48.395306 49.811539 74.497543
v 50.595623 49.225979 73.172638
v 52.586475 48.528591 71.594719
v 54.333317 47.731483 69.791161
v 55.805847 46.848480 67.793251
v 56.978512 45.894897 65.635666
v 57.830975 44.887287 63.355816
v 58.348438 43.843124 60.993271
v 57.830975 29.404030 71.867783
v 43.521931 46.023346 78.487839
v 46.023693 45.646847 77.753609
v 48.395306 45.123581 76.733162
v 50.595623 44.462631 75.444214
v 52.586475 43.675461 73.909111
v 54.333317 42.775726 72.154488
v 55.805847 41.779041 70.210800
v 56.978512 40.702690 68.111755
v 57.830975 39.565353 65.893768
v 43.521931 41.571667 80.935158
v 46.023693 41.153477 80.223854
v 48.395306 40.572266 79.235260
v 50.595623 39.838127 77.986549
v 52.586475 38.963787 76.499367
v 54.333317 37.964420 74.799522
v 55.805847 36.857365 72.916504
v 56.978512 35.661823 70.882980
v 57.830975 34.398540 68.734245
v 58.348438 33.089432 66.507553
v 38.648552 79.910858 67.031219
v 36.448235 79.809334 65.586243
v 34.457382 34.409237 79.356873
v 34.457382 79.688423 63.865322
v 32.710541 79.550217 61.898319
v 31.238012 79.397125 59.719353
v 28.566238 22.681366 71.869934
v 28.695421 27.968765 69.720253
v 28.695421 38.386757 63.595337
v 28.695421 43.843124 60.993271
v 29.212885 55.925301 59.220169
v 29.212885 50.346653 61.128815
v 29.212885 44.887287 63.355816
v 29.212885 61.604679 57.636227
v 30.065346 67.825584 58.832085
v 30.065346 62.204792 60.055492
v 30.065346 73.507553 57.934669
v 30.065346 79.231796 57.366234
v 28.695421 33.089432 66.507553
v 29.212885 39.565353 65.893768
v 29.212885 34.398540 68.734245
v 29.212885 29.404030 71.867783
v 30.065346 56.663853 61.600826
v 30.065346 51.221188 63.462944
v 30.065346 45.894897 65.635666
v 30.065346 40.702690 68.111755
v 30.065346 35.661823 70.882980
v 30.065346 30.789059 73.940140
v 31.238012 32.099812 75.901375
v 31.238012 36.857365 72.916504
v 31.238012 41.779041 70.210800
v 31.238012 46.848480 67.793251
v 31.238012 52.048828 65.671913
v 31.238012 57.362801 63.853821
v 31.238012 62.772724 62.345028
v 31.238012 68.260620 61.150547
v 31.238012 73.808235 60.274353
v 32.710541 74.086662 62.440872
v 32.710541 68.663452 63.297417
v 32.710541 63.298626 64.465111
v 32.710541 58.010021 65.940063
v 32.710541 52.815216 67.717392
v 32.710541 47.731483 69.791161
v 32.710541 42.775726 72.154488
v 32.710541 37.964420 74.799522
v 32.710541 33.313557 77.717461
v 34.457382 74.338005 64.396637
v 34.457382 69.027100 65.235451
v 34.457382 63.773369 66.378960
v 34.457382 58.594280 67.823372
v 34.457382 53.507050 69.563889
v 34.457382 48.528591 71.594719
v 34.457382 43.675461 73.909111
v 34.457382 38.963787 76.499367
v 36.448235 74.557899 66.107727
v 36.448235 69.345253 66.931015
v 36.448235 64.188721 68.053375
v 36.448235 59.105446 69.471069
v 36.448235 54.112331 71.179382
v 36.448235 49.225979 73.172638
v 36.448235 44.462631 75.444214
v 36.448235 39.838127 77.986549
v 36.448235 35.367836 80.791191
v 38.648552 74.742538 67.544449
v 38.648552 69.612389 68.354706
v 38.648552 64.537468 69.459305
v 38.648552 59.534645 70.854561
v 38.648552 54.620556 72.535835
v 38.648552 49.811539 74.497543
v 38.648552 45.123581 76.733162
v 38.648552 40.572266 79.235260
v 38.648552 36.172729 81.995522
v 41.020168 79.991234 68.175179
v 41.020168 74.888710 68.681877
v 41.020168 69.823875 69.481819
v 41.020168 64.813568 70.572357
v 41.020168 59.874439 71.949844
v 41.020168 55.022915 73.609718
v 41.020168 50.275120 75.546448
v 41.020168 45.646847 77.753609
v 41.020168 41.153477 80.223854
v 41.020168 36.809948 82.948967
v 50.521931 85.031166 58.521927
v 50.521931 85.031166 43.521927
v 48.292774 84.076591 58.521927
v 48.292774 84.076591 43.521927
v 45.938938 83.493675 58.521927
v 45.938938 83.493675 43.521927
v 43.521931 83.297668 58.521927
v 43.521931 83.297668 43.521927
v 41.104923 83.493675 58.521927
v 41.104923 83.493675 43.521927
v 38.751083 84.076591 58.521927
v 38.751083 84.076591 43.521927
v 36.521931 85.031166 58.521927
v 36.521931 85.031166 43.521927
v 36.521931 88.791107 49.157780
v 36.521931 88.457947 48.971664
v 36.521931 87.150917 53.239563
v 36.521931 87.531166 53.271927
v 36.521931 87.911415 53.239563
v 36.521931 89.682541 50.363075
v 36.521931 89.540253 50.008968
v 36.521931 88.098122 48.844528
v 36.521931 87.721977 48.780033
v 36.521931 87.340355 48.780033
v 36.521931 86.964218 48.844528
v 36.521931 85.443420 51.860855
v 36.521931 85.615227 52.201618
v 36.521931 85.842155 52.508446
v 36.521931 86.117668 52.772507
v 36.521931 86.433853 52.986210
v 36.521931 86.781601 53.143402
v 36.521931 88.280731 53.143402
v 36.521931 88.628479 52.986210
v 36.521931 88.944664 52.772507
v 36.521931 89.220177 52.508446
v 36.521931 89.447105 52.201618
v 36.521931 89.618919 51.860855
v 36.521931 86.604385 48.971664
v 36.521931 86.271225 49.157780
v 36.521931 85.974304 49.397526
v 36.521931 89.340157 49.684002
v 36.521931 89.088028 49.397526
v 36.521931 85.722176 49.684002
v 36.521931 85.522087 50.008968
v 36.521931 85.379791 50.363075
v 36.521931 89.730667 51.495956
v 36.521931 89.779137 51.117420
v 36.521931 89.762939 50.736137
v 36.521931 85.299393 50.736137
v 36.521931 85.283195 51.117420
v 36.521931 85.331665 51.495956
v 50.521931 87.150917 53.239563
v 50.521931 87.531166 53.271927
v 50.521931 87.911415 53.239563
v 50.521931 86.781601 53.143402
v 50.521931 86.433853 52.986210
v 50.521931 86.117668 52.772507
v 50.521931 85.842155 52.508446
v 50.521931 85.615227 52.201618
v 50.521931 85.443420 51.860855
v 50.521931 85.379791 50.363075
v 50.521931 85.522087 50.008968
v 50.521931 86.271225 49.157780
v 50.521931 86.604385 48.971664
v 50.521931 86.964218 48.844528
v 50.521931 87.340355 48.780033
v 50.521931 87.721977 48.780033
v 50.521931 88.098122 48.844528
v 50.521931 88.457947 48.971664
v 50.521931 88.791107 49.157780
v 50.521931 89.088028 49.397526
v 50.521931 89.618919 51.860855
v 50.521931 89.447105 52.201618
v 50.521931 89.220177 52.508446
v 50.521931 88.944664 52.772507
v 50.521931 88.628479 52.986210
v 50.521931 88.280731 53.143402
v 50.521931 85.722176 49.684002
v 50.521931 85.974304 49.397526
v 50.521931 89.340157 49.684002
v 50.521931 89.540253 50.008968
v 50.521931 89.682541 50.363075
v 50.521931 85.331665 51.495956
v 50.521931 85.283195 51.117420
v 50.521931 85.299393 50.736137
v 50.521931 89.762939 50.736137
v 50.521931 89.779137 51.117420
v 50.521931 89.730667 51.495956
v 83.293015 5.910129 101.504692
v 83.018661 5.910129 102.216217
v 1.042116 5.910129 86.578354
v 1.213126 5.910129 90.386215
v 1.377083 5.910129 91.902489
v 2.376698 5.910129 97.142654
v 1.724783 5.910129 94.163422
v 3.750846 5.910129 101.504692
v 2.572968 5.910129 97.879555
v 7.055186 5.910129 108.366219
v 6.296586 5.910129 107.043159
v 5.248941 5.910129 105.009659
v 4.025198 5.910129 102.216217
v 9.155039 5.910129 111.547363
v 11.531595 5.910129 114.527466
v 12.555478 5.910129 115.657791
v 20.119928 5.910129 122.030876
v 17.036200 5.910129 119.790405
v 16.444277 5.910129 119.309616
v 14.165716 5.910129 117.282547
v 26.826300 5.910129 125.639725
v 25.434904 5.910129 125.015244
v 23.392078 5.910129 123.985893
v 20.760107 5.910129 122.445251
v 30.394945 5.910129 126.979057
v 34.069283 5.910129 127.993111
v 35.562004 5.910129 128.305740
v 45.427780 5.910129 129.015396
v 41.616081 5.910129 129.015396
v 40.854599 5.910129 128.974350
v 37.819725 5.910129 128.673706
v 52.974579 5.910129 127.993111
v 51.481853 5.910129 128.305740
v 49.224133 5.910129 128.673706
v 46.189259 5.910129 128.974350
v 56.648914 5.910129 126.979057
v 60.217560 5.910129 125.639725
v 61.608955 5.910129 125.015244
v 66.283752 5.910129 122.445251
v 63.651783 5.910129 123.985893
v 70.007660 5.910129 119.790405
v 66.923935 5.910129 122.030876
v 75.512260 5.910129 114.527466
v 74.488380 5.910129 115.657791
v 72.878143 5.910129 117.282547
v 70.599579 5.910129 119.309616
v 77.888817 5.910129 111.547363
v 79.988670 5.910129 108.366219
v 80.747276 5.910129 107.043159
v 81.794914 5.910129 105.009659
v 84.470894 5.910129 97.879555
v 84.667160 5.910129 97.142654
v 85.319077 5.910129 94.163422
v 85.666779 5.910129 91.902489
v 86.001740 5.910129 86.578354
v 85.830734 5.910129 90.386215
v 1.042116 5.910129 43.521927
v 3.750846 5.910129 28.595591
v 4.025198 5.910129 27.884066
v 86.001740 5.910129 43.521927
v 85.830734 5.910129 39.714066
v 85.666779 5.910129 38.197796
v 83.293015 5.910129 28.595591
v 84.470894 5.910129 32.220734
v 84.667160 5.910129 32.957626
v 85.319077 5.910129 35.936863
v 79.988670 5.910129 21.734062
v 80.747276 5.910129 23.057121
v 81.794914 5.910129 25.090628
v 83.018661 5.910129 27.884066
v 77.888817 5.910129 18.552919
v 75.512260 5.910129 15.572814
v 74.488380 5.910129 14.442496
v 66.923935 5.910129 8.069411
v 70.007660 5.910129 10.309872
v 70.599579 5.910129 10.790668
v 72.878143 5.910129 12.817737
v 60.217560 5.910129 4.460558
v 61.608955 5.910129 5.085043
v 63.651783 5.910129 6.114393
v 66.283752 5.910129 7.655035
v 56.648914 5.910129 3.121223
v 52.974579 5.910129 2.107173
v 51.481853 5.910129 1.794551
v 41.616081 5.910129 1.084890
v 45.427780 5.910129 1.084890
v 46.189259 5.910129 1.125939
v 49.224133 5.910129 1.426566
v 34.069283 5.910129 2.107173
v 35.562004 5.910129 1.794551
v 37.819725 5.910129 1.426566
v 40.854599 5.910129 1.125939
v 30.394945 5.910129 3.121223
v 26.826300 5.910129 4.460558
v 25.434904 5.910129 5.085043
v 17.036200 5.910129 10.309872
v 20.119928 5.910129 8.069411
v 20.760107 5.910129 7.655035
v 23.392078 5.910129 6.114393
v 11.531595 5.910129 15.572814
v 12.555478 5.910129 14.442496
v 14.165716 5.910129 12.817737
v 16.444277 5.910129 10.790668
v 9.155039 5.910129 18.552919
v 7.055186 5.910129 21.734062
v 6.296586 5.910129 23.057121
v 5.248941 5.910129 25.090628
v 2.572968 5.910129 32.220734
v 2.376698 5.910129 32.957626
v 1.724783 5.910129 35.936863
v 1.377083 5.910129 38.197796
v 1.213126 5.910129 39.714066
v 36.479824 14.999997 12.668453
v 41.757584 14.999997 26.853382
v 39.273857 14.999997 12.161411
v 43.405869 14.999997 26.456394
v 42.102097 14.999997 11.906866
v 43.521931 14.999997 26.432743
v 44.941765 14.999997 11.906866
v 33.742493 14.999997 116.676369
v 36.479824 14.999997 117.431831
v 41.268200 14.999997 109.399933
v 47.770000 14.999997 12.161411
v 43.637993 14.999997 26.456394
v 50.564034 14.999997 12.668453
v 42.283520 14.999997 109.907455
v 39.273857 14.999997 117.938873
v 43.509991 14.999997 110.421112
v 42.102097 14.999997 118.193420
v 43.521931 14.999997 110.425575
v 44.941765 14.999997 118.193420
v 44.523899 14.999997 110.014969
v 47.770000 14.999997 117.938873
v 45.796410 14.999997 109.388794
v 50.564034 14.999997 117.431831
v 47.095619 14.999997 108.629921
v 53.301369 14.999997 116.676369
v 47.871815 14.999997 108.119354
v 65.990356 14.999997 50.421165
v 66.284073 14.999997 52.324100
v 75.168861 14.999997 43.521927
v 11.875000 14.999997 86.578354
v 20.878073 14.999997 75.555290
v 20.639139 14.999997 73.167419
v 20.581881 14.999997 54.246788
v 20.759783 14.999997 52.324100
v 11.875000 14.999997 43.521927
v 21.053503 14.999997 50.421165
v 65.582138 14.999997 48.540493
v 49.396122 14.999997 106.992599
v 55.959965 14.999997 115.678581
v 50.919373 14.999997 105.701447
v 58.518417 14.999997 114.446503
v 52.441811 14.999997 104.242447
v 60.956127 14.999997 112.990036
v 53.953407 14.999997 102.619820
v 63.253468 14.999997 111.320923
v 55.507492 14.999997 100.757553
v 65.391937 14.999997 109.452591
v 57.010056 14.999997 98.749443
v 23.586731 14.999997 86.498390
v 22.747206 14.999997 84.042168
v 22.034525 14.999997 81.553185
v 21.742893 14.999997 80.366226
v 21.245735 14.999997 77.954659
v 20.583961 14.999997 72.296234
v 20.521929 14.999997 69.981796
v 20.521929 14.999997 56.187534
v 12.002401 14.999997 40.685120
v 23.004238 14.999997 43.900646
v 12.383580 14.999997 37.871151
v 23.797192 14.999997 42.163433
v 13.015466 14.999997 35.102680
v 24.687943 14.999997 40.487873
v 13.892971 14.999997 32.401993
v 25.674513 14.999997 38.875652
v 15.009032 14.999997 29.790840
v 26.755713 14.999997 37.328899
v 16.354662 14.999997 27.290241
v 27.480404 14.999997 36.395210
v 17.919025 14.999997 24.920330
v 28.681492 14.999997 34.997372
v 19.689529 14.999997 22.700190
v 29.950583 14.999997 33.691006
v 21.651920 14.999997 20.647692
v 31.284662 14.999997 32.476574
v 23.790394 14.999997 18.779364
v 32.681614 14.999997 31.354816
v 26.087732 14.999997 17.110247
v 34.139946 14.999997 30.327085
v 28.525442 14.999997 15.653784
v 35.441013 14.999997 29.520824
v 31.083895 14.999997 14.421698
v 36.975716 14.999997 28.691700
v 33.742493 14.999997 13.423912
v 38.541298 14.999997 27.971214
v 40.135723 14.999997 27.358511
v 45.286278 14.999997 26.853382
v 46.908134 14.999997 27.358511
v 53.301369 14.999997 13.423912
v 48.502560 14.999997 27.971214
v 55.959965 14.999997 14.421698
v 50.068146 14.999997 28.691700
v 58.518417 14.999997 15.653784
v 51.602844 14.999997 29.520824
v 60.956127 14.999997 17.110247
v 52.903915 14.999997 30.327085
v 63.253468 14.999997 18.779364
v 54.362244 14.999997 31.354816
v 65.391937 14.999997 20.647692
v 55.759197 14.999997 32.476574
v 67.354332 14.999997 22.700190
v 57.093277 14.999997 33.691006
v 69.124832 14.999997 24.920330
v 58.362366 14.999997 34.997372
v 70.689201 14.999997 27.290241
v 59.563454 14.999997 36.395210
v 72.034828 14.999997 29.790840
v 60.288147 14.999997 37.328899
v 73.150887 14.999997 32.401993
v 61.369347 14.999997 38.875652
v 74.028397 14.999997 35.102680
v 62.355915 14.999997 40.487873
v 74.660278 14.999997 37.871151
v 63.246666 14.999997 42.163433
v 75.041458 14.999997 40.685120
v 66.459900 14.999997 72.296234
v 66.404724 14.999997 73.167419
v 75.168861 14.999997 86.578354
v 66.194618 14.999997 75.323029
v 65.818436 14.999997 77.840820
v 21.461720 14.999997 48.540493
v 21.983788 14.999997 46.685169
v 22.311884 14.999997 45.698238
v 64.039619 14.999997 43.900646
v 64.731979 14.999997 45.698238
v 65.060074 14.999997 46.685169
v 66.461975 14.999997 54.246788
v 66.521927 14.999997 56.187534
v 66.521927 14.999997 69.981796
v 12.002401 14.999997 89.415169
v 12.383580 14.999997 92.229134
v 24.549664 14.999997 88.917542
v 13.015466 14.999997 94.997604
v 25.628908 14.999997 91.285973
v 13.892971 14.999997 97.698288
v 26.820887 14.999997 93.598419
v 15.009032 14.999997 100.309441
v 28.243397 14.999997 96.044868
v 16.354662 14.999997 102.810043
v 29.459349 14.999997 97.921593
v 17.919025 14.999997 105.179955
v 30.728367 14.999997 99.704765
v 19.689529 14.999997 107.400101
v 32.045834 14.999997 101.390846
v 21.651920 14.999997 109.452591
v 33.407558 14.999997 102.975121
v 23.790394 14.999997 111.320923
v 34.809975 14.999997 104.451866
v 26.087732 14.999997 112.990036
v 36.250221 14.999997 105.814339
v 28.525442 14.999997 114.446503
v 37.435234 14.999997 106.822433
v 31.083895 14.999997 115.678581
v 38.706696 14.999997 107.792816
v 39.984993 14.999997 108.653046
v 67.354332 14.999997 107.400101
v 69.124832 14.999997 105.179955
v 58.434528 14.999997 96.628571
v 70.689201 14.999997 102.810043
v 59.770092 14.999997 94.410309
v 72.034828 14.999997 100.309441
v 61.109463 14.999997 91.905388
v 73.150887 14.999997 97.698288
v 62.192394 14.999997 89.611229
v 74.028397 14.999997 94.997604
v 63.156330 14.999997 87.292068
v 74.660278 14.999997 92.229134
v 64.001534 14.999997 84.952271
v 75.041458 14.999997 89.415169
v 64.727669 14.999997 82.595314
v 65.333817 14.999997 80.224045
v 85.576485 7.561069 43.521927
v 85.576485 7.561069 86.578354
v 84.901237 9.126477 43.521927
v 84.901237 9.126477 86.578354
v 83.992210 10.568742 43.521927
v 83.992210 10.568742 86.578354
v 82.871246 11.853226 43.521927
v 82.871246 11.853226 86.578354
v 81.565269 12.949068 43.521927
v 81.565269 12.949068 86.578354
v 80.105644 13.829958 43.521927
v 80.105644 13.829958 86.578354
v 78.527443 14.474724 43.521927
v 78.527443 14.474724 86.578354
v 76.868561 14.867887 43.521927
v 76.868561 14.867887 86.578354
v 84.900658 7.561069 36.012798
v 84.060966 7.561069 32.333866
v 81.411774 7.561069 25.275139
v 72.584267 7.561069 13.125111
v 69.742516 7.561069 10.642349
v 63.450268 7.561069 6.488871
v 49.167049 7.561069 1.847975
v 45.408699 7.561069 1.509715
v 37.876808 7.561069 1.847975
v 23.593592 7.561069 6.488871
v 20.354200 7.561069 8.424319
v 14.459595 7.561069 13.125111
v 5.632084 7.561069 25.275139
v 4.148986 7.561069 28.745014
v 2.143204 7.561069 36.012798
v 10.309540 14.867887 40.532757
v 10.711189 14.867887 37.567657
v 8.657336 14.474724 40.384056
v 9.078968 14.474724 37.271454
v 7.085487 13.829958 40.242588
v 7.526126 13.829958 36.989651
v 5.631741 12.949068 40.111748
v 6.089959 12.949068 36.729027
v 4.331019 11.853226 39.994682
v 4.804969 11.853226 36.495834
v 3.214568 10.568742 39.894199
v 3.702022 10.568742 36.295681
v 2.309203 9.126477 39.812714
v 2.807602 9.126477 36.133369
v 1.636673 7.561069 39.752186
v 18.409531 14.867887 21.581886
v 20.477316 14.867887 19.419153
v 17.160276 14.474724 20.490446
v 19.330927 14.474724 18.220123
v 15.971774 13.829958 19.452082
v 18.240288 13.829958 17.079403
v 14.872575 12.949068 18.491741
v 17.231598 12.949068 16.024395
v 13.889080 11.853226 17.632486
v 16.329086 11.853226 15.080442
v 13.044914 10.568742 16.894960
v 15.554428 10.568742 14.270216
v 12.360353 9.126477 16.296879
v 14.926236 9.126477 13.613175
v 11.851844 7.561069 15.852606
v 36.101604 14.867887 11.011362
v 39.045700 14.867887 10.477088
v 35.732471 14.474724 9.394075
v 38.823025 14.474724 8.833222
v 35.381287 13.829958 7.855438
v 38.611176 13.829958 7.269300
v 35.056488 12.949068 6.432414
v 38.415249 12.949068 5.822889
v 34.765881 11.853226 5.159177
v 38.239941 11.853226 4.528731
v 34.516445 10.568742 4.066319
v 38.089470 10.568742 3.417909
v 34.314167 9.126477 3.180087
v 37.967449 9.126477 2.517112
v 34.163910 7.561069 2.521765
v 56.627991 14.867887 12.858770
v 59.323856 14.867887 14.157031
v 57.279972 14.474724 11.333384
v 60.109943 14.474724 12.696229
v 57.900246 13.829958 9.882182
v 60.857807 13.829958 11.306468
v 58.473915 12.949068 8.540019
v 61.549477 12.949068 10.021132
v 58.987198 11.853226 7.339135
v 62.168339 11.853226 8.871094
v 59.427765 10.568742 6.308377
v 62.699528 10.568742 7.883977
v 59.785034 9.126477 5.472504
v 63.130287 9.126477 7.083494
v 60.050423 7.561069 4.851594
v 72.148308 14.867887 26.418463
v 73.566208 14.867887 29.053366
v 73.572372 14.474724 25.567625
v 75.060806 14.474724 28.333605
v 74.927177 13.829958 24.758163
v 76.482719 13.829958 27.648848
v 76.180191 12.949068 24.009525
v 77.797798 12.949068 27.015541
v 77.301308 11.853226 23.339691
v 78.974442 11.853226 26.448898
v 78.263596 10.568742 22.764748
v 79.984390 10.568742 25.962530
v 79.043945 9.126477 22.298512
v 80.803398 9.126477 25.568119
v 79.623611 7.561069 21.952175
v 10.175295 14.867887 43.521927
v 8.516416 14.474724 43.521927
v 6.938211 13.829958 43.521927
v 5.478587 12.949068 43.521927
v 4.172612 11.853226 43.521927
v 3.051646 10.568742 43.521927
v 2.142623 9.126477 43.521927
v 1.467373 7.561069 43.521927
v 2.982896 7.561069 32.333866
v 3.633812 9.126477 32.513508
v 4.510078 10.568742 32.755341
v 5.590648 11.853226 33.053558
v 6.849561 12.949068 33.400997
v 8.256584 13.829958 33.789310
v 9.777915 14.474724 34.209171
v 11.377010 14.867887 34.650494
v 12.301648 14.867887 31.804760
v 10.748547 14.474724 31.221870
v 9.270977 13.829958 30.667330
v 7.904429 12.949068 30.154455
v 6.681726 11.853226 29.695568
v 5.632240 10.568742 29.301689
v 4.781179 9.126477 28.982281
v 6.240461 9.126477 25.568119
v 7.059466 10.568742 25.962530
v 8.069418 11.853226 26.448898
v 9.246062 12.949068 27.015541
v 10.561138 13.829958 27.648848
v 11.983052 14.474724 28.333605
v 13.477650 14.867887 29.053366
v 7.420246 7.561069 21.952175
v 7.999912 9.126477 22.298512
v 8.780263 10.568742 22.764748
v 9.742555 11.853226 23.339691
v 10.863669 12.949068 24.009525
v 12.116682 13.829958 24.758163
v 13.471488 14.474724 25.567625
v 14.895551 14.867887 26.418463
v 16.543936 14.867887 23.921268
v 15.201874 14.474724 22.946203
v 13.925079 13.829958 22.018557
v 12.744220 12.949068 21.160614
v 11.687662 11.853226 20.392979
v 10.780782 10.568742 19.734093
v 10.045364 9.126477 19.199781
v 9.499077 7.561069 18.802879
v 17.301342 7.561069 10.642349
v 17.722353 9.126477 11.170283
v 18.289122 10.568742 11.880986
v 18.988029 11.853226 12.757391
v 19.802294 12.949068 13.778448
v 20.712353 13.829958 14.919623
v 21.696348 14.474724 16.153515
v 22.730642 14.867887 17.450480
v 25.151369 14.867887 15.691718
v 24.237497 14.474724 14.307261
v 23.368071 13.829958 12.990136
v 22.563969 12.949068 11.771974
v 21.844507 11.853226 10.682039
v 21.226973 10.568742 9.746511
v 20.726194 9.126477 8.987863
v 23.913572 9.126477 7.083494
v 24.344330 10.568742 7.883977
v 24.875521 11.853226 8.871094
v 25.494381 12.949068 10.021132
v 26.186050 13.829958 11.306468
v 26.933914 14.474724 12.696229
v 27.720005 14.867887 14.157031
v 26.993435 7.561069 4.851594
v 27.258827 9.126477 5.472504
v 27.616095 10.568742 6.308377
v 28.056662 11.853226 7.339135
v 28.569944 12.949068 8.540019
v 29.143612 13.829958 9.882182
v 29.763887 14.474724 11.333384
v 30.415867 14.867887 12.858770
v 33.217251 14.867887 11.807393
v 32.704632 14.474724 10.229707
v 32.216938 13.829958 8.728743
v 31.765890 12.949068 7.340561
v 31.362322 11.853226 6.098501
v 31.015924 10.568742 5.032402
v 30.735020 9.126477 4.167866
v 30.526358 7.561069 3.525667
v 41.635159 7.561069 1.509715
v 41.665455 9.126477 2.184287
v 41.706238 10.568742 3.092397
v 41.756531 11.853226 4.212231
v 41.815121 12.949068 5.516894
v 41.880608 13.829958 6.975047
v 41.951412 14.474724 8.551661
v 42.025837 14.867887 10.208871
v 45.018021 14.867887 10.208871
v 45.092445 14.474724 8.551661
v 45.163254 13.829958 6.975047
v 45.228737 12.949068 5.516894
v 45.287331 11.853226 4.212231
v 45.337624 10.568742 3.092397
v 45.378407 9.126477 2.184287
v 49.076408 9.126477 2.517112
v 48.954388 10.568742 3.417909
v 48.803917 11.853226 4.528731
v 48.628613 12.949068 5.822889
v 48.432682 13.829958 7.269300
v 48.220833 14.474724 8.833222
v 47.998158 14.867887 10.477088
v 52.879948 7.561069 2.521765
v 52.729691 9.126477 3.180087
v 52.527416 10.568742 4.066319
v 52.277977 11.853226 5.159177
v 51.987370 12.949068 6.432414
v 51.662571 13.829958 7.855438
v 51.311390 14.474724 9.394075
v 50.942253 14.867887 11.011362
v 53.826607 14.867887 11.807393
v 54.339230 14.474724 10.229707
v 54.826920 13.829958 8.728743
v 55.277969 12.949068 7.340561
v 55.681538 11.853226 6.098501
v 56.027935 10.568742 5.032402
v 56.308838 9.126477 4.167866
v 56.517502 7.561069 3.525667
v 66.689659 7.561069 8.424319
v 66.317665 9.126477 8.987863
v 65.816887 10.568742 9.746511
v 65.199348 11.853226 10.682039
v 64.479889 12.949068 11.771974
v 63.675789 13.829958 12.990136
v 62.806362 14.474724 14.307261
v 61.892490 14.867887 15.691718
v 64.313217 14.867887 17.450480
v 65.347511 14.474724 16.153515
v 66.331505 13.829958 14.919623
v 67.241562 12.949068 13.778448
v 68.055832 11.853226 12.757391
v 68.754738 10.568742 11.880986
v 69.321503 9.126477 11.170283
v 72.117622 9.126477 13.613175
v 71.489433 10.568742 14.270216
v 70.714775 11.853226 15.080442
v 69.812263 12.949068 16.024395
v 68.803574 13.829958 17.079403
v 67.712936 14.474724 18.220123
v 66.566544 14.867887 19.419153
v 75.192017 7.561069 15.852606
v 74.683510 9.126477 16.296879
v 73.998947 10.568742 16.894960
v 73.154778 11.853226 17.632486
v 72.171288 12.949068 18.491741
v 71.072083 13.829958 19.452082
v 69.883583 14.474724 20.490446
v 68.634331 14.867887 21.581886
v 70.499924 14.867887 23.921268
v 71.841988 14.474724 22.946203
v 73.118782 13.829958 22.018557
v 74.299637 12.949068 21.160614
v 75.356194 11.853226 20.392979
v 76.263077 10.568742 19.734093
v 76.998497 9.126477 19.199781
v 77.544785 7.561069 18.802879
v 82.894875 7.561069 28.745014
v 82.262680 9.126477 28.982281
v 81.411621 10.568742 29.301689
v 80.362137 11.853226 29.695568
v 79.139427 12.949068 30.154455
v 77.772881 13.829958 30.667330
v 76.295311 14.474724 31.221870
v 74.742210 14.867887 31.804760
v 75.666847 14.867887 34.650494
v 77.265945 14.474724 34.209171
v 78.787277 13.829958 33.789310
v 80.194298 12.949068 33.400997
v 81.453209 11.853226 33.053558
v 82.533783 10.568742 32.755341
v 83.410049 9.126477 32.513508
v 84.236259 9.126477 36.133369
v 83.341835 10.568742 36.295681
v 82.238892 11.853226 36.495834
v 80.953903 12.949068 36.729027
v 79.517731 13.829958 36.989651
v 77.964890 14.474724 37.271454
v 76.332672 14.867887 37.567657
v 85.407188 7.561069 39.752186
v 84.734657 9.126477 39.812714
v 83.829292 10.568742 39.894199
v 82.712837 11.853226 39.994682
v 81.412117 12.949068 40.111748
v 79.958374 13.829958 40.242588
v 78.386520 14.474724 40.384056
v 76.734322 14.867887 40.532757
v 2.143204 7.561069 94.087486
v 2.982896 7.561069 97.766418
v 5.632084 7.561069 104.825150
v 14.459595 7.561069 116.975174
v 17.301342 7.561069 119.457932
v 23.593592 7.561069 123.611412
v 37.876808 7.561069 128.252304
v 41.635159 7.561069 128.590561
v 49.167049 7.561069 128.252304
v 63.450268 7.561069 123.611412
v 66.689659 7.561069 121.675964
v 72.584267 7.561069 116.975174
v 81.411774 7.561069 104.825150
v 82.894875 7.561069 101.355270
v 84.900658 7.561069 94.087486
v 76.734322 14.867887 89.567528
v 76.332672 14.867887 92.532631
v 78.386520 14.474724 89.716225
v 77.964890 14.474724 92.828835
v 79.958374 13.829958 89.857697
v 79.517731 13.829958 93.110634
v 81.412117 12.949068 89.988533
v 80.953903 12.949068 93.371254
v 82.712837 11.853226 90.105598
v 82.238892 11.853226 93.604446
v 83.829292 10.568742 90.206085
v 83.341835 10.568742 93.804604
v 84.734657 9.126477 90.287567
v 84.236259 9.126477 93.966919
v 85.407188 7.561069 90.348099
v 68.634331 14.867887 108.518394
v 66.566544 14.867887 110.681137
v 69.883583 14.474724 109.609840
v 67.712936 14.474724 111.880165
v 71.072083 13.829958 110.648201
v 68.803574 13.829958 113.020882
v 72.171288 12.949068 111.608543
v 69.812263 12.949068 114.075890
v 73.154778 11.853226 112.467796
v 70.714775 11.853226 115.019836
v 73.998947 10.568742 113.205322
v 71.489433 10.568742 115.830070
v 74.683510 9.126477 113.803406
v 72.117622 9.126477 116.487106
v 75.192017 7.561069 114.247673
v 50.942253 14.867887 119.088921
v 47.998158 14.867887 119.623192
v 51.311390 14.474724 120.706215
v 48.220833 14.474724 121.267059
v 51.662571 13.829958 122.244843
v 48.432682 13.829958 122.830986
v 51.987370 12.949068 123.667870
v 48.628613 12.949068 124.277397
v 52.277977 11.853226 124.941109
v 48.803917 11.853226 125.571556
v 52.527416 10.568742 126.033966
v 48.954388 10.568742 126.682373
v 52.729691 9.126477 126.920197
v 49.076408 9.126477 127.583176
v 52.879948 7.561069 127.578514
v 30.415867 14.867887 117.241516
v 27.720005 14.867887 115.943260
v 29.763887 14.474724 118.766899
v 26.933914 14.474724 117.404053
v 29.143612 13.829958 120.218102
v 26.186050 13.829958 118.793816
v 28.569944 12.949068 121.560265
v 25.494381 12.949068 120.079147
v 28.056662 11.853226 122.761147
v 24.875521 11.853226 121.229187
v 27.616095 10.568742 123.791908
v 24.344330 10.568742 122.216309
v 27.258827 9.126477 124.627777
v 23.913572 9.126477 123.016792
v 26.993435 7.561069 125.248688
v 14.895551 14.867887 103.681824
v 13.477650 14.867887 101.046921
v 13.471488 14.474724 104.532661
v 11.983052 14.474724 101.766678
v 12.116682 13.829958 105.342117
v 10.561138 13.829958 102.451439
v 10.863669 12.949068 106.090759
v 9.246062 12.949068 103.084740
v 9.742555 11.853226 106.760597
v 8.069418 11.853226 103.651382
v 8.780263 10.568742 107.335533
v 7.059466 10.568742 104.137749
v 7.999912 9.126477 107.801773
v 6.240461 9.126477 104.532166
v 7.420246 7.561069 108.148109
v 84.060966 7.561069 97.766418
v 83.410049 9.126477 97.586777
v 82.533783 10.568742 97.344940
v 81.453209 11.853226 97.046722
v 80.194298 12.949068 96.699287
v 78.787277 13.829958 96.310974
v 77.265945 14.474724 95.891113
v 75.666847 14.867887 95.449791
v 74.742210 14.867887 98.295525
v 76.295311 14.474724 98.878410
v 77.772881 13.829958 99.432953
v 79.139427 12.949068 99.945831
v 80.362137 11.853226 100.404716
v 81.411621 10.568742 100.798599
v 82.262680 9.126477 101.118004
v 80.803398 9.126477 104.532166
v 79.984390 10.568742 104.137749
v 78.974442 11.853226 103.651382
v 77.797798 12.949068 103.084740
v 76.482719 13.829958 102.451439
v 75.060806 14.474724 101.766678
v 73.566208 14.867887 101.046921
v 79.623611 7.561069 108.148109
v 79.043945 9.126477 107.801773
v 78.263596 10.568742 107.335533
v 77.301308 11.853226 106.760597
v 76.180191 12.949068 106.090759
v 74.927177 13.829958 105.342117
v 73.572372 14.474724 104.532661
v 72.148308 14.867887 103.681824
v 70.499924 14.867887 106.179016
v 71.841988 14.474724 107.154083
v 73.118782 13.829958 108.081726
v 74.299637 12.949068 108.939674
v 75.356194 11.853226 109.707306
v 76.263077 10.568742 110.366188
v 76.998497 9.126477 110.900505
v 77.544785 7.561069 111.297401
v 69.742516 7.561069 119.457932
v 69.321503 9.126477 118.930000
v 68.754738 10.568742 118.219299
v 68.055832 11.853226 117.342896
v 67.241562 12.949068 116.321838
v 66.331505 13.829958 115.180656
v 65.347511 14.474724 113.946770
v 64.313217 14.867887 112.649803
v 61.892490 14.867887 114.408562
v 62.806362 14.474724 115.793022
v 63.675789 13.829958 117.110153
v 64.479889 12.949068 118.328316
v 65.199348 11.853226 119.418243
v 65.816887 10.568742 120.353767
v 66.317665 9.126477 121.112419
v 63.130287 9.126477 123.016792
v 62.699528 10.568742 122.216309
v 62.168339 11.853226 121.229187
v 61.549477 12.949068 120.079147
v 60.857807 13.829958 118.793816
v 60.109943 14.474724 117.404053
v 59.323856 14.867887 115.943260
v 60.050423 7.561069 125.248688
v 59.785034 9.126477 124.627777
v 59.427765 10.568742 123.791908
v 58.987198 11.853226 122.761147
v 58.473915 12.949068 121.560265
v 57.900246 13.829958 120.218102
v 57.279972 14.474724 118.766899
v 56.627991 14.867887 117.241516
v 53.826607 14.867887 118.292885
v 54.339230 14.474724 119.870575
v 54.826920 13.829958 121.371544
v 55.277969 12.949068 122.759727
v 55.681538 11.853226 124.001785
v 56.027935 10.568742 125.067886
v 56.308838 9.126477 125.932411
v 56.517502 7.561069 126.574615
v 45.408699 7.561069 128.590561
v 45.378407 9.126477 127.916000
v 45.337624 10.568742 127.007889
v 45.287331 11.853226 125.888054
v 45.228737 12.949068 124.583389
v 45.163254 13.829958 123.125237
v 45.092445 14.474724 121.548622
v 45.018021 14.867887 119.891418
v 42.025837 14.867887 119.891418
v 41.951412 14.474724 121.548622
v 41.880608 13.829958 123.125237
v 41.815121 12.949068 124.583389
v 41.756531 11.853226 125.888054
v 41.706238 10.568742 127.007889
v 41.665455 9.126477 127.916000
v 37.967449 9.126477 127.583176
v 38.089470 10.568742 126.682373
v 38.239941 11.853226 125.571556
v 38.415249 12.949068 124.277397
v 38.611176 13.829958 122.830986
v 38.823025 14.474724 121.267059
v 39.045700 14.867887 119.623192
v 34.163910 7.561069 127.578514
v 34.314167 9.126477 126.920197
v 34.516445 10.568742 126.033966
v 34.765881 11.853226 124.941109
v 35.056488 12.949068 123.667870
v 35.381287 13.829958 122.244843
v 35.732471 14.474724 120.706215
v 36.101604 14.867887 119.088921
v 33.217251 14.867887 118.292885
v 32.704632 14.474724 119.870575
v 32.216938 13.829958 121.371544
v 31.765890 12.949068 122.759727
v 31.362322 11.853226 124.001785
v 31.015924 10.568742 125.067886
v 30.735020 9.126477 125.932411
v 30.526358 7.561069 126.574615
v 20.354200 7.561069 121.675964
v 20.726194 9.126477 121.112419
v 21.226973 10.568742 120.353767
v 21.844507 11.853226 119.418243
v 22.563969 12.949068 118.328316
v 23.368071 13.829958 117.110153
v 24.237497 14.474724 115.793022
v 25.151369 14.867887 114.408562
v 22.730642 14.867887 112.649803
v 21.696348 14.474724 113.946770
v 20.712353 13.829958 115.180656
v 19.802294 12.949068 116.321838
v 18.988029 11.853226 117.342896
v 18.289122 10.568742 118.219299
v 17.722353 9.126477 118.930000
v 14.926236 9.126477 116.487106
v 15.554428 10.568742 115.830070
v 16.329086 11.853226 115.019836
v 17.231598 12.949068 114.075890
v 18.240288 13.829958 113.020882
v 19.330927 14.474724 111.880165
v 20.477316 14.867887 110.681137
v 11.851844 7.561069 114.247673
v 12.360353 9.126477 113.803406
v 13.044914 10.568742 113.205322
v 13.889080 11.853226 112.467796
v 14.872575 12.949068 111.608543
v 15.971774 13.829958 110.648201
v 17.160276 14.474724 109.609840
v 18.409531 14.867887 108.518394
v 16.543936 14.867887 106.179016
v 15.201874 14.474724 107.154083
v 13.925079 13.829958 108.081726
v 12.744220 12.949068 108.939674
v 11.687662 11.853226 109.707306
v 10.780782 10.568742 110.366188
v 10.045364 9.126477 110.900505
v 9.499077 7.561069 111.297401
v 4.148986 7.561069 101.355270
v 4.781179 9.126477 101.118004
v 5.632240 10.568742 100.798599
v 6.681726 11.853226 100.404716
v 7.904429 12.949068 99.945831
v 9.270977 13.829958 99.432953
v 10.748547 14.474724 98.878410
v 12.301648 14.867887 98.295525
v 11.377010 14.867887 95.449791
v 9.777915 14.474724 95.891113
v 8.256584 13.829958 96.310974
v 6.849561 12.949068 96.699287
v 5.590648 11.853226 97.046722
v 4.510078 10.568742 97.344940
v 3.633812 9.126477 97.586777
v 2.807602 9.126477 93.966919
v 3.702022 10.568742 93.804604
v 4.804969 11.853226 93.604446
v 6.089959 12.949068 93.371254
v 7.526126 13.829958 93.110634
v 9.078968 14.474724 92.828835
v 10.711189 14.867887 92.532631
v 1.636673 7.561069 90.348099
v 2.309203 9.126477 90.287567
v 3.214568 10.568742 90.206085
v 4.331019 11.853226 90.105598
v 5.631741 12.949068 89.988533
v 7.085487 13.829958 89.857697
v 8.657336 14.474724 89.716225
v 10.309540 14.867887 89.567528
v 10.175295 14.867887 86.578354
v 8.516416 14.474724 86.578354
v 6.938211 13.829958 86.578354
v 5.478587 12.949068 86.578354
v 4.172612 11.853226 86.578354
v 3.051646 10.568742 86.578354
v 2.142623 9.126477 86.578354
v 1.467373 7.561069 86.578354
v 23.020882 15.364758 72.992966
v 21.976471 15.113174 73.069466
v 22.170809 15.106834 75.391495
v 24.143332 15.812874 72.910751
v 23.275965 15.449509 72.974281
v 23.429018 15.424498 75.232063
v 25.185432 16.425781 72.834419
v 24.500849 15.999485 72.884567
v 24.619091 15.944496 75.081268
v 26.123291 17.189428 72.765732
v 25.616467 16.747534 72.802849
v 25.709244 16.652945 74.943138
v 26.935404 18.086308 72.706245
v 26.591255 17.672499 72.731453
v 26.670357 17.530922 74.821358
v 27.603151 19.095854 72.657333
v 27.397627 18.748201 72.672386
v 27.476761 18.554974 74.719177
v 28.763493 20.621166 76.603935
v 28.543993 20.928734 74.583946
v 28.106918 19.697756 74.639328
v 43.521931 15.000023 110.403473
v 43.521931 15.385993 107.773773
v 43.521931 15.548862 107.271690
v 43.507164 15.548348 107.266312
v 43.521931 15.557267 107.248100
v 43.521931 15.753199 106.744858
v 42.916935 15.800673 106.325623
v 43.132687 16.040337 105.923325
v 43.521931 16.002018 106.201775
v 43.521931 15.360527 107.861794
v 43.521931 15.375588 107.809349
v 43.310505 15.382145 107.690781
v 42.182240 16.150330 105.152451
v 41.236900 16.277969 104.269691
v 40.298344 16.423014 103.280411
v 39.425396 16.574688 102.259956
v 38.367146 16.780935 100.892403
v 37.340019 17.005592 99.425072
v 36.346382 17.247282 97.867844
v 35.389088 17.504583 96.229408
v 34.471424 17.776064 94.517235
v 33.596970 18.060320 92.737480
v 32.581287 18.427462 90.450447
v 31.737822 18.769875 88.321648
v 30.981932 19.114975 86.172989
v 30.315901 19.460831 84.009895
v 29.744354 19.804508 81.844727
v 29.269295 20.144608 79.681068
v 29.078960 20.303804 78.659576
v 41.930244 15.885826 105.553917
v 40.949780 15.984770 104.669487
v 39.977425 16.097370 103.677429
v 39.074173 16.215309 102.653122
v 37.980904 16.375992 101.278893
v 36.921921 16.551447 99.802505
v 35.899837 16.740702 98.233658
v 34.917774 16.942770 96.580849
v 33.979282 17.156639 94.851517
v 33.088196 17.381329 93.051796
v 32.058128 17.672726 90.736343
v 31.207930 17.945732 88.578773
v 30.451427 18.222141 86.399353
v 29.790798 18.500473 84.204079
v 29.230469 18.778410 82.006111
v 28.772181 19.054842 79.809700
v 28.591629 19.184727 78.772949
v 28.299326 19.444614 76.687332
v 42.694336 15.590910 106.740692
v 41.669296 15.654076 105.969650
v 40.651154 15.727550 105.085304
v 39.641937 15.811272 104.092468
v 38.704987 15.899084 103.066399
v 37.571747 16.018923 101.688309
v 36.475075 16.150049 100.205902
v 35.417774 16.291809 98.628563
v 34.403175 16.443539 96.964577
v 33.435047 16.604561 95.221184
v 32.517452 16.774216 93.404396
v 31.459270 16.994987 91.063614
v 30.588587 17.202623 88.879303
v 29.816736 17.413654 86.670158
v 29.145908 17.626993 84.442566
v 28.580534 17.840900 82.210220
v 28.122282 18.054537 79.977875
v 27.943491 18.155228 78.923729
v 27.658083 18.357321 76.802544
v 28.447958 21.358295 72.595451
v 28.419279 21.226679 72.597557
v 28.111219 20.194918 72.620117
v 28.012770 19.944206 72.627327
v 26.855862 17.386578 76.946686
v 27.149769 17.239481 79.108383
v 27.334339 17.166372 80.181770
v 27.808189 17.011654 82.452774
v 28.393681 16.857260 84.720749
v 29.089064 16.703785 86.980652
v 29.889727 16.552464 89.218430
v 30.793369 16.404043 91.427513
v 31.892031 16.246737 93.790779
v 32.844986 16.126194 95.621964
v 33.850605 16.012058 97.376610
v 34.904633 15.904743 99.048927
v 36.003136 15.804686 100.631950
v 37.142632 15.712310 102.117699
v 38.320187 15.628029 103.497162
v 39.293812 15.566360 104.523148
v 40.342552 15.507631 105.515007
v 41.400593 15.456143 106.397743
v 42.465813 15.411921 107.166809
v 25.912802 16.556759 77.116127
v 26.229095 16.458988 79.322563
v 26.426218 16.410492 80.416763
v 26.929646 16.308065 82.728683
v 27.548639 16.206127 85.033249
v 28.281254 16.105062 87.325325
v 29.122551 16.005680 89.590698
v 30.070049 15.908442 91.822800
v 31.219938 15.805643 94.205994
v 32.215908 15.727051 96.049255
v 33.265774 15.652776 97.812698
v 34.365147 15.583064 99.490875
v 35.509968 15.518177 101.077156
v 36.696659 15.458364 102.563965
v 37.922218 15.403863 103.942657
v 38.935036 15.364032 104.966995
v 40.025566 15.326138 105.956390
v 41.125374 15.292942 106.836212
v 42.232315 15.264452 107.602203
v 43.109894 15.245281 108.123779
v 43.521931 15.155241 108.739395
v 24.852579 15.888691 77.306618
v 25.203087 15.832078 79.561249
v 25.418510 15.804037 80.677521
v 25.963333 15.744903 83.032150
v 26.627100 15.686173 85.374039
v 27.407570 15.628066 87.698120
v 28.299364 15.571035 89.990143
v 29.299765 15.515343 92.243752
v 30.509771 15.456579 94.644722
v 31.555058 15.411735 96.498123
v 32.654724 15.369411 98.268341
v 33.804283 15.329744 99.950325
v 34.999599 15.292871 101.537895
v 36.237049 15.258920 103.023872
v 37.513615 15.228018 104.400063
v 38.567669 15.205454 105.421471
v 39.701813 15.184000 106.407188
v 40.844906 15.165225 107.283051
v 41.994812 15.149117 108.045059
v 42.906101 15.138280 108.563652
v 23.701811 15.399143 77.513374
v 24.095837 15.373461 79.818848
v 24.334070 15.360754 80.958138
v 24.929533 15.333984 83.356812
v 25.646856 15.307438 85.736542
v 26.483433 15.281208 88.092430
v 27.433359 15.255496 90.410370
v 28.493649 15.230429 92.684280
v 29.770615 15.204009 95.101364
v 30.870052 15.183873 96.963402
v 32.023769 15.164889 98.738823
v 33.227215 15.147116 100.423065
v 34.476212 15.130610 102.010391
v 35.767128 15.115421 103.494095
v 37.096973 15.101608 104.866463
v 38.193813 15.091531 105.883972
v 39.372955 15.081953 106.865097
v 40.560474 15.073571 107.736198
v 41.754292 15.066385 108.493546
v 42.699909 15.061554 109.008698
v 43.521931 15.015348 109.895714
v 22.489384 15.100416 77.731216
v 22.933342 15.093915 80.089287
v 23.197481 15.090700 81.252251
v 23.849939 15.083935 83.695854
v 24.626835 15.077229 86.113747
v 25.525160 15.070610 88.501312
v 26.538424 15.064128 90.844635
v 27.663357 15.057814 93.138023
v 29.011921 15.051164 95.570084
v 30.168789 15.046098 97.439720
v 31.379433 15.041329 99.219292
v 32.639259 15.036862 100.904716
v 33.944080 15.032716 102.490776
v 35.290287 15.028905 103.971245
v 36.674950 15.025440 105.338890
v 37.815613 15.022915 106.351852
v 39.040680 15.020512 107.327766
v 40.273396 15.018411 108.193558
v 41.511749 15.016612 108.945801
v 42.492115 15.015401 109.457207
v 28.424353 21.466076 71.877510
v 28.099062 20.286665 71.894882
v 27.597975 19.170727 71.921646
v 26.119129 17.231590 72.000626
v 26.932810 18.144365 71.957169
v 25.175968 16.453751 72.050995
v 24.125387 15.829045 72.107101
v 22.991964 15.372090 72.167633
v 21.802212 15.093569 72.231178
v 21.773405 15.098490 69.981796
v 22.994066 15.391543 69.981796
v 24.153852 15.871945 69.981796
v 25.224211 16.527861 69.981796
v 26.178785 17.343142 69.981796
v 26.994066 18.297712 69.981796
v 27.649982 19.368074 69.981796
v 28.130381 20.527863 69.981796
v 28.423435 21.748520 69.981796
v 60.108456 18.086308 72.706245
v 59.646233 18.748201 72.672386
v 59.579235 18.573925 74.518929
v 59.440708 19.095854 72.657333
v 59.031090 19.944206 72.627327
v 58.950367 19.721966 74.442490
v 58.595901 21.358295 72.595451
v 43.536442 15.375868 107.801926
v 44.595295 15.412580 107.155319
v 44.366119 15.591848 106.729172
v 58.932640 20.194918 72.620117
v 58.624580 21.226679 72.597557
v 58.516113 20.958073 74.389702
v 60.452606 17.672499 72.731453
v 61.427391 16.747534 72.802849
v 60.920567 17.189428 72.765732
v 60.385818 17.544786 74.616966
v 62.543011 15.999485 72.884567
v 61.858425 16.425781 72.834419
v 61.348454 16.662199 74.733971
v 63.767895 15.449509 72.974281
v 62.900528 15.812874 72.910751
v 62.441277 15.949871 74.866806
v 65.067390 15.113174 73.069466
v 64.022980 15.364758 72.992966
v 63.634930 15.426941 75.011894
v 58.292904 20.635944 76.507538
v 57.986141 20.322741 78.537651
v 57.588242 20.003233 80.583359
v 57.099785 19.678076 82.643433
v 56.520927 19.348141 84.716148
v 55.851425 19.014534 86.799072
v 55.090637 18.678654 88.888809
v 54.140175 18.306122 91.205376
v 53.184277 17.972111 93.288620
v 52.157616 17.650154 95.309525
v 51.068172 17.343950 97.250191
v 49.935577 17.059755 99.074326
v 48.829220 16.812735 100.683372
v 47.710972 16.591728 102.146133
v 46.588783 16.397507 103.453392
v 45.463005 16.229403 104.604149
v 44.888821 16.153746 105.128654
v 43.926552 16.041971 105.911797
v 44.142895 15.801936 106.314087
v 45.141838 15.888474 105.530090
v 45.737461 15.947107 105.004669
v 46.904144 16.077557 103.850967
v 48.065338 16.228571 102.538811
v 49.220333 16.400803 101.068695
v 50.360531 16.593815 99.449318
v 51.524643 16.816549 97.610825
v 52.640732 17.057364 95.652008
v 53.688423 17.311525 93.609337
v 54.659424 17.576265 91.500969
v 55.619343 17.872881 89.153793
v 56.382378 18.141560 87.034546
v 57.048443 18.409636 84.920929
v 57.618469 18.676003 82.816948
v 58.093014 18.939760 80.725609
v 58.472229 19.200199 78.649216
v 58.755875 19.456747 76.589561
v 45.403877 15.656043 105.945839
v 46.022438 15.699573 105.420540
v 47.233513 15.796531 104.266205
v 48.438057 15.908968 102.951836
v 49.635159 16.037449 101.477371
v 50.815708 16.181755 99.850990
v 52.019482 16.348717 98.001785
v 53.171780 16.529760 96.028473
v 54.251411 16.721453 93.967476
v 55.249718 16.921810 91.837006
v 56.233749 17.147139 89.461723
v 57.013138 17.352045 87.314285
v 57.690575 17.557274 85.170212
v 58.267139 17.761984 83.033951
v 58.743538 17.965488 80.908936
v 59.120083 18.167234 78.797913
v 59.396687 18.366776 76.703094
v 45.673729 15.457522 106.373978
v 46.316532 15.488021 105.849709
v 47.575047 15.556015 104.696770
v 48.826740 15.634973 103.382545
v 50.070644 15.725348 101.906410
v 51.297279 15.827044 100.275948
v 52.547924 15.944965 98.419289
v 53.744934 16.073141 96.434776
v 54.866253 16.209215 94.358612
v 55.902851 16.351849 92.208817
v 56.924263 16.512758 89.807808
v 57.732872 16.659557 87.633476
v 58.435276 16.807045 85.459312
v 59.032585 16.954630 83.290016
v 59.525528 17.101816 81.129303
v 59.914429 17.248209 78.980225
v 60.199203 17.393473 76.845276
v 43.729408 15.241240 108.234398
v 44.829464 15.264876 107.590759
v 45.950146 15.293829 106.812538
v 46.618290 15.313491 106.290070
v 47.926819 15.357356 105.140251
v 49.228882 15.408352 103.828171
v 50.523586 15.466802 102.352638
v 51.801186 15.532669 100.720619
v 53.104877 15.609179 98.859322
v 54.353909 15.692510 96.866486
v 55.525333 15.781164 94.777885
v 56.609745 15.874304 92.611221
v 57.680103 15.979644 90.186623
v 58.529217 16.075991 87.986641
v 59.268566 16.173035 85.782806
v 59.899216 16.270384 83.579926
v 60.421799 16.367722 81.381882
v 60.836536 16.464785 79.191856
v 61.143215 16.561348 77.012520
v 43.925385 15.135996 108.673607
v 45.067657 15.149355 108.033684
v 46.231853 15.165724 107.259491
v 46.926224 15.176847 106.739441
v 48.286854 15.201673 105.594147
v 49.641899 15.230562 104.285843
v 50.990650 15.263706 102.812782
v 52.323200 15.301105 101.181259
v 53.684982 15.344598 99.317642
v 54.992020 15.392043 97.318848
v 56.220474 15.442606 95.220100
v 57.360569 15.495814 93.038643
v 58.489479 15.556112 90.592278
v 59.388489 15.611369 88.367722
v 60.174816 15.667133 86.134613
v 60.849388 15.723180 83.897789
v 61.412666 15.779331 81.661118
v 61.864670 15.835426 79.427834
v 62.204952 15.891351 77.200630
v 44.123627 15.060536 109.117889
v 45.308884 15.066493 108.482246
v 46.517548 15.073795 107.712769
v 47.238819 15.078757 107.195618
v 48.653126 15.089840 106.055901
v 50.063129 15.102744 104.752625
v 51.468395 15.117563 103.283447
v 52.858925 15.134294 101.654007
v 54.282642 15.153769 99.789833
v 55.652271 15.175041 97.786903
v 56.943066 15.197732 95.679771
v 58.144890 15.221644 93.485130
v 59.339748 15.248775 91.018425
v 60.295929 15.273675 88.770164
v 61.137020 15.298840 86.508148
v 61.863750 15.324161 84.237122
v 62.476360 15.349567 81.960876
v 62.974594 15.374981 79.682571
v 63.357677 15.400353 77.404854
v 44.323383 15.015147 109.565582
v 45.552139 15.016638 108.934570
v 46.805916 15.018467 108.170288
v 47.554535 15.019711 107.656349
v 49.023579 15.022491 106.522934
v 50.489868 15.025723 105.225502
v 51.953304 15.029442 103.761177
v 53.403854 15.033640 102.134872
v 54.892101 15.038535 100.271355
v 56.327419 15.043877 98.265518
v 57.684147 15.049584 96.151215
v 58.951801 15.055600 93.944481
v 60.217644 15.062436 91.458420
v 61.235947 15.068713 89.187050
v 62.137112 15.075058 86.896400
v 62.921646 15.081454 84.591019
v 63.589512 15.087873 82.274574
v 64.140137 15.094299 79.950081
v 64.572365 15.100721 77.620056
v 64.897346 15.107452 75.165344
v 28.423435 21.748520 56.187534
v 28.130381 20.527863 56.187534
v 27.649982 19.368074 56.187534
v 26.994066 18.297712 56.187534
v 26.178785 17.343142 56.187534
v 25.224211 16.527861 56.187534
v 24.153852 15.871945 56.187534
v 22.994066 15.391543 56.187534
v 21.773405 15.098490 56.187534
v 58.619507 21.466076 71.877510
v 64.051895 15.372090 72.167633
v 62.918472 15.829045 72.107101
v 65.241646 15.093569 72.231178
v 61.867889 16.453751 72.050995
v 60.924728 17.231590 72.000626
v 59.445885 19.170727 71.921646
v 60.111050 18.144365 71.957169
v 58.944798 20.286665 71.894882
v 58.620422 21.748520 69.981796
v 58.913479 20.527863 69.981796
v 59.393879 19.368074 69.981796
v 60.049793 18.297712 69.981796
v 60.865074 17.343142 69.981796
v 61.819649 16.527861 69.981796
v 62.890007 15.871945 69.981796
v 64.049797 15.391543 69.981796
v 65.270454 15.098490 69.981796
v 28.442287 21.593531 54.732449
v 43.521931 19.155033 33.644451
v 43.521931 18.849943 33.461601
v 42.392731 18.910032 33.852978
v 43.521931 18.540476 33.256489
v 43.439198 18.097557 32.947498
v 42.223911 18.148699 33.367203
v 43.521931 18.255352 33.048473
v 41.999435 15.051834 27.729849
v 43.521931 15.060864 27.438320
v 43.521931 15.000046 26.461498
v 41.230247 18.984791 34.346767
v 40.090298 19.071732 34.926128
v 38.974586 19.170511 35.591156
v 38.030319 19.265280 36.236137
v 36.973961 19.384272 37.055897
v 40.436825 15.052754 28.224916
v 38.901463 15.053864 28.825172
v 37.394855 15.055161 29.530685
v 35.919102 15.056640 30.342129
v 34.669044 15.058070 31.130733
v 33.269238 15.059874 32.135296
v 31.929903 15.061822 33.230923
v 30.652538 15.063908 34.416080
v 29.439220 15.066121 35.689816
v 28.292881 15.068460 37.051434
v 27.602318 15.070006 37.960175
v 26.573881 15.072536 39.464283
v 25.637823 15.075132 41.030304
v 24.795195 15.077788 42.655964
v 24.047794 15.080497 44.339417
v 23.398197 15.083257 46.079216
v 23.091745 15.084751 47.033485
v 22.606936 15.087526 48.825611
v 22.231955 15.090290 50.639835
v 21.967213 15.093043 52.473099
v 21.813755 15.095778 54.322899
v 23.016132 15.380822 54.397190
v 23.146557 15.370019 52.618633
v 23.383806 15.359138 50.853573
v 23.727091 15.348200 49.104488
v 24.176226 15.337221 47.374416
v 24.461897 15.331302 46.452263
v 25.070349 15.320379 44.769360
v 25.773788 15.309647 43.138912
v 26.569859 15.299123 41.562546
v 27.456940 15.288834 40.042236
v 28.434105 15.278809 38.580399
v 29.091452 15.272684 37.696419
v 30.184423 15.263405 36.370815
v 31.343279 15.254617 35.129574
v 32.565174 15.246343 33.973614
v 33.848064 15.238609 32.904091
v 35.190464 15.231445 31.922712
v 36.390415 15.225772 31.151802
v 37.808212 15.219890 30.358103
v 39.256779 15.214738 29.667633
v 40.733952 15.210327 29.079893
v 42.238155 15.206669 28.594955
v 43.521931 15.268519 28.533020
v 24.160221 15.848312 54.467880
v 24.270380 15.824478 52.757317
v 24.483051 15.800468 51.057549
v 24.797676 15.776314 49.371025
v 25.214252 15.752051 47.700748
v 25.480844 15.738968 46.809616
v 26.051323 15.714817 45.181816
v 26.713942 15.691064 43.602894
v 27.466547 15.667763 42.074600
v 28.307674 15.644971 40.599033
v 29.236517 15.622750 39.178722
v 29.862446 15.609167 38.319138
v 30.904781 15.588585 37.029106
v 32.011768 15.569079 35.820080
v 33.180649 15.550707 34.693165
v 34.409431 15.533525 33.649696
v 35.696632 15.517608 32.691525
v 36.848286 15.504997 31.938379
v 38.210091 15.491918 31.162537
v 39.602459 15.480455 30.487247
v 41.023190 15.470639 29.912169
v 42.470646 15.462496 29.437494
v 43.521931 15.616860 29.583801
v 25.218626 16.487047 54.533276
v 25.312540 16.445856 52.885921
v 25.504881 16.404320 51.247158
v 25.795261 16.362495 49.619389
v 26.183828 16.320459 48.005558
v 26.433830 16.297773 47.143837
v 26.970974 16.255867 45.568489
v 27.597372 16.214621 44.038879
v 28.311043 16.174126 42.556847
v 29.110659 16.134485 41.124580
v 29.995508 16.095810 39.744667
v 30.592670 16.072151 38.908924
v 31.588385 16.036283 37.653812
v 32.647324 16.002268 36.476570
v 33.766823 15.970208 35.378460
v 34.944931 15.940211 34.360947
v 36.180199 15.912398 33.426010
v 37.286228 15.890360 32.690720
v 38.594944 15.867487 31.932898
v 39.933849 15.847433 31.272978
v 41.300724 15.830256 30.710762
v 42.693897 15.816003 30.246546
v 43.521931 15.852712 30.111023
v 26.166004 17.281733 54.591808
v 26.248796 17.219688 53.001461
v 26.426226 17.157059 51.418121
v 26.698017 17.093924 49.844139
v 27.064413 17.030396 48.282391
v 27.301022 16.996086 47.447968
v 27.810793 16.932644 45.921597
v 28.406898 16.870140 44.438393
v 29.087484 16.808708 43.000237
v 29.851328 16.748503 41.609341
v 30.697796 16.689711 40.268330
v 31.269625 16.653713 39.455688
v 32.223934 16.599104 38.234604
v 33.239792 16.547266 37.088554
v 34.314629 16.498365 36.018898
v 35.446552 16.452578 35.027199
v 36.634148 16.410093 34.115505
v 37.698040 16.376402 33.398174
v 38.957470 16.341417 32.658558
v 40.246483 16.310736 32.014248
v 41.562893 16.284435 31.465143
v 42.905014 16.262606 31.011625
v 43.521931 16.404356 31.071308
v 26.979671 18.213346 54.642082
v 27.057369 18.127985 53.101238
v 27.226288 18.041697 51.566578
v 27.486193 17.954592 50.040367
v 27.837345 17.866819 48.525379
v 28.064362 17.819366 47.715675
v 28.553881 17.731529 46.234032
v 29.126776 17.644867 44.793667
v 29.781288 17.559580 43.396431
v 30.516256 17.475887 42.044529
v 31.331089 17.394051 40.740547
v 31.881721 17.343901 39.950066
v 32.800919 17.267738 38.761879
v 33.779709 17.195358 37.646252
v 34.815605 17.127014 36.604588
v 35.906784 17.062950 35.638477
v 37.051880 17.003458 34.750000
v 38.077888 16.956240 34.050716
v 39.292664 16.907177 33.329510
v 40.536160 16.864117 32.701069
v 41.806236 16.827188 32.165359
v 43.101261 16.796518 31.722818
v 43.521931 17.072779 31.943281
v 27.640144 19.259575 54.682888
v 27.719448 19.149609 53.182941
v 27.887005 19.038260 51.689182
v 28.142536 18.925663 50.203773
v 28.486248 18.812012 48.729378
v 28.707966 18.750481 47.941395
v 29.185280 18.636442 46.499508
v 29.743006 18.523741 45.097786
v 30.379419 18.412645 43.737995
v 31.093380 18.303453 42.422253
v 31.884300 18.196512 41.153053
v 32.418488 18.130898 40.383598
v 33.309807 18.031136 39.226921
v 34.258446 17.936199 38.140755
v 35.262005 17.846436 37.126472
v 36.318741 17.762199 36.185635
v 37.427341 17.683886 35.320278
v 38.420399 17.621670 34.639114
v 39.595905 17.556965 33.936504
v 40.798965 17.500132 33.324196
v 42.027550 17.451353 32.802181
v 43.280094 17.410822 32.370911
v 43.521931 17.435562 32.330662
v 28.131603 20.395369 54.713253
v 28.219635 20.260803 53.244667
v 28.393467 20.124256 51.783161
v 28.652689 19.985891 50.330784
v 28.997372 19.845940 48.890064
v 29.218435 19.770048 48.120419
v 29.692286 19.629173 46.712685
v 30.243605 19.489668 45.344837
v 30.870646 19.351873 44.018509
v 31.572235 19.216183 42.735657
v 32.347752 19.083046 41.498627
v 32.870728 19.001234 40.748867
v 33.742184 18.876671 39.622047
v 34.668350 18.757946 38.564163
v 35.646927 18.645514 37.576485
v 36.676247 18.539854 36.660477
v 37.755074 18.441490 35.818066
v 38.720715 18.363260 35.155025
v 39.863010 18.281815 34.471169
v 41.031372 18.210211 33.875233
v 28.546293 21.435711 53.284977
v 28.734238 21.275166 51.846394
v 29.005487 21.112078 50.418617
v 29.359888 20.946697 49.004028
v 29.585148 20.856850 48.249027
v 30.064693 20.689741 46.869263
v 30.618835 20.523861 45.530022
v 31.245739 20.359629 44.232708
v 31.944139 20.197533 42.979065
v 32.713329 20.038136 41.771221
v 33.230709 19.940016 41.039616
v 34.090897 19.790377 39.940716
v 35.002876 19.647472 38.909710
v 35.964428 19.511898 37.947674
v 58.620422 21.748520 56.187534
v 58.913479 20.527863 56.187534
v 59.393879 19.368074 56.187534
v 60.049793 18.297712 56.187534
v 60.865074 17.343142 56.187534
v 61.819649 16.527861 56.187534
v 62.890007 15.871945 56.187534
v 64.049797 15.391543 56.187534
v 65.270454 15.098490 56.187534
v 65.230103 15.095778 54.322899
v 44.651127 18.910032 33.852978
v 45.813614 18.984791 34.346767
v 46.953560 19.071732 34.926128
v 48.069275 19.170511 35.591156
v 49.013542 19.265280 36.236137
v 50.069901 19.384272 37.055897
v 51.079433 19.511898 37.947674
v 52.040981 19.647472 38.909710
v 52.952961 19.790377 39.940716
v 53.813148 19.940016 41.039616
v 54.330532 20.038136 41.771221
v 55.099720 20.197533 42.979065
v 55.798122 20.359629 44.232708
v 56.425022 20.523861 45.530022
v 56.979168 20.689741 46.869263
v 57.458710 20.856850 48.249027
v 57.683971 20.946697 49.004028
v 58.038372 21.112078 50.418617
v 58.309624 21.275166 51.846394
v 58.497566 21.435711 53.284977
v 58.601574 21.593531 54.732449
v 58.912254 20.395369 54.713253
v 58.824223 20.260803 53.244667
v 58.650391 20.124256 51.783161
v 58.391171 19.985891 50.330784
v 58.046486 19.845940 48.890064
v 57.825424 19.770048 48.120419
v 57.351574 19.629173 46.712685
v 56.800255 19.489668 45.344837
v 56.173214 19.351873 44.018509
v 55.471622 19.216183 42.735657
v 54.696110 19.083046 41.498627
v 54.173130 19.001234 40.748867
v 53.301678 18.876671 39.622047
v 52.375511 18.757946 38.564163
v 51.396931 18.645514 37.576485
v 50.367611 18.539854 36.660477
v 49.288788 18.441490 35.818066
v 48.323147 18.363260 35.155025
v 47.180847 18.281815 34.471169
v 46.012486 18.210211 33.875233
v 44.819946 18.148699 33.367203
v 43.604660 18.097557 32.947498
v 59.403717 19.259575 54.682888
v 59.324413 19.149609 53.182941
v 59.156853 19.038260 51.689182
v 58.901321 18.925663 50.203773
v 58.557613 18.812012 48.729378
v 58.335892 18.750481 47.941395
v 57.858578 18.636442 46.499508
v 57.300854 18.523741 45.097786
v 56.664440 18.412645 43.737995
v 55.950481 18.303453 42.422253
v 55.159557 18.196512 41.153053
v 54.625374 18.130898 40.383598
v 53.734051 18.031136 39.226921
v 52.785416 17.936199 38.140755
v 51.781857 17.846436 37.126472
v 50.725121 17.762199 36.185635
v 49.616520 17.683886 35.320278
v 48.623463 17.621670 34.639114
v 47.447956 17.556965 33.936504
v 46.244892 17.500132 33.324196
v 45.016308 17.451353 32.802181
v 43.763763 17.410822 32.370911
v 60.064186 18.213346 54.642082
v 59.986492 18.127985 53.101238
v 59.817570 18.041697 51.566578
v 59.557667 17.954592 50.040367
v 59.206512 17.866819 48.525379
v 58.979496 17.819366 47.715675
v 58.489979 17.731529 46.234032
v 57.917084 17.644867 44.793667
v 57.262573 17.559580 43.396431
v 56.527603 17.475887 42.044529
v 55.712772 17.394051 40.740547
v 55.162136 17.343901 39.950066
v 54.242939 17.267738 38.761879
v 53.264149 17.195358 37.646252
v 52.228256 17.127014 36.604588
v 51.137074 17.062950 35.638477
v 49.991978 17.003458 34.750000
v 48.965969 16.956240 34.050716
v 47.751194 16.907177 33.329510
v 46.507702 16.864117 32.701069
v 45.237621 16.827188 32.165359
v 43.942600 16.796518 31.722818
v 60.877853 17.281733 54.591808
v 60.795063 17.219688 53.001461
v 60.617634 17.157059 51.418121
v 60.345840 17.093924 49.844139
v 59.979446 17.030396 48.282391
v 59.742840 16.996086 47.447968
v 59.233067 16.932644 45.921597
v 58.636963 16.870140 44.438393
v 57.956375 16.808708 43.000237
v 57.192532 16.748503 41.609341
v 56.346062 16.689711 40.268330
v 55.774235 16.653713 39.455688
v 54.819927 16.599104 38.234604
v 53.804066 16.547266 37.088554
v 52.729229 16.498365 36.018898
v 51.597305 16.452578 35.027199
v 50.409714 16.410093 34.115505
v 49.345821 16.376402 33.398174
v 48.086388 16.341417 32.658558
v 46.797375 16.310736 32.014248
v 45.480965 16.284435 31.465143
v 44.138847 16.262606 31.011625
v 61.825233 16.487047 54.533276
v 61.731319 16.445856 52.885921
v 61.538979 16.404320 51.247158
v 61.248600 16.362495 49.619389
v 60.860031 16.320459 48.005558
v 60.610027 16.297773 47.143837
v 60.072887 16.255867 45.568489
v 59.446487 16.214621 44.038879
v 58.732815 16.174126 42.556847
v 57.933201 16.134485 41.124580
v 57.048351 16.095810 39.744667
v 56.451187 16.072151 38.908924
v 55.455475 16.036283 37.653812
v 54.396534 16.002268 36.476570
v 53.277039 15.970208 35.378460
v 52.098927 15.940211 34.360947
v 50.863659 15.912398 33.426010
v 49.757633 15.890360 32.690720
v 48.448914 15.867487 31.932898
v 47.110012 15.847433 31.272978
v 45.743134 15.830256 30.710762
v 44.349964 15.816003 30.246546
v 62.883636 15.848312 54.467880
v 62.773479 15.824478 52.757317
v 62.560806 15.800468 51.057549
v 62.246181 15.776314 49.371025
v 61.829605 15.752051 47.700748
v 61.563015 15.738968 46.809616
v 60.992535 15.714817 45.181816
v 60.329918 15.691064 43.602894
v 59.577312 15.667763 42.074600
v 58.736187 15.644971 40.599033
v 57.807343 15.622750 39.178722
v 57.181412 15.609167 38.319138
v 56.139076 15.588585 37.029106
v 55.032093 15.569079 35.820080
v 53.863209 15.550707 34.693165
v 52.634430 15.533525 33.649696
v 51.347225 15.517608 32.691525
v 50.195572 15.504997 31.938379
v 48.833767 15.491918 31.162537
v 47.441402 15.480455 30.487247
v 46.020668 15.470639 29.912169
v 44.573215 15.462496 29.437494
v 64.027725 15.380822 54.397190
v 63.897301 15.370019 52.618633
v 63.660053 15.359138 50.853573
v 63.316769 15.348200 49.104488
v 62.867634 15.337221 47.374416
v 62.581963 15.331302 46.452263
v 61.973511 15.320379 44.769360
v 61.270073 15.309647 43.138912
v 60.473999 15.299123 41.562546
v 59.586922 15.288834 40.042236
v 58.609753 15.278809 38.580399
v 57.952408 15.272684 37.696419
v 56.859436 15.263405 36.370815
v 55.700581 15.254617 35.129574
v 54.478687 15.246343 33.973614
v 53.195793 15.238609 32.904091
v 51.853394 15.231445 31.922712
v 50.653442 15.225772 31.151802
v 49.235645 15.219890 30.358103
v 47.787079 15.214738 29.667633
v 46.309906 15.210327 29.079893
v 44.805706 15.206669 28.594955
v 65.076645 15.093043 52.473099
v 64.811905 15.090290 50.639835
v 64.436920 15.087526 48.825611
v 63.952114 15.084751 47.033485
v 63.645664 15.083257 46.079216
v 62.996067 15.080497 44.339417
v 62.248665 15.077788 42.655964
v 61.406036 15.075132 41.030304
v 60.469978 15.072536 39.464283
v 59.441540 15.070006 37.960175
v 58.750977 15.068460 37.051434
v 57.604637 15.066121 35.689816
v 56.391319 15.063908 34.416080
v 55.113956 15.061822 33.230923
v 53.774620 15.059874 32.135296
v 52.374813 15.058070 31.130733
v 51.124760 15.056640 30.342129
v 49.649006 15.055161 29.530685
v 48.142395 15.053864 28.825172
v 46.607037 15.052754 28.224916
v 45.044422 15.051834 27.729849
f 1 2 3
f 4 5 6
f 7 8 9
f 10 11 12
f 13 14 15
f 16 17 18
f 18 17 19
f 17 20 19
f 19 20 21
f 19 21 22
f 23 24 25
f 25 24 22
f 25 22 26
f 26 22 21
f 27 28 29
f 29 28 30
f 29 30 31
f 31 30 32
f 31 32 33
f 33 32 34
f 35 36 37
f 38 39 36
f 36 39 40
f 36 40 37
f 41 42 43
f 43 42 44
f 43 44 38
f 38 44 45
f 38 45 39
f 41 43 46
f 46 43 47
f 46 47 48
f 49 50 51
f 49 51 48
f 48 51 52
f 48 52 46
f 46 52 53
f 46 53 54
f 54 53 14
f 14 53 55
f 14 55 15
f 13 15 11
f 11 15 56
f 11 56 12
f 10 12 8
f 8 12 57
f 8 57 9
f 7 9 58
f 58 9 59
f 58 59 60
f 5 4 60
f 60 4 61
f 60 61 58
f 50 49 62
f 62 49 28
f 62 28 23
f 23 28 27
f 23 27 24
f 18 33 16
f 16 33 34
f 16 34 63
f 63 34 64
f 65 66 67
f 67 66 68
f 67 68 69
f 2 1 70
f 70 1 71
f 70 71 72
f 72 71 73
f 72 73 74
f 74 73 75
f 74 75 76
f 76 75 77
f 76 77 78
f 78 77 79
f 78 79 80
f 80 79 81
f 80 81 82
f 82 81 83
f 82 83 84
f 84 83 85
f 84 85 86
f 86 85 87
f 86 87 68
f 68 87 88
f 68 88 69
f 69 88 89
f 69 89 64
f 64 89 90
f 64 90 63
f 91 92 65
f 65 92 93
f 65 93 66
f 37 94 35
f 35 94 95
f 35 95 91
f 91 95 96
f 91 96 92
f 97 98 99
f 100 101 102
f 102 101 103
f 102 103 99
f 99 103 104
f 99 104 105
f 106 107 99
f 99 107 108
f 99 108 109
f 109 108 110
f 105 111 99
f 99 111 112
f 99 112 113
f 113 114 99
f 99 114 115
f 99 115 97
f 98 116 99
f 99 116 117
f 99 117 118
f 119 120 99
f 99 120 121
f 99 121 106
f 100 102 122
f 122 102 123
f 122 123 124
f 118 125 99
f 99 125 126
f 99 126 119
f 127 128 123
f 123 128 129
f 123 129 130
f 130 131 123
f 123 131 132
f 123 132 133
f 133 134 123
f 123 134 135
f 123 135 136
f 110 137 109
f 109 137 138
f 109 138 123
f 123 138 139
f 139 140 123
f 123 140 141
f 123 141 142
f 136 143 123
f 123 143 144
f 123 144 124
f 142 145 123
f 123 145 146
f 123 146 127
f 147 148 149
f 149 148 150
f 149 150 151
f 151 150 152
f 151 152 153
f 153 152 154
f 153 154 155
f 155 154 156
f 155 156 157
f 157 156 158
f 157 158 159
f 159 158 160
f 159 160 161
f 162 163 164
f 164 163 165
f 164 165 166
f 166 165 167
f 166 167 168
f 168 167 169
f 168 169 170
f 170 169 171
f 170 171 172
f 172 171 173
f 172 173 174
f 174 173 175
f 174 175 176
f 177 178 179
f 179 178 180
f 179 180 181
f 181 180 182
f 181 182 183
f 183 182 184
f 183 184 185
f 185 184 186
f 185 186 187
f 187 186 188
f 187 188 189
f 189 188 190
f 189 190 191
f 191 190 192
f 191 192 147
f 147 192 193
f 147 193 148
f 194 195 196
f 196 195 197
f 196 197 198
f 198 197 199
f 198 199 200
f 200 199 201
f 200 201 202
f 202 201 203
f 202 203 204
f 204 203 205
f 204 205 206
f 206 205 207
f 206 207 208
f 208 207 209
f 208 209 162
f 162 209 210
f 162 210 163
f 160 211 161
f 161 211 212
f 161 212 213
f 213 212 214
f 213 214 215
f 215 214 216
f 215 216 217
f 217 216 218
f 217 218 219
f 219 218 220
f 219 220 221
f 221 220 222
f 221 222 223
f 223 222 224
f 223 224 225
f 225 224 226
f 225 226 194
f 194 226 227
f 194 227 195
f 175 228 176
f 176 228 229
f 176 229 230
f 230 229 231
f 230 231 232
f 232 231 233
f 232 233 234
f 234 233 235
f 234 235 236
f 236 235 237
f 236 237 238
f 238 237 239
f 238 239 240
f 240 239 241
f 240 241 242
f 242 241 243
f 242 243 177
f 177 243 244
f 177 244 178
f 245 246 247
f 248 249 250
f 251 252 253
f 254 255 256
f 257 258 259
f 45 44 260
f 261 262 263
f 264 265 266
f 264 266 267
f 268 269 270
f 270 269 271
f 270 271 272
f 273 274 275
f 275 274 276
f 276 274 277
f 276 277 278
f 279 280 281
f 280 282 281
f 281 282 283
f 281 283 284
f 284 283 285
f 284 285 286
f 279 281 287
f 287 281 4
f 287 4 6
f 8 7 284
f 284 7 58
f 284 58 281
f 281 58 61
f 281 61 4
f 288 289 54
f 54 14 288
f 288 14 13
f 288 13 290
f 290 13 11
f 290 11 291
f 260 44 292
f 44 42 292
f 292 42 41
f 292 41 289
f 289 41 46
f 289 46 54
f 45 260 39
f 39 260 293
f 39 293 40
f 40 293 294
f 40 294 37
f 256 255 259
f 259 255 295
f 259 295 257
f 254 256 296
f 296 256 297
f 296 297 298
f 298 297 299
f 299 297 300
f 299 300 301
f 301 300 302
f 302 300 303
f 302 303 304
f 252 251 303
f 303 251 305
f 303 305 304
f 306 307 308
f 250 249 307
f 307 249 309
f 307 309 308
f 310 311 312
f 312 311 313
f 312 313 314
f 314 313 315
f 314 315 250
f 250 315 316
f 250 316 248
f 317 318 319
f 319 318 320
f 319 320 321
f 321 322 319
f 319 322 323
f 319 323 324
f 324 323 325
f 324 325 326
f 327 328 288
f 327 288 329
f 330 331 332
f 332 331 333
f 332 333 319
f 319 333 334
f 319 334 317
f 335 336 290
f 290 336 337
f 337 338 290
f 290 338 339
f 290 339 288
f 288 339 340
f 288 340 329
f 246 341 247
f 247 341 291
f 247 291 10
f 10 291 11
f 341 342 291
f 291 342 343
f 291 343 290
f 290 343 344
f 290 344 335
f 345 346 347
f 347 346 324
f 347 324 348
f 348 324 326
f 345 349 346
f 346 349 350
f 346 350 351
f 352 353 346
f 351 354 346
f 346 354 355
f 346 355 352
f 356 286 357
f 357 286 346
f 357 346 358
f 358 346 353
f 356 359 286
f 286 359 360
f 286 360 361
f 361 362 286
f 286 362 363
f 286 363 364
f 364 365 286
f 286 365 366
f 286 366 367
f 10 8 247
f 247 8 284
f 247 284 245
f 245 284 286
f 245 286 368
f 368 286 367
f 259 369 256
f 256 369 370
f 256 370 297
f 297 370 371
f 297 371 300
f 300 371 372
f 300 372 303
f 303 372 373
f 303 373 252
f 252 373 306
f 252 306 253
f 253 306 308
f 374 294 375
f 375 294 293
f 375 293 376
f 376 293 260
f 376 260 377
f 377 260 292
f 377 292 378
f 378 292 289
f 378 289 332
f 332 289 288
f 332 288 330
f 330 288 328
f 379 380 381
f 381 380 382
f 381 382 383
f 383 382 384
f 383 384 385
f 385 384 386
f 385 386 387
f 387 386 388
f 387 388 389
f 389 388 390
f 389 390 391
f 391 390 392
f 391 392 275
f 275 392 393
f 275 393 273
f 273 393 394
f 380 395 382
f 382 395 396
f 382 396 384
f 384 396 397
f 384 397 386
f 386 397 398
f 386 398 388
f 388 398 399
f 388 399 390
f 390 399 400
f 390 400 392
f 392 400 401
f 392 401 393
f 393 401 263
f 393 263 394
f 394 263 262
f 395 402 396
f 396 402 403
f 396 403 397
f 397 403 404
f 397 404 398
f 398 404 405
f 398 405 399
f 399 405 406
f 399 406 400
f 400 406 407
f 400 407 401
f 401 407 408
f 401 408 263
f 263 408 409
f 263 409 261
f 261 409 410
f 402 374 403
f 403 374 375
f 403 375 404
f 404 375 376
f 404 376 405
f 405 376 377
f 405 377 406
f 406 377 378
f 406 378 407
f 407 378 332
f 407 332 408
f 408 332 319
f 408 319 409
f 409 319 324
f 409 324 410
f 410 324 346
f 410 346 411
f 411 346 286
f 411 286 412
f 412 286 285
f 413 414 415
f 415 414 416
f 415 416 417
f 417 416 418
f 417 418 419
f 419 418 420
f 419 420 421
f 421 420 422
f 421 422 423
f 423 422 424
f 423 424 425
f 425 424 426
f 425 426 427
f 427 426 428
f 427 428 268
f 268 428 429
f 268 429 269
f 414 379 416
f 416 379 381
f 416 381 418
f 418 381 383
f 418 383 420
f 420 383 385
f 420 385 422
f 422 385 387
f 422 387 424
f 424 387 389
f 424 389 426
f 426 389 391
f 426 391 428
f 428 391 275
f 428 275 429
f 429 275 276
f 429 276 269
f 269 276 278
f 369 430 370
f 370 430 431
f 370 431 371
f 371 431 432
f 371 432 372
f 372 432 433
f 372 433 373
f 373 433 434
f 373 434 306
f 306 434 435
f 306 435 307
f 307 435 436
f 307 436 250
f 250 436 437
f 250 437 314
f 314 437 438
f 314 438 312
f 312 438 439
f 312 439 310
f 310 439 440
f 310 440 441
f 442 443 444
f 444 443 445
f 444 445 446
f 446 445 447
f 446 447 448
f 448 447 449
f 448 449 450
f 450 449 451
f 450 451 452
f 452 451 453
f 452 453 454
f 454 453 455
f 454 455 456
f 456 455 457
f 456 457 458
f 458 457 459
f 458 459 266
f 266 459 460
f 266 460 267
f 267 460 461
f 443 413 445
f 445 413 415
f 445 415 447
f 447 415 417
f 447 417 449
f 449 417 419
f 449 419 451
f 451 419 421
f 451 421 453
f 453 421 423
f 453 423 455
f 455 423 425
f 455 425 457
f 457 425 427
f 457 427 459
f 459 427 268
f 459 268 460
f 460 268 270
f 460 270 461
f 461 270 272
f 430 442 431
f 431 442 444
f 431 444 432
f 432 444 446
f 432 446 433
f 433 446 448
f 433 448 434
f 434 448 450
f 434 450 435
f 435 450 452
f 435 452 436
f 436 452 454
f 436 454 437
f 437 454 456
f 437 456 438
f 438 456 458
f 438 458 439
f 439 458 266
f 439 266 440
f 440 266 265
f 462 463 464
f 465 466 467
f 468 469 470
f 471 472 473
f 96 95 474
f 94 37 294
f 94 294 95
f 93 92 475
f 475 92 96
f 68 66 476
f 476 66 93
f 84 86 477
f 477 86 68
f 80 82 478
f 478 82 84
f 479 72 74
f 479 74 480
f 72 479 70
f 70 479 481
f 70 481 2
f 3 2 482
f 482 2 481
f 482 481 483
f 483 481 479
f 483 479 484
f 485 486 487
f 488 489 490
f 490 489 491
f 490 491 492
f 492 491 493
f 494 495 496
f 496 495 493
f 496 493 497
f 497 493 491
f 494 496 472
f 472 496 498
f 468 470 499
f 499 470 500
f 500 470 501
f 500 501 502
f 466 465 503
f 504 505 506
f 507 508 509
f 509 508 510
f 511 512 513
f 463 462 514
f 515 516 517
f 518 519 520
f 520 519 521
f 522 523 524
f 524 523 525
f 526 527 528
f 259 258 529
f 530 487 531
f 531 487 532
f 530 533 487
f 487 533 534
f 487 534 535
f 535 536 487
f 487 536 537
f 487 537 538
f 538 539 487
f 487 539 540
f 487 540 541
f 542 543 488
f 490 485 488
f 488 485 487
f 488 487 542
f 542 487 541
f 543 544 488
f 488 544 545
f 488 545 546
f 546 547 488
f 488 547 548
f 488 548 549
f 549 550 488
f 488 550 551
f 488 551 489
f 489 551 552
f 486 484 487
f 487 484 479
f 487 479 532
f 532 479 480
f 532 480 553
f 554 555 556
f 556 555 557
f 557 558 556
f 556 558 559
f 556 559 560
f 560 561 556
f 556 561 562
f 556 562 563
f 563 562 564
f 563 564 480
f 480 564 565
f 480 565 553
f 566 478 567
f 567 478 568
f 567 568 569
f 569 568 570
f 566 571 478
f 478 571 572
f 478 572 573
f 573 554 478
f 478 554 556
f 478 556 80
f 80 556 563
f 80 563 78
f 78 563 480
f 78 480 76
f 76 480 74
f 574 575 576
f 577 578 576
f 576 578 579
f 576 579 574
f 552 580 489
f 489 580 581
f 489 581 577
f 575 582 576
f 576 582 583
f 576 583 570
f 502 501 584
f 584 501 585
f 584 585 586
f 586 585 503
f 586 503 587
f 587 503 465
f 587 465 588
f 471 473 589
f 589 473 590
f 589 590 469
f 469 590 591
f 469 591 470
f 470 591 592
f 470 592 501
f 501 592 593
f 501 593 585
f 585 593 594
f 585 594 503
f 503 594 504
f 503 504 466
f 466 504 506
f 466 506 467
f 472 498 473
f 473 498 595
f 473 595 590
f 590 595 596
f 590 596 591
f 591 596 597
f 591 597 592
f 592 597 598
f 592 598 593
f 593 598 599
f 593 599 594
f 594 599 508
f 594 508 504
f 504 508 507
f 504 507 505
f 577 576 489
f 489 576 600
f 489 600 491
f 491 600 601
f 491 601 497
f 497 601 602
f 497 602 496
f 496 602 603
f 496 603 498
f 498 603 604
f 498 604 595
f 595 604 605
f 595 605 596
f 596 605 606
f 596 606 597
f 597 606 607
f 597 607 598
f 598 607 608
f 598 608 599
f 599 608 511
f 599 511 508
f 508 511 513
f 508 513 510
f 570 568 576
f 576 568 609
f 576 609 600
f 600 609 610
f 600 610 601
f 601 610 611
f 601 611 602
f 602 611 612
f 602 612 603
f 603 612 613
f 603 613 604
f 604 613 614
f 604 614 605
f 605 614 615
f 605 615 606
f 606 615 616
f 606 616 607
f 607 616 617
f 607 617 608
f 608 617 514
f 608 514 511
f 511 514 462
f 511 462 512
f 84 477 478
f 478 477 618
f 478 618 568
f 568 618 619
f 568 619 609
f 609 619 620
f 609 620 610
f 610 620 621
f 610 621 611
f 611 621 622
f 611 622 612
f 612 622 623
f 612 623 613
f 613 623 624
f 613 624 614
f 614 624 625
f 614 625 615
f 615 625 626
f 615 626 616
f 616 626 627
f 616 627 617
f 617 627 628
f 617 628 514
f 514 628 515
f 514 515 463
f 463 515 517
f 463 517 464
f 68 476 477
f 477 476 629
f 477 629 618
f 618 629 630
f 618 630 619
f 619 630 631
f 619 631 620
f 620 631 632
f 620 632 621
f 621 632 633
f 621 633 622
f 622 633 634
f 622 634 623
f 623 634 635
f 623 635 624
f 624 635 636
f 624 636 625
f 625 636 637
f 625 637 626
f 626 637 638
f 626 638 627
f 627 638 639
f 627 639 628
f 628 639 520
f 628 520 515
f 515 520 521
f 515 521 516
f 93 475 476
f 476 475 640
f 476 640 629
f 629 640 641
f 629 641 630
f 630 641 642
f 630 642 631
f 631 642 643
f 631 643 632
f 632 643 644
f 632 644 633
f 633 644 645
f 633 645 634
f 634 645 646
f 634 646 635
f 635 646 647
f 635 647 636
f 636 647 648
f 636 648 637
f 637 648 649
f 637 649 638
f 638 649 650
f 638 650 639
f 639 650 523
f 639 523 520
f 520 523 522
f 520 522 518
f 96 474 475
f 475 474 651
f 475 651 640
f 640 651 652
f 640 652 641
f 641 652 653
f 641 653 642
f 642 653 654
f 642 654 643
f 643 654 655
f 643 655 644
f 644 655 656
f 644 656 645
f 645 656 657
f 645 657 646
f 646 657 658
f 646 658 647
f 647 658 659
f 647 659 648
f 648 659 660
f 648 660 649
f 649 660 661
f 649 661 650
f 650 661 526
f 650 526 523
f 523 526 528
f 523 528 525
f 95 294 474
f 474 294 374
f 474 374 651
f 651 374 402
f 651 402 652
f 652 402 395
f 652 395 653
f 653 395 380
f 653 380 654
f 654 380 379
f 654 379 655
f 655 379 414
f 655 414 656
f 656 414 413
f 656 413 657
f 657 413 443
f 657 443 658
f 658 443 442
f 658 442 659
f 659 442 430
f 659 430 660
f 660 430 369
f 660 369 661
f 661 369 259
f 661 259 526
f 526 259 529
f 526 529 527
f 12 662 663
f 21 664 26
f 26 664 665
f 666 23 665
f 665 23 25
f 665 25 26
f 667 50 666
f 666 50 62
f 666 62 23
f 668 52 667
f 667 52 51
f 667 51 50
f 53 669 55
f 55 669 670
f 671 56 670
f 670 56 15
f 670 15 55
f 672 9 663
f 663 9 57
f 663 57 12
f 673 279 287
f 59 674 60
f 60 674 673
f 60 673 5
f 5 673 287
f 5 287 6
f 285 283 672
f 672 283 282
f 672 282 675
f 675 282 280
f 676 411 412
f 53 52 669
f 669 52 668
f 669 668 670
f 670 668 677
f 670 677 671
f 671 677 678
f 671 678 679
f 679 678 680
f 679 680 681
f 681 680 682
f 664 683 665
f 665 683 684
f 665 684 666
f 666 684 685
f 666 685 667
f 667 685 686
f 667 686 668
f 668 686 687
f 668 687 677
f 677 687 688
f 677 688 678
f 678 688 689
f 678 689 680
f 680 689 690
f 680 690 682
f 682 690 691
f 12 56 662
f 662 56 671
f 662 671 663
f 663 671 679
f 663 679 672
f 672 679 681
f 672 681 285
f 285 681 682
f 285 682 412
f 412 682 691
f 412 691 676
f 676 691 690
f 676 690 692
f 692 690 689
f 692 689 693
f 693 689 688
f 693 688 694
f 694 688 687
f 694 687 695
f 695 687 686
f 695 686 696
f 696 686 685
f 696 685 697
f 697 685 684
f 697 684 698
f 698 684 683
f 698 683 699
f 59 9 674
f 674 9 672
f 674 672 673
f 673 672 675
f 673 675 279
f 279 675 280
f 87 700 88
f 701 486 485
f 1 3 482
f 73 702 75
f 75 702 703
f 75 703 77
f 81 79 704
f 704 79 77
f 704 77 705
f 705 77 703
f 706 707 83
f 700 87 707
f 707 87 85
f 707 85 83
f 90 708 63
f 63 708 709
f 63 709 16
f 16 709 17
f 17 709 710
f 17 710 20
f 20 710 664
f 20 664 21
f 711 703 712
f 712 703 702
f 712 702 71
f 71 702 73
f 71 1 712
f 712 1 482
f 712 482 711
f 711 482 483
f 711 483 703
f 703 483 713
f 703 713 705
f 705 713 714
f 705 714 704
f 704 714 706
f 704 706 81
f 81 706 83
f 483 484 713
f 713 484 715
f 713 715 714
f 714 715 716
f 714 716 706
f 706 716 717
f 706 717 707
f 707 717 718
f 707 718 700
f 700 718 719
f 700 719 88
f 88 719 708
f 88 708 89
f 89 708 90
f 484 486 715
f 715 486 701
f 715 701 716
f 716 701 720
f 716 720 717
f 717 720 721
f 717 721 718
f 718 721 722
f 718 722 719
f 719 722 723
f 719 723 708
f 708 723 724
f 708 724 709
f 709 724 725
f 709 725 710
f 710 725 726
f 710 726 664
f 664 726 683
f 485 727 701
f 701 727 728
f 701 728 720
f 720 728 729
f 720 729 721
f 721 729 730
f 721 730 722
f 722 730 731
f 722 731 723
f 723 731 732
f 723 732 724
f 724 732 733
f 724 733 725
f 725 733 734
f 725 734 726
f 726 734 699
f 726 699 683
f 264 735 265
f 265 735 736
f 265 736 440
f 440 736 441
f 441 736 737
f 441 737 738
f 588 739 740
f 588 740 587
f 587 740 741
f 587 741 586
f 586 741 742
f 586 742 584
f 743 744 745
f 746 747 748
f 748 747 749
f 750 751 752
f 752 751 753
f 752 753 754
f 755 756 757
f 757 756 758
f 757 758 759
f 759 758 750
f 759 750 760
f 760 750 752
f 761 762 763
f 763 762 764
f 763 764 765
f 766 767 768
f 768 767 769
f 768 769 770
f 770 771 768
f 768 771 745
f 768 745 772
f 772 745 744
f 772 744 773
f 774 775 776
f 776 775 777
f 776 777 778
f 778 777 779
f 778 779 780
f 780 779 781
f 780 781 782
f 782 781 783
f 782 783 784
f 775 773 777
f 777 773 744
f 777 744 779
f 779 744 743
f 779 743 781
f 781 743 785
f 781 785 783
f 783 785 786
f 770 787 771
f 771 787 761
f 771 761 745
f 745 761 763
f 745 763 743
f 743 763 765
f 743 765 785
f 785 765 788
f 785 788 786
f 786 788 746
f 786 746 783
f 783 746 748
f 783 748 784
f 784 748 749
f 784 749 789
f 789 749 790
f 789 790 791
f 792 755 793
f 794 795 796
f 796 795 797
f 796 797 798
f 798 797 799
f 798 799 800
f 800 799 801
f 800 801 802
f 802 801 803
f 802 803 804
f 804 803 792
f 804 792 805
f 805 792 793
f 795 774 797
f 797 774 776
f 797 776 799
f 799 776 778
f 799 778 801
f 801 778 780
f 801 780 803
f 803 780 782
f 803 782 792
f 792 782 784
f 792 784 755
f 755 784 789
f 755 789 756
f 756 789 791
f 760 806 759
f 759 806 807
f 759 807 757
f 757 807 808
f 757 808 755
f 755 808 809
f 755 809 793
f 810 811 812
f 813 814 815
f 816 817 818
f 819 820 821
f 820 822 768
f 768 822 823
f 768 823 766
f 819 821 824
f 824 821 825
f 824 825 817
f 826 827 828
f 828 827 829
f 829 827 830
f 829 830 813
f 831 832 833
f 832 831 834
f 834 831 835
f 834 835 836
f 811 810 836
f 836 810 837
f 836 837 834
f 838 839 840
f 840 839 841
f 840 841 842
f 842 841 812
f 842 812 843
f 843 812 811
f 843 811 844
f 844 811 845
f 845 811 836
f 845 836 846
f 846 836 835
f 846 835 847
f 848 849 850
f 826 851 833
f 833 851 852
f 833 852 831
f 831 852 848
f 831 848 835
f 835 848 850
f 835 850 847
f 826 828 851
f 851 828 853
f 851 853 852
f 852 853 854
f 852 854 848
f 848 854 855
f 848 855 849
f 813 815 829
f 829 815 856
f 829 856 828
f 828 856 857
f 828 857 853
f 853 857 858
f 853 858 854
f 854 858 859
f 854 859 855
f 816 818 814
f 814 818 860
f 814 860 815
f 815 860 861
f 815 861 856
f 856 861 862
f 856 862 857
f 857 862 863
f 857 863 858
f 858 863 864
f 858 864 859
f 817 825 818
f 818 825 865
f 818 865 860
f 860 865 866
f 860 866 861
f 861 866 867
f 861 867 862
f 862 867 868
f 862 868 863
f 863 868 869
f 863 869 864
f 820 768 821
f 821 768 772
f 821 772 825
f 825 772 773
f 825 773 865
f 865 773 775
f 865 775 866
f 866 775 774
f 866 774 867
f 867 774 795
f 867 795 868
f 868 795 794
f 868 794 869
f 272 271 870
f 278 277 871
f 274 273 872
f 394 262 873
f 410 676 692
f 676 410 411
f 874 735 264
f 738 737 875
f 875 737 876
f 877 878 802
f 802 878 879
f 802 879 800
f 800 879 880
f 800 880 798
f 798 880 881
f 798 881 796
f 796 881 882
f 796 882 794
f 802 804 877
f 877 804 805
f 877 805 883
f 699 884 698
f 698 884 885
f 698 885 697
f 697 885 886
f 697 886 696
f 696 886 887
f 696 887 695
f 695 887 888
f 695 888 694
f 694 888 889
f 694 889 693
f 693 889 890
f 693 890 692
f 692 890 891
f 692 891 410
f 410 891 261
f 884 892 885
f 885 892 893
f 885 893 886
f 886 893 894
f 886 894 887
f 887 894 895
f 887 895 888
f 888 895 896
f 888 896 889
f 889 896 897
f 889 897 890
f 890 897 898
f 890 898 891
f 891 898 873
f 891 873 261
f 261 873 262
f 892 899 893
f 893 899 900
f 893 900 894
f 894 900 901
f 894 901 895
f 895 901 902
f 895 902 896
f 896 902 903
f 896 903 897
f 897 903 904
f 897 904 898
f 898 904 905
f 898 905 873
f 873 905 872
f 873 872 394
f 394 872 273
f 899 906 900
f 900 906 907
f 900 907 901
f 901 907 908
f 901 908 902
f 902 908 909
f 902 909 903
f 903 909 910
f 903 910 904
f 904 910 911
f 904 911 905
f 905 911 912
f 905 912 872
f 872 912 913
f 872 913 274
f 274 913 871
f 274 871 277
f 805 793 883
f 883 793 809
f 883 809 914
f 906 915 907
f 907 915 916
f 907 916 908
f 908 916 917
f 908 917 909
f 909 917 918
f 909 918 910
f 910 918 919
f 910 919 911
f 911 919 920
f 911 920 912
f 912 920 921
f 912 921 913
f 913 921 922
f 913 922 871
f 871 922 923
f 871 923 278
f 278 923 269
f 915 924 916
f 916 924 925
f 916 925 917
f 917 925 926
f 917 926 918
f 918 926 927
f 918 927 919
f 919 927 928
f 919 928 920
f 920 928 929
f 920 929 921
f 921 929 930
f 921 930 922
f 922 930 931
f 922 931 923
f 923 931 870
f 923 870 269
f 269 870 271
f 924 932 925
f 925 932 933
f 925 933 926
f 926 933 934
f 926 934 927
f 927 934 935
f 927 935 928
f 928 935 936
f 928 936 929
f 929 936 937
f 929 937 930
f 930 937 938
f 930 938 931
f 931 938 939
f 931 939 870
f 870 939 940
f 870 940 272
f 272 940 941
f 272 941 461
f 461 941 267
f 809 808 914
f 914 808 807
f 914 807 942
f 942 807 806
f 932 943 933
f 933 943 944
f 933 944 934
f 934 944 945
f 934 945 935
f 935 945 946
f 935 946 936
f 936 946 947
f 936 947 937
f 937 947 948
f 937 948 938
f 938 948 949
f 938 949 939
f 939 949 950
f 939 950 940
f 940 950 951
f 940 951 941
f 941 951 874
f 941 874 267
f 267 874 264
f 806 760 942
f 942 760 752
f 942 752 876
f 876 752 754
f 876 754 875
f 943 952 944
f 944 952 953
f 944 953 945
f 945 953 954
f 945 954 946
f 946 954 955
f 946 955 947
f 947 955 956
f 947 956 948
f 948 956 957
f 948 957 949
f 949 957 958
f 949 958 950
f 950 958 959
f 950 959 951
f 951 959 960
f 951 960 874
f 874 960 961
f 874 961 735
f 735 961 736
f 952 882 953
f 953 882 881
f 953 881 954
f 954 881 880
f 954 880 955
f 955 880 879
f 955 879 956
f 956 879 878
f 956 878 957
f 957 878 877
f 957 877 958
f 958 877 883
f 958 883 959
f 959 883 914
f 959 914 960
f 960 914 942
f 960 942 961
f 961 942 876
f 961 876 736
f 736 876 737
f 734 733 962
f 733 732 963
f 964 855 859
f 732 731 965
f 731 730 966
f 730 729 967
f 968 838 969
f 502 970 500
f 500 970 971
f 500 971 499
f 972 468 973
f 973 468 499
f 973 499 974
f 975 589 972
f 972 589 469
f 972 469 468
f 975 472 471
f 975 471 589
f 976 494 977
f 977 494 472
f 978 979 490
f 490 492 978
f 978 492 493
f 978 493 976
f 976 493 495
f 976 495 494
f 979 728 490
f 490 728 727
f 490 727 485
f 968 969 739
f 739 969 740
f 740 969 980
f 740 980 741
f 741 980 970
f 741 970 742
f 742 970 502
f 742 502 584
f 499 971 974
f 974 971 970
f 974 970 981
f 981 970 980
f 981 980 982
f 982 980 969
f 982 969 983
f 983 969 838
f 983 838 840
f 472 975 977
f 977 975 972
f 977 972 984
f 984 972 973
f 984 973 985
f 985 973 974
f 985 974 986
f 986 974 981
f 986 981 987
f 987 981 982
f 987 982 988
f 988 982 983
f 988 983 989
f 840 842 983
f 983 842 843
f 983 843 989
f 989 843 844
f 989 844 845
f 845 990 989
f 989 990 991
f 989 991 988
f 988 991 992
f 988 992 987
f 987 992 993
f 987 993 986
f 986 993 994
f 986 994 985
f 985 994 995
f 985 995 984
f 984 995 996
f 984 996 977
f 977 996 997
f 977 997 976
f 976 997 998
f 976 998 978
f 978 998 967
f 978 967 979
f 979 967 729
f 979 729 728
f 730 967 966
f 966 967 998
f 966 998 999
f 999 998 997
f 999 997 1000
f 1000 997 996
f 1000 996 1001
f 1001 996 995
f 1001 995 1002
f 1002 995 994
f 1002 994 1003
f 1003 994 993
f 1003 993 1004
f 1004 993 992
f 1004 992 1005
f 1005 992 991
f 1005 991 1006
f 1006 991 990
f 1006 990 1007
f 845 846 990
f 990 846 847
f 990 847 1007
f 1007 847 850
f 1007 850 849
f 731 966 965
f 965 966 999
f 965 999 1008
f 1008 999 1000
f 1008 1000 1009
f 1009 1000 1001
f 1009 1001 1010
f 1010 1001 1002
f 1010 1002 1011
f 1011 1002 1003
f 1011 1003 1012
f 1012 1003 1004
f 1012 1004 1013
f 1013 1004 1005
f 1013 1005 1014
f 1014 1005 1006
f 1014 1006 1015
f 1015 1006 1007
f 1015 1007 964
f 964 1007 849
f 964 849 855
f 732 965 963
f 963 965 1008
f 963 1008 1016
f 1016 1008 1009
f 1016 1009 1017
f 1017 1009 1010
f 1017 1010 1018
f 1018 1010 1011
f 1018 1011 1019
f 1019 1011 1012
f 1019 1012 1020
f 1020 1012 1013
f 1020 1013 1021
f 1021 1013 1014
f 1021 1014 1022
f 1022 1014 1015
f 1022 1015 1023
f 1023 1015 964
f 1023 964 1024
f 1024 964 859
f 1024 859 864
f 733 963 962
f 962 963 1016
f 962 1016 1025
f 1025 1016 1017
f 1025 1017 1026
f 1026 1017 1018
f 1026 1018 1027
f 1027 1018 1019
f 1027 1019 1028
f 1028 1019 1020
f 1028 1020 1029
f 1029 1020 1021
f 1029 1021 1030
f 1030 1021 1022
f 1030 1022 1031
f 1031 1022 1023
f 1031 1023 1032
f 1032 1023 1024
f 1032 1024 1033
f 1033 1024 864
f 1033 864 869
f 734 962 1034
f 1034 962 1025
f 1034 1025 1035
f 1035 1025 1026
f 1035 1026 1036
f 1036 1026 1027
f 1036 1027 1037
f 1037 1027 1028
f 1037 1028 1038
f 1038 1028 1029
f 1038 1029 1039
f 1039 1029 1030
f 1039 1030 1040
f 1040 1030 1031
f 1040 1031 1041
f 1041 1031 1032
f 1041 1032 1042
f 1042 1032 1033
f 1042 1033 1043
f 1043 1033 869
f 1043 869 794
f 794 882 1043
f 1043 882 952
f 1043 952 1042
f 1042 952 943
f 1042 943 1041
f 1041 943 932
f 1041 932 1040
f 1040 932 924
f 1040 924 1039
f 1039 924 915
f 1039 915 1038
f 1038 915 906
f 1038 906 1037
f 1037 906 899
f 1037 899 1036
f 1036 899 892
f 1036 892 1035
f 1035 892 884
f 1035 884 1034
f 1034 884 699
f 1034 699 734
f 1044 1045 1046
f 1046 1045 1047
f 1046 1047 1048
f 1048 1047 1049
f 1048 1049 1050
f 1050 1049 1051
f 1050 1051 1052
f 1052 1051 1053
f 1052 1053 1054
f 1054 1053 1055
f 1054 1055 1056
f 1056 1055 1057
f 35 91 1055
f 1055 91 1057
f 1057 91 65
f 1057 65 67
f 1055 1053 35
f 35 1053 1051
f 35 1051 36
f 36 1051 1049
f 36 1049 38
f 38 1049 1047
f 38 1047 43
f 43 1047 1045
f 43 1045 47
f 1058 1059 67
f 1056 1060 69
f 69 1060 1061
f 69 1061 1062
f 1063 1064 67
f 1059 1065 67
f 67 1065 1066
f 67 1066 1057
f 1057 1066 1067
f 1057 1067 1068
f 1069 1070 1056
f 1056 1070 1071
f 1056 1071 1072
f 1072 1073 1056
f 1056 1073 1074
f 1056 1074 1060
f 1062 1075 69
f 69 1075 1076
f 69 1076 1077
f 1077 1078 69
f 69 1078 1079
f 69 1079 1080
f 1068 1081 1057
f 1057 1081 1082
f 1057 1082 1083
f 1064 1084 67
f 67 1084 1085
f 67 1085 1058
f 1083 1086 1057
f 1057 1086 1087
f 1057 1087 1088
f 1080 1089 69
f 69 1089 1090
f 69 1090 67
f 67 1090 1091
f 67 1091 1063
f 1088 1092 1057
f 1057 1092 1093
f 1057 1093 1056
f 1056 1093 1094
f 1056 1094 1069
f 1056 69 64
f 1056 64 1054
f 1054 64 34
f 1054 34 1052
f 1052 34 32
f 1052 32 1050
f 1050 32 30
f 1050 30 1048
f 1048 30 1046
f 1046 30 28
f 1046 28 1044
f 1044 28 49
f 1044 49 48
f 1095 1044 1096
f 1096 1044 48
f 1096 48 1097
f 1095 1098 1044
f 1044 1098 1099
f 1044 1099 1100
f 1100 1101 1044
f 1044 1101 1102
f 1044 1102 1103
f 1104 1105 1045
f 1045 1106 1107
f 1107 1108 1045
f 1045 1108 1109
f 1045 1109 47
f 47 1109 1110
f 47 1110 1111
f 1111 1112 47
f 47 1112 1113
f 47 1113 1114
f 1115 1116 48
f 48 1116 1117
f 48 1117 1118
f 1118 1119 48
f 48 1119 1120
f 48 1120 1097
f 1105 1121 1045
f 1045 1121 1122
f 1045 1122 1106
f 1114 1123 47
f 47 1123 1124
f 47 1124 1125
f 1103 1126 1044
f 1044 1126 1127
f 1044 1127 1045
f 1045 1127 1128
f 1045 1128 1104
f 1125 1129 47
f 47 1129 1130
f 47 1130 48
f 48 1130 1131
f 48 1131 1115
f 1106 1122 317
f 317 1122 318
f 318 1122 1121
f 318 1121 320
f 320 1121 1105
f 320 1105 321
f 321 1105 1104
f 321 1104 322
f 322 1104 1128
f 322 1128 323
f 323 1128 1127
f 323 1127 325
f 325 1127 1126
f 325 1126 326
f 326 1126 1103
f 326 1103 348
f 348 1103 1102
f 348 1102 347
f 347 1102 1101
f 347 1101 345
f 345 1101 1100
f 345 1100 349
f 349 1100 1099
f 349 1099 350
f 350 1099 1098
f 350 1098 351
f 351 1098 354
f 354 1098 1095
f 354 1095 355
f 355 1095 352
f 352 1095 1096
f 352 1096 353
f 353 1096 358
f 358 1096 1097
f 358 1097 357
f 357 1097 356
f 356 1097 1120
f 356 1120 359
f 359 1120 360
f 360 1120 1119
f 360 1119 361
f 361 1119 362
f 362 1119 1118
f 362 1118 363
f 363 1118 364
f 364 1118 1117
f 364 1117 365
f 365 1117 1116
f 365 1116 366
f 366 1116 1115
f 366 1115 367
f 367 1115 1131
f 367 1131 368
f 368 1131 1130
f 368 1130 245
f 245 1130 1129
f 245 1129 246
f 246 1129 1125
f 246 1125 341
f 341 1125 1124
f 341 1124 342
f 342 1124 1123
f 342 1123 343
f 343 1123 1114
f 343 1114 344
f 344 1114 1113
f 344 1113 335
f 335 1113 1112
f 335 1112 336
f 336 1112 1111
f 336 1111 337
f 1110 1109 329
f 329 340 1110
f 1110 340 339
f 1110 339 1111
f 1111 339 338
f 1111 338 337
f 1107 330 1108
f 1108 330 328
f 1108 328 1109
f 1109 328 327
f 1109 327 329
f 317 334 1106
f 1106 334 333
f 1106 333 1107
f 1107 333 331
f 1107 331 330
f 547 1060 1074
f 547 1074 548
f 548 1074 1073
f 548 1073 549
f 549 1073 1072
f 549 1072 550
f 550 1072 1071
f 550 1071 551
f 551 1071 1070
f 551 1070 552
f 552 1070 1069
f 552 1069 580
f 580 1069 1094
f 580 1094 581
f 581 1094 1093
f 581 1093 577
f 577 1093 1092
f 577 1092 578
f 578 1092 1088
f 578 1088 579
f 579 1088 1087
f 579 1087 574
f 574 1087 1086
f 574 1086 575
f 575 1086 1083
f 575 1083 582
f 1082 1081 567
f 567 569 1082
f 1082 569 570
f 1082 570 1083
f 1083 570 583
f 1083 583 582
f 1067 572 1068
f 1068 572 571
f 1068 571 1081
f 1081 571 566
f 1081 566 567
f 1066 554 1067
f 1067 554 573
f 1067 573 572
f 1078 533 1079
f 1079 533 530
f 1079 530 1080
f 1080 530 531
f 1080 531 1089
f 1089 531 532
f 1089 532 1090
f 1090 532 553
f 1090 553 1091
f 1091 553 565
f 1091 565 1063
f 1063 565 564
f 1063 564 1064
f 1064 564 562
f 1064 562 1084
f 1084 562 561
f 1084 561 1085
f 1085 561 560
f 1085 560 1058
f 1058 560 559
f 1058 559 1059
f 1059 559 558
f 1059 558 1065
f 1065 558 557
f 1065 557 1066
f 1066 557 555
f 1066 555 554
f 1077 535 1078
f 1078 535 534
f 1078 534 533
f 1076 537 1077
f 1077 537 536
f 1077 536 535
f 1075 539 1076
f 1076 539 538
f 1076 538 537
f 1062 541 1075
f 1075 541 540
f 1075 540 539
f 1061 543 1062
f 1062 543 542
f 1062 542 541
f 547 546 1060
f 1060 546 545
f 1060 545 1061
f 1061 545 544
f 1061 544 543
f 1132 1133 244
f 1134 220 1135
f 1135 220 218
f 1135 218 1136
f 216 1137 218
f 218 1137 1138
f 218 1138 1136
f 214 1139 216
f 216 1139 1140
f 216 1140 1137
f 1141 1142 212
f 212 1142 1143
f 212 1143 214
f 214 1143 1144
f 214 1144 1139
f 1141 212 1145
f 1145 212 211
f 1145 211 1146
f 1146 211 160
f 1146 160 1147
f 158 156 1148
f 1148 1149 158
f 158 1149 1150
f 158 1150 160
f 160 1150 1151
f 160 1151 1147
f 1152 1153 154
f 154 1153 1154
f 154 1154 156
f 156 1154 1155
f 156 1155 1148
f 1152 154 1156
f 1156 154 152
f 1156 152 1157
f 1157 152 150
f 1157 150 1158
f 148 193 1159
f 1159 1160 148
f 148 1160 1161
f 148 1161 150
f 150 1161 1162
f 150 1162 1158
f 1163 1164 192
f 192 1164 1165
f 192 1165 193
f 193 1165 1166
f 193 1166 1159
f 1163 192 1167
f 1167 192 190
f 1167 190 1168
f 1168 190 188
f 1168 188 1169
f 186 1170 188
f 188 1170 1171
f 188 1171 1169
f 184 1172 186
f 186 1172 1173
f 186 1173 1170
f 1174 1175 182
f 182 1175 1176
f 182 1176 184
f 184 1176 1177
f 184 1177 1172
f 1174 182 1178
f 1178 182 180
f 1178 180 1179
f 1179 180 178
f 1179 178 1180
f 244 1133 178
f 178 1133 1181
f 178 1181 1180
f 1132 244 1182
f 1182 244 243
f 1182 243 1183
f 1183 243 1184
f 1184 243 241
f 1184 241 1185
f 239 1186 241
f 241 1186 1187
f 241 1187 1185
f 1188 222 1134
f 1134 222 220
f 1189 1190 227
f 1191 237 1192
f 1192 237 235
f 1192 235 1193
f 233 231 1194
f 1194 1195 233
f 233 1195 1196
f 233 1196 235
f 235 1196 1197
f 235 1197 1193
f 1198 1199 229
f 229 1199 1200
f 229 1200 231
f 231 1200 1201
f 231 1201 1194
f 1198 229 1202
f 1202 229 228
f 1202 228 1203
f 1203 228 175
f 1203 175 1204
f 173 171 1205
f 1205 1206 173
f 173 1206 1207
f 173 1207 175
f 175 1207 1208
f 175 1208 1204
f 1209 1210 169
f 169 1210 1211
f 169 1211 171
f 171 1211 1212
f 171 1212 1205
f 1209 169 1213
f 1213 169 167
f 1213 167 1214
f 1214 167 165
f 1214 165 1215
f 163 210 1216
f 1216 1217 163
f 163 1217 1218
f 163 1218 165
f 165 1218 1219
f 165 1219 1215
f 1220 1221 209
f 209 1221 1222
f 209 1222 210
f 210 1222 1223
f 210 1223 1216
f 1220 209 1224
f 1224 209 207
f 1224 207 1225
f 1225 207 205
f 1225 205 1226
f 203 201 1227
f 1227 1228 203
f 203 1228 1229
f 203 1229 205
f 205 1229 1230
f 205 1230 1226
f 1231 1232 199
f 199 1232 1233
f 199 1233 201
f 201 1233 1234
f 201 1234 1227
f 1231 199 1235
f 1235 199 197
f 1235 197 1236
f 1236 197 195
f 1236 195 1237
f 227 1190 195
f 195 1190 1238
f 195 1238 1237
f 1189 227 1239
f 1239 227 226
f 1239 226 1240
f 1240 226 1241
f 1241 226 224
f 1241 224 1242
f 222 1188 224
f 224 1188 1243
f 224 1243 1242
f 1186 239 1191
f 1191 239 237
f 1244 1245 1246
f 1246 1245 1247
f 1246 1247 1248
f 1248 1247 1249
f 1248 1249 1250
f 1251 1252 1253
f 1250 1249 1254
f 1254 1249 1255
f 1254 1255 1256
f 1253 1252 1257
f 1257 1252 1258
f 1257 1258 1259
f 1259 1258 1260
f 1259 1260 1261
f 1261 1260 1262
f 1261 1262 1263
f 1263 1262 1264
f 1263 1264 1265
f 1265 1264 1266
f 1265 1266 1267
f 1267 1266 1268
f 1267 1268 1269
f 1270 1271 1272
f 1273 1274 1275
f 1276 1277 1278
f 1278 1277 1279
f 1270 1272 1280
f 1269 1268 1281
f 1281 1268 1282
f 1281 1282 1283
f 1283 1282 1284
f 1283 1284 1285
f 1285 1284 1286
f 1285 1286 1287
f 1287 1286 1288
f 1287 1288 1289
f 1289 1288 1290
f 1289 1290 1291
f 1292 1293 1273
f 1273 1293 1294
f 1294 1295 1273
f 1273 1295 1296
f 1273 1296 1274
f 1275 1297 1273
f 1273 1297 1298
f 1273 1298 1278
f 1278 1298 1299
f 1278 1299 1276
f 1300 1301 1302
f 1302 1301 1303
f 1302 1303 1304
f 1304 1303 1305
f 1304 1305 1306
f 1306 1305 1307
f 1306 1307 1308
f 1308 1307 1309
f 1308 1309 1310
f 1310 1309 1311
f 1310 1311 1312
f 1312 1311 1313
f 1312 1313 1314
f 1314 1313 1315
f 1314 1315 1316
f 1316 1315 1317
f 1316 1317 1318
f 1318 1317 1319
f 1318 1319 1320
f 1320 1319 1321
f 1320 1321 1322
f 1322 1321 1323
f 1322 1323 1324
f 1324 1323 1325
f 1324 1325 1326
f 1326 1325 1327
f 1326 1327 1244
f 1244 1327 1328
f 1244 1328 1245
f 1255 1329 1256
f 1256 1329 1330
f 1256 1330 1331
f 1331 1330 1332
f 1331 1332 1333
f 1333 1332 1334
f 1333 1334 1335
f 1335 1334 1336
f 1335 1336 1337
f 1337 1336 1338
f 1337 1338 1339
f 1339 1338 1340
f 1339 1340 1341
f 1341 1340 1342
f 1341 1342 1343
f 1343 1342 1344
f 1343 1344 1345
f 1345 1344 1346
f 1345 1346 1347
f 1347 1346 1348
f 1347 1348 1349
f 1349 1348 1350
f 1349 1350 1351
f 1351 1350 1352
f 1351 1352 1353
f 1353 1352 1354
f 1353 1354 1355
f 1355 1354 1356
f 1355 1356 1357
f 1358 1359 1360
f 1360 1359 1361
f 1360 1361 1362
f 1279 1363 1278
f 1278 1363 1364
f 1278 1364 1300
f 1300 1364 1365
f 1300 1365 1301
f 1356 1366 1357
f 1357 1366 1367
f 1357 1367 1272
f 1272 1367 1368
f 1272 1368 1280
f 1271 1369 1272
f 1272 1369 1370
f 1272 1370 1360
f 1360 1370 1371
f 1360 1371 1358
f 1273 1372 1292
f 1292 1372 1373
f 1292 1373 1374
f 1374 1373 1375
f 1374 1375 1376
f 1376 1375 1377
f 1376 1377 1378
f 1378 1377 1379
f 1378 1379 1380
f 1380 1379 1381
f 1380 1381 1382
f 1382 1381 1383
f 1382 1383 1384
f 1384 1383 1385
f 1384 1385 1386
f 1386 1385 1387
f 1386 1387 1388
f 1388 1387 1389
f 1388 1389 1390
f 1390 1389 1391
f 1390 1391 1392
f 1392 1391 1393
f 1392 1393 1394
f 1394 1393 1395
f 1394 1395 1396
f 1396 1395 1251
f 1396 1251 1397
f 1397 1251 1253
f 1290 1398 1291
f 1291 1398 1399
f 1291 1399 1400
f 1400 1399 1401
f 1400 1401 1402
f 1402 1401 1403
f 1402 1403 1404
f 1404 1403 1405
f 1404 1405 1406
f 1406 1405 1407
f 1406 1407 1408
f 1408 1407 1409
f 1408 1409 1410
f 1410 1409 1411
f 1410 1411 1412
f 1412 1411 1360
f 1412 1360 1413
f 1413 1360 1362
f 1186 1191 1414
f 1186 1414 1415
f 1415 1414 1416
f 1415 1416 1417
f 1417 1416 1418
f 1417 1418 1419
f 1419 1418 1420
f 1419 1420 1421
f 1421 1420 1422
f 1421 1422 1423
f 1423 1422 1424
f 1423 1424 1425
f 1425 1424 1426
f 1425 1426 1427
f 1427 1426 1428
f 1427 1428 1429
f 1429 1428 1272
f 1429 1272 1360
f 1193 1197 1430
f 1196 1195 1431
f 1201 1200 1432
f 1204 1208 1433
f 1207 1206 1434
f 1212 1211 1435
f 1215 1219 1436
f 1218 1217 1437
f 1223 1222 1438
f 1226 1230 1439
f 1229 1228 1440
f 1234 1233 1441
f 1237 1238 1442
f 1190 1189 1443
f 1240 1241 1444
f 1300 1302 1445
f 1445 1302 1446
f 1445 1446 1447
f 1447 1446 1448
f 1447 1448 1449
f 1449 1448 1450
f 1449 1450 1451
f 1451 1450 1452
f 1451 1452 1453
f 1453 1452 1454
f 1453 1454 1455
f 1455 1454 1456
f 1455 1456 1457
f 1457 1456 1458
f 1457 1458 1459
f 1459 1458 1444
f 1314 1316 1460
f 1460 1316 1461
f 1460 1461 1462
f 1462 1461 1463
f 1462 1463 1464
f 1464 1463 1465
f 1464 1465 1466
f 1466 1465 1467
f 1466 1467 1468
f 1468 1467 1469
f 1468 1469 1470
f 1470 1469 1471
f 1470 1471 1472
f 1472 1471 1473
f 1472 1473 1474
f 1474 1473 1441
f 1244 1246 1475
f 1475 1246 1476
f 1475 1476 1477
f 1477 1476 1478
f 1477 1478 1479
f 1479 1478 1480
f 1479 1480 1481
f 1481 1480 1482
f 1481 1482 1483
f 1483 1482 1484
f 1483 1484 1485
f 1485 1484 1486
f 1485 1486 1487
f 1487 1486 1488
f 1487 1488 1489
f 1489 1488 1438
f 1333 1335 1490
f 1490 1335 1491
f 1490 1491 1492
f 1492 1491 1493
f 1492 1493 1494
f 1494 1493 1495
f 1494 1495 1496
f 1496 1495 1497
f 1496 1497 1498
f 1498 1497 1499
f 1498 1499 1500
f 1500 1499 1501
f 1500 1501 1502
f 1502 1501 1503
f 1502 1503 1504
f 1504 1503 1435
f 1347 1349 1505
f 1505 1349 1506
f 1505 1506 1507
f 1507 1506 1508
f 1507 1508 1509
f 1509 1508 1510
f 1509 1510 1511
f 1511 1510 1512
f 1511 1512 1513
f 1513 1512 1514
f 1513 1514 1515
f 1515 1514 1516
f 1515 1516 1517
f 1517 1516 1518
f 1517 1518 1519
f 1519 1518 1432
f 1278 1300 1520
f 1520 1300 1445
f 1520 1445 1521
f 1521 1445 1447
f 1521 1447 1522
f 1522 1447 1449
f 1522 1449 1523
f 1523 1449 1451
f 1523 1451 1524
f 1524 1451 1453
f 1524 1453 1525
f 1525 1453 1455
f 1525 1455 1526
f 1526 1455 1457
f 1526 1457 1527
f 1527 1457 1459
f 1527 1459 1188
f 1188 1459 1243
f 1444 1241 1459
f 1459 1241 1242
f 1459 1242 1243
f 1239 1240 1528
f 1528 1240 1444
f 1528 1444 1529
f 1529 1444 1458
f 1529 1458 1530
f 1530 1458 1456
f 1530 1456 1531
f 1531 1456 1454
f 1531 1454 1532
f 1532 1454 1452
f 1532 1452 1533
f 1533 1452 1450
f 1533 1450 1534
f 1534 1450 1448
f 1534 1448 1535
f 1535 1448 1446
f 1535 1446 1304
f 1304 1446 1302
f 1304 1306 1535
f 1535 1306 1536
f 1535 1536 1534
f 1534 1536 1537
f 1534 1537 1533
f 1533 1537 1538
f 1533 1538 1532
f 1532 1538 1539
f 1532 1539 1531
f 1531 1539 1540
f 1531 1540 1530
f 1530 1540 1541
f 1530 1541 1529
f 1529 1541 1542
f 1529 1542 1528
f 1528 1542 1443
f 1528 1443 1239
f 1239 1443 1189
f 1238 1190 1442
f 1442 1190 1443
f 1442 1443 1543
f 1543 1443 1542
f 1543 1542 1544
f 1544 1542 1541
f 1544 1541 1545
f 1545 1541 1540
f 1545 1540 1546
f 1546 1540 1539
f 1546 1539 1547
f 1547 1539 1538
f 1547 1538 1548
f 1548 1538 1537
f 1548 1537 1549
f 1549 1537 1536
f 1549 1536 1308
f 1308 1536 1306
f 1236 1237 1550
f 1550 1237 1442
f 1550 1442 1551
f 1551 1442 1543
f 1551 1543 1552
f 1552 1543 1544
f 1552 1544 1553
f 1553 1544 1545
f 1553 1545 1554
f 1554 1545 1546
f 1554 1546 1555
f 1555 1546 1547
f 1555 1547 1556
f 1556 1547 1548
f 1556 1548 1557
f 1557 1548 1549
f 1557 1549 1310
f 1310 1549 1308
f 1310 1312 1557
f 1557 1312 1558
f 1557 1558 1556
f 1556 1558 1559
f 1556 1559 1555
f 1555 1559 1560
f 1555 1560 1554
f 1554 1560 1561
f 1554 1561 1553
f 1553 1561 1562
f 1553 1562 1552
f 1552 1562 1563
f 1552 1563 1551
f 1551 1563 1564
f 1551 1564 1550
f 1550 1564 1565
f 1550 1565 1236
f 1236 1565 1235
f 1312 1314 1558
f 1558 1314 1460
f 1558 1460 1559
f 1559 1460 1462
f 1559 1462 1560
f 1560 1462 1464
f 1560 1464 1561
f 1561 1464 1466
f 1561 1466 1562
f 1562 1466 1468
f 1562 1468 1563
f 1563 1468 1470
f 1563 1470 1564
f 1564 1470 1472
f 1564 1472 1565
f 1565 1472 1474
f 1565 1474 1235
f 1235 1474 1231
f 1441 1233 1474
f 1474 1233 1232
f 1474 1232 1231
f 1227 1234 1566
f 1566 1234 1441
f 1566 1441 1567
f 1567 1441 1473
f 1567 1473 1568
f 1568 1473 1471
f 1568 1471 1569
f 1569 1471 1469
f 1569 1469 1570
f 1570 1469 1467
f 1570 1467 1571
f 1571 1467 1465
f 1571 1465 1572
f 1572 1465 1463
f 1572 1463 1573
f 1573 1463 1461
f 1573 1461 1318
f 1318 1461 1316
f 1318 1320 1573
f 1573 1320 1574
f 1573 1574 1572
f 1572 1574 1575
f 1572 1575 1571
f 1571 1575 1576
f 1571 1576 1570
f 1570 1576 1577
f 1570 1577 1569
f 1569 1577 1578
f 1569 1578 1568
f 1568 1578 1579
f 1568 1579 1567
f 1567 1579 1580
f 1567 1580 1566
f 1566 1580 1440
f 1566 1440 1227
f 1227 1440 1228
f 1230 1229 1439
f 1439 1229 1440
f 1439 1440 1581
f 1581 1440 1580
f 1581 1580 1582
f 1582 1580 1579
f 1582 1579 1583
f 1583 1579 1578
f 1583 1578 1584
f 1584 1578 1577
f 1584 1577 1585
f 1585 1577 1576
f 1585 1576 1586
f 1586 1576 1575
f 1586 1575 1587
f 1587 1575 1574
f 1587 1574 1322
f 1322 1574 1320
f 1225 1226 1588
f 1588 1226 1439
f 1588 1439 1589
f 1589 1439 1581
f 1589 1581 1590
f 1590 1581 1582
f 1590 1582 1591
f 1591 1582 1583
f 1591 1583 1592
f 1592 1583 1584
f 1592 1584 1593
f 1593 1584 1585
f 1593 1585 1594
f 1594 1585 1586
f 1594 1586 1595
f 1595 1586 1587
f 1595 1587 1324
f 1324 1587 1322
f 1324 1326 1595
f 1595 1326 1596
f 1595 1596 1594
f 1594 1596 1597
f 1594 1597 1593
f 1593 1597 1598
f 1593 1598 1592
f 1592 1598 1599
f 1592 1599 1591
f 1591 1599 1600
f 1591 1600 1590
f 1590 1600 1601
f 1590 1601 1589
f 1589 1601 1602
f 1589 1602 1588
f 1588 1602 1603
f 1588 1603 1225
f 1225 1603 1224
f 1326 1244 1596
f 1596 1244 1475
f 1596 1475 1597
f 1597 1475 1477
f 1597 1477 1598
f 1598 1477 1479
f 1598 1479 1599
f 1599 1479 1481
f 1599 1481 1600
f 1600 1481 1483
f 1600 1483 1601
f 1601 1483 1485
f 1601 1485 1602
f 1602 1485 1487
f 1602 1487 1603
f 1603 1487 1489
f 1603 1489 1224
f 1224 1489 1220
f 1438 1222 1489
f 1489 1222 1221
f 1489 1221 1220
f 1216 1223 1604
f 1604 1223 1438
f 1604 1438 1605
f 1605 1438 1488
f 1605 1488 1606
f 1606 1488 1486
f 1606 1486 1607
f 1607 1486 1484
f 1607 1484 1608
f 1608 1484 1482
f 1608 1482 1609
f 1609 1482 1480
f 1609 1480 1610
f 1610 1480 1478
f 1610 1478 1611
f 1611 1478 1476
f 1611 1476 1248
f 1248 1476 1246
f 1248 1250 1611
f 1611 1250 1612
f 1611 1612 1610
f 1610 1612 1613
f 1610 1613 1609
f 1609 1613 1614
f 1609 1614 1608
f 1608 1614 1615
f 1608 1615 1607
f 1607 1615 1616
f 1607 1616 1606
f 1606 1616 1617
f 1606 1617 1605
f 1605 1617 1618
f 1605 1618 1604
f 1604 1618 1437
f 1604 1437 1216
f 1216 1437 1217
f 1219 1218 1436
f 1436 1218 1437
f 1436 1437 1619
f 1619 1437 1618
f 1619 1618 1620
f 1620 1618 1617
f 1620 1617 1621
f 1621 1617 1616
f 1621 1616 1622
f 1622 1616 1615
f 1622 1615 1623
f 1623 1615 1614
f 1623 1614 1624
f 1624 1614 1613
f 1624 1613 1625
f 1625 1613 1612
f 1625 1612 1254
f 1254 1612 1250
f 1214 1215 1626
f 1626 1215 1436
f 1626 1436 1627
f 1627 1436 1619
f 1627 1619 1628
f 1628 1619 1620
f 1628 1620 1629
f 1629 1620 1621
f 1629 1621 1630
f 1630 1621 1622
f 1630 1622 1631
f 1631 1622 1623
f 1631 1623 1632
f 1632 1623 1624
f 1632 1624 1633
f 1633 1624 1625
f 1633 1625 1256
f 1256 1625 1254
f 1256 1331 1633
f 1633 1331 1634
f 1633 1634 1632
f 1632 1634 1635
f 1632 1635 1631
f 1631 1635 1636
f 1631 1636 1630
f 1630 1636 1637
f 1630 1637 1629
f 1629 1637 1638
f 1629 1638 1628
f 1628 1638 1639
f 1628 1639 1627
f 1627 1639 1640
f 1627 1640 1626
f 1626 1640 1641
f 1626 1641 1214
f 1214 1641 1213
f 1331 1333 1634
f 1634 1333 1490
f 1634 1490 1635
f 1635 1490 1492
f 1635 1492 1636
f 1636 1492 1494
f 1636 1494 1637
f 1637 1494 1496
f 1637 1496 1638
f 1638 1496 1498
f 1638 1498 1639
f 1639 1498 1500
f 1639 1500 1640
f 1640 1500 1502
f 1640 1502 1641
f 1641 1502 1504
f 1641 1504 1213
f 1213 1504 1209
f 1435 1211 1504
f 1504 1211 1210
f 1504 1210 1209
f 1205 1212 1642
f 1642 1212 1435
f 1642 1435 1643
f 1643 1435 1503
f 1643 1503 1644
f 1644 1503 1501
f 1644 1501 1645
f 1645 1501 1499
f 1645 1499 1646
f 1646 1499 1497
f 1646 1497 1647
f 1647 1497 1495
f 1647 1495 1648
f 1648 1495 1493
f 1648 1493 1649
f 1649 1493 1491
f 1649 1491 1337
f 1337 1491 1335
f 1337 1339 1649
f 1649 1339 1650
f 1649 1650 1648
f 1648 1650 1651
f 1648 1651 1647
f 1647 1651 1652
f 1647 1652 1646
f 1646 1652 1653
f 1646 1653 1645
f 1645 1653 1654
f 1645 1654 1644
f 1644 1654 1655
f 1644 1655 1643
f 1643 1655 1656
f 1643 1656 1642
f 1642 1656 1434
f 1642 1434 1205
f 1205 1434 1206
f 1208 1207 1433
f 1433 1207 1434
f 1433 1434 1657
f 1657 1434 1656
f 1657 1656 1658
f 1658 1656 1655
f 1658 1655 1659
f 1659 1655 1654
f 1659 1654 1660
f 1660 1654 1653
f 1660 1653 1661
f 1661 1653 1652
f 1661 1652 1662
f 1662 1652 1651
f 1662 1651 1663
f 1663 1651 1650
f 1663 1650 1341
f 1341 1650 1339
f 1203 1204 1664
f 1664 1204 1433
f 1664 1433 1665
f 1665 1433 1657
f 1665 1657 1666
f 1666 1657 1658
f 1666 1658 1667
f 1667 1658 1659
f 1667 1659 1668
f 1668 1659 1660
f 1668 1660 1669
f 1669 1660 1661
f 1669 1661 1670
f 1670 1661 1662
f 1670 1662 1671
f 1671 1662 1663
f 1671 1663 1343
f 1343 1663 1341
f 1343 1345 1671
f 1671 1345 1672
f 1671 1672 1670
f 1670 1672 1673
f 1670 1673 1669
f 1669 1673 1674
f 1669 1674 1668
f 1668 1674 1675
f 1668 1675 1667
f 1667 1675 1676
f 1667 1676 1666
f 1666 1676 1677
f 1666 1677 1665
f 1665 1677 1678
f 1665 1678 1664
f 1664 1678 1679
f 1664 1679 1203
f 1203 1679 1202
f 1345 1347 1672
f 1672 1347 1505
f 1672 1505 1673
f 1673 1505 1507
f 1673 1507 1674
f 1674 1507 1509
f 1674 1509 1675
f 1675 1509 1511
f 1675 1511 1676
f 1676 1511 1513
f 1676 1513 1677
f 1677 1513 1515
f 1677 1515 1678
f 1678 1515 1517
f 1678 1517 1679
f 1679 1517 1519
f 1679 1519 1202
f 1202 1519 1198
f 1432 1200 1519
f 1519 1200 1199
f 1519 1199 1198
f 1194 1201 1680
f 1680 1201 1432
f 1680 1432 1681
f 1681 1432 1518
f 1681 1518 1682
f 1682 1518 1516
f 1682 1516 1683
f 1683 1516 1514
f 1683 1514 1684
f 1684 1514 1512
f 1684 1512 1685
f 1685 1512 1510
f 1685 1510 1686
f 1686 1510 1508
f 1686 1508 1687
f 1687 1508 1506
f 1687 1506 1351
f 1351 1506 1349
f 1351 1353 1687
f 1687 1353 1688
f 1687 1688 1686
f 1686 1688 1689
f 1686 1689 1685
f 1685 1689 1690
f 1685 1690 1684
f 1684 1690 1691
f 1684 1691 1683
f 1683 1691 1692
f 1683 1692 1682
f 1682 1692 1693
f 1682 1693 1681
f 1681 1693 1694
f 1681 1694 1680
f 1680 1694 1431
f 1680 1431 1194
f 1194 1431 1195
f 1197 1196 1430
f 1430 1196 1431
f 1430 1431 1695
f 1695 1431 1694
f 1695 1694 1696
f 1696 1694 1693
f 1696 1693 1697
f 1697 1693 1692
f 1697 1692 1698
f 1698 1692 1691
f 1698 1691 1699
f 1699 1691 1690
f 1699 1690 1700
f 1700 1690 1689
f 1700 1689 1701
f 1701 1689 1688
f 1701 1688 1355
f 1355 1688 1353
f 1192 1193 1702
f 1702 1193 1430
f 1702 1430 1703
f 1703 1430 1695
f 1703 1695 1704
f 1704 1695 1696
f 1704 1696 1705
f 1705 1696 1697
f 1705 1697 1706
f 1706 1697 1698
f 1706 1698 1707
f 1707 1698 1699
f 1707 1699 1708
f 1708 1699 1700
f 1708 1700 1709
f 1709 1700 1701
f 1709 1701 1357
f 1357 1701 1355
f 1357 1272 1709
f 1709 1272 1428
f 1709 1428 1708
f 1708 1428 1426
f 1708 1426 1707
f 1707 1426 1424
f 1707 1424 1706
f 1706 1424 1422
f 1706 1422 1705
f 1705 1422 1420
f 1705 1420 1704
f 1704 1420 1418
f 1704 1418 1703
f 1703 1418 1416
f 1703 1416 1702
f 1702 1416 1414
f 1702 1414 1192
f 1192 1414 1191
f 1136 1138 1710
f 1137 1140 1711
f 1144 1143 1712
f 1147 1151 1713
f 1150 1149 1714
f 1155 1154 1715
f 1158 1162 1716
f 1161 1160 1717
f 1166 1165 1718
f 1169 1171 1719
f 1170 1173 1720
f 1177 1176 1721
f 1180 1181 1722
f 1133 1132 1723
f 1183 1184 1724
f 1411 1409 1725
f 1725 1409 1726
f 1725 1726 1727
f 1727 1726 1728
f 1727 1728 1729
f 1729 1728 1730
f 1729 1730 1731
f 1731 1730 1732
f 1731 1732 1733
f 1733 1732 1734
f 1733 1734 1735
f 1735 1734 1736
f 1735 1736 1737
f 1737 1736 1738
f 1737 1738 1739
f 1739 1738 1724
f 1398 1290 1740
f 1740 1290 1741
f 1740 1741 1742
f 1742 1741 1743
f 1742 1743 1744
f 1744 1743 1745
f 1744 1745 1746
f 1746 1745 1747
f 1746 1747 1748
f 1748 1747 1749
f 1748 1749 1750
f 1750 1749 1751
f 1750 1751 1752
f 1752 1751 1753
f 1752 1753 1754
f 1754 1753 1721
f 1266 1264 1755
f 1755 1264 1756
f 1755 1756 1757
f 1757 1756 1758
f 1757 1758 1759
f 1759 1758 1760
f 1759 1760 1761
f 1761 1760 1762
f 1761 1762 1763
f 1763 1762 1764
f 1763 1764 1765
f 1765 1764 1766
f 1765 1766 1767
f 1767 1766 1768
f 1767 1768 1769
f 1769 1768 1718
f 1395 1393 1770
f 1770 1393 1771
f 1770 1771 1772
f 1772 1771 1773
f 1772 1773 1774
f 1774 1773 1775
f 1774 1775 1776
f 1776 1775 1777
f 1776 1777 1778
f 1778 1777 1779
f 1778 1779 1780
f 1780 1779 1781
f 1780 1781 1782
f 1782 1781 1783
f 1782 1783 1784
f 1784 1783 1715
f 1381 1379 1785
f 1785 1379 1786
f 1785 1786 1787
f 1787 1786 1788
f 1787 1788 1789
f 1789 1788 1790
f 1789 1790 1791
f 1791 1790 1792
f 1791 1792 1793
f 1793 1792 1794
f 1793 1794 1795
f 1795 1794 1796
f 1795 1796 1797
f 1797 1796 1798
f 1797 1798 1799
f 1799 1798 1712
f 1360 1411 1429
f 1429 1411 1725
f 1429 1725 1427
f 1427 1725 1727
f 1427 1727 1425
f 1425 1727 1729
f 1425 1729 1423
f 1423 1729 1731
f 1423 1731 1421
f 1421 1731 1733
f 1421 1733 1419
f 1419 1733 1735
f 1419 1735 1417
f 1417 1735 1737
f 1417 1737 1415
f 1415 1737 1739
f 1415 1739 1186
f 1186 1739 1187
f 1724 1184 1739
f 1739 1184 1185
f 1739 1185 1187
f 1182 1183 1800
f 1800 1183 1724
f 1800 1724 1801
f 1801 1724 1738
f 1801 1738 1802
f 1802 1738 1736
f 1802 1736 1803
f 1803 1736 1734
f 1803 1734 1804
f 1804 1734 1732
f 1804 1732 1805
f 1805 1732 1730
f 1805 1730 1806
f 1806 1730 1728
f 1806 1728 1807
f 1807 1728 1726
f 1807 1726 1407
f 1407 1726 1409
f 1407 1405 1807
f 1807 1405 1808
f 1807 1808 1806
f 1806 1808 1809
f 1806 1809 1805
f 1805 1809 1810
f 1805 1810 1804
f 1804 1810 1811
f 1804 1811 1803
f 1803 1811 1812
f 1803 1812 1802
f 1802 1812 1813
f 1802 1813 1801
f 1801 1813 1814
f 1801 1814 1800
f 1800 1814 1723
f 1800 1723 1182
f 1182 1723 1132
f 1181 1133 1722
f 1722 1133 1723
f 1722 1723 1815
f 1815 1723 1814
f 1815 1814 1816
f 1816 1814 1813
f 1816 1813 1817
f 1817 1813 1812
f 1817 1812 1818
f 1818 1812 1811
f 1818 1811 1819
f 1819 1811 1810
f 1819 1810 1820
f 1820 1810 1809
f 1820 1809 1821
f 1821 1809 1808
f 1821 1808 1403
f 1403 1808 1405
f 1179 1180 1822
f 1822 1180 1722
f 1822 1722 1823
f 1823 1722 1815
f 1823 1815 1824
f 1824 1815 1816
f 1824 1816 1825
f 1825 1816 1817
f 1825 1817 1826
f 1826 1817 1818
f 1826 1818 1827
f 1827 1818 1819
f 1827 1819 1828
f 1828 1819 1820
f 1828 1820 1829
f 1829 1820 1821
f 1829 1821 1401
f 1401 1821 1403
f 1401 1399 1829
f 1829 1399 1830
f 1829 1830 1828
f 1828 1830 1831
f 1828 1831 1827
f 1827 1831 1832
f 1827 1832 1826
f 1826 1832 1833
f 1826 1833 1825
f 1825 1833 1834
f 1825 1834 1824
f 1824 1834 1835
f 1824 1835 1823
f 1823 1835 1836
f 1823 1836 1822
f 1822 1836 1837
f 1822 1837 1179
f 1179 1837 1178
f 1399 1398 1830
f 1830 1398 1740
f 1830 1740 1831
f 1831 1740 1742
f 1831 1742 1832
f 1832 1742 1744
f 1832 1744 1833
f 1833 1744 1746
f 1833 1746 1834
f 1834 1746 1748
f 1834 1748 1835
f 1835 1748 1750
f 1835 1750 1836
f 1836 1750 1752
f 1836 1752 1837
f 1837 1752 1754
f 1837 1754 1178
f 1178 1754 1174
f 1721 1176 1754
f 1754 1176 1175
f 1754 1175 1174
f 1172 1177 1838
f 1838 1177 1721
f 1838 1721 1839
f 1839 1721 1753
f 1839 1753 1840
f 1840 1753 1751
f 1840 1751 1841
f 1841 1751 1749
f 1841 1749 1842
f 1842 1749 1747
f 1842 1747 1843
f 1843 1747 1745
f 1843 1745 1844
f 1844 1745 1743
f 1844 1743 1845
f 1845 1743 1741
f 1845 1741 1288
f 1288 1741 1290
f 1288 1286 1845
f 1845 1286 1846
f 1845 1846 1844
f 1844 1846 1847
f 1844 1847 1843
f 1843 1847 1848
f 1843 1848 1842
f 1842 1848 1849
f 1842 1849 1841
f 1841 1849 1850
f 1841 1850 1840
f 1840 1850 1851
f 1840 1851 1839
f 1839 1851 1852
f 1839 1852 1838
f 1838 1852 1720
f 1838 1720 1172
f 1172 1720 1173
f 1171 1170 1719
f 1719 1170 1720
f 1719 1720 1853
f 1853 1720 1852
f 1853 1852 1854
f 1854 1852 1851
f 1854 1851 1855
f 1855 1851 1850
f 1855 1850 1856
f 1856 1850 1849
f 1856 1849 1857
f 1857 1849 1848
f 1857 1848 1858
f 1858 1848 1847
f 1858 1847 1859
f 1859 1847 1846
f 1859 1846 1284
f 1284 1846 1286
f 1168 1169 1860
f 1860 1169 1719
f 1860 1719 1861
f 1861 1719 1853
f 1861 1853 1862
f 1862 1853 1854
f 1862 1854 1863
f 1863 1854 1855
f 1863 1855 1864
f 1864 1855 1856
f 1864 1856 1865
f 1865 1856 1857
f 1865 1857 1866
f 1866 1857 1858
f 1866 1858 1867
f 1867 1858 1859
f 1867 1859 1282
f 1282 1859 1284
f 1282 1268 1867
f 1867 1268 1868
f 1867 1868 1866
f 1866 1868 1869
f 1866 1869 1865
f 1865 1869 1870
f 1865 1870 1864
f 1864 1870 1871
f 1864 1871 1863
f 1863 1871 1872
f 1863 1872 1862
f 1862 1872 1873
f 1862 1873 1861
f 1861 1873 1874
f 1861 1874 1860
f 1860 1874 1875
f 1860 1875 1168
f 1168 1875 1167
f 1268 1266 1868
f 1868 1266 1755
f 1868 1755 1869
f 1869 1755 1757
f 1869 1757 1870
f 1870 1757 1759
f 1870 1759 1871
f 1871 1759 1761
f 1871 1761 1872
f 1872 1761 1763
f 1872 1763 1873
f 1873 1763 1765
f 1873 1765 1874
f 1874 1765 1767
f 1874 1767 1875
f 1875 1767 1769
f 1875 1769 1167
f 1167 1769 1163
f 1718 1165 1769
f 1769 1165 1164
f 1769 1164 1163
f 1159 1166 1876
f 1876 1166 1718
f 1876 1718 1877
f 1877 1718 1768
f 1877 1768 1878
f 1878 1768 1766
f 1878 1766 1879
f 1879 1766 1764
f 1879 1764 1880
f 1880 1764 1762
f 1880 1762 1881
f 1881 1762 1760
f 1881 1760 1882
f 1882 1760 1758
f 1882 1758 1883
f 1883 1758 1756
f 1883 1756 1262
f 1262 1756 1264
f 1262 1260 1883
f 1883 1260 1884
f 1883 1884 1882
f 1882 1884 1885
f 1882 1885 1881
f 1881 1885 1886
f 1881 1886 1880
f 1880 1886 1887
f 1880 1887 1879
f 1879 1887 1888
f 1879 1888 1878
f 1878 1888 1889
f 1878 1889 1877
f 1877 1889 1890
f 1877 1890 1876
f 1876 1890 1717
f 1876 1717 1159
f 1159 1717 1160
f 1162 1161 1716
f 1716 1161 1717
f 1716 1717 1891
f 1891 1717 1890
f 1891 1890 1892
f 1892 1890 1889
f 1892 1889 1893
f 1893 1889 1888
f 1893 1888 1894
f 1894 1888 1887
f 1894 1887 1895
f 1895 1887 1886
f 1895 1886 1896
f 1896 1886 1885
f 1896 1885 1897
f 1897 1885 1884
f 1897 1884 1258
f 1258 1884 1260
f 1157 1158 1898
f 1898 1158 1716
f 1898 1716 1899
f 1899 1716 1891
f 1899 1891 1900
f 1900 1891 1892
f 1900 1892 1901
f 1901 1892 1893
f 1901 1893 1902
f 1902 1893 1894
f 1902 1894 1903
f 1903 1894 1895
f 1903 1895 1904
f 1904 1895 1896
f 1904 1896 1905
f 1905 1896 1897
f 1905 1897 1252
f 1252 1897 1258
f 1252 1251 1905
f 1905 1251 1906
f 1905 1906 1904
f 1904 1906 1907
f 1904 1907 1903
f 1903 1907 1908
f 1903 1908 1902
f 1902 1908 1909
f 1902 1909 1901
f 1901 1909 1910
f 1901 1910 1900
f 1900 1910 1911
f 1900 1911 1899
f 1899 1911 1912
f 1899 1912 1898
f 1898 1912 1913
f 1898 1913 1157
f 1157 1913 1156
f 1251 1395 1906
f 1906 1395 1770
f 1906 1770 1907
f 1907 1770 1772
f 1907 1772 1908
f 1908 1772 1774
f 1908 1774 1909
f 1909 1774 1776
f 1909 1776 1910
f 1910 1776 1778
f 1910 1778 1911
f 1911 1778 1780
f 1911 1780 1912
f 1912 1780 1782
f 1912 1782 1913
f 1913 1782 1784
f 1913 1784 1156
f 1156 1784 1152
f 1715 1154 1784
f 1784 1154 1153
f 1784 1153 1152
f 1148 1155 1914
f 1914 1155 1715
f 1914 1715 1915
f 1915 1715 1783
f 1915 1783 1916
f 1916 1783 1781
f 1916 1781 1917
f 1917 1781 1779
f 1917 1779 1918
f 1918 1779 1777
f 1918 1777 1919
f 1919 1777 1775
f 1919 1775 1920
f 1920 1775 1773
f 1920 1773 1921
f 1921 1773 1771
f 1921 1771 1391
f 1391 1771 1393
f 1391 1389 1921
f 1921 1389 1922
f 1921 1922 1920
f 1920 1922 1923
f 1920 1923 1919
f 1919 1923 1924
f 1919 1924 1918
f 1918 1924 1925
f 1918 1925 1917
f 1917 1925 1926
f 1917 1926 1916
f 1916 1926 1927
f 1916 1927 1915
f 1915 1927 1928
f 1915 1928 1914
f 1914 1928 1714
f 1914 1714 1148
f 1148 1714 1149
f 1151 1150 1713
f 1713 1150 1714
f 1713 1714 1929
f 1929 1714 1928
f 1929 1928 1930
f 1930 1928 1927
f 1930 1927 1931
f 1931 1927 1926
f 1931 1926 1932
f 1932 1926 1925
f 1932 1925 1933
f 1933 1925 1924
f 1933 1924 1934
f 1934 1924 1923
f 1934 1923 1935
f 1935 1923 1922
f 1935 1922 1387
f 1387 1922 1389
f 1146 1147 1936
f 1936 1147 1713
f 1936 1713 1937
f 1937 1713 1929
f 1937 1929 1938
f 1938 1929 1930
f 1938 1930 1939
f 1939 1930 1931
f 1939 1931 1940
f 1940 1931 1932
f 1940 1932 1941
f 1941 1932 1933
f 1941 1933 1942
f 1942 1933 1934
f 1942 1934 1943
f 1943 1934 1935
f 1943 1935 1385
f 1385 1935 1387
f 1385 1383 1943
f 1943 1383 1944
f 1943 1944 1942
f 1942 1944 1945
f 1942 1945 1941
f 1941 1945 1946
f 1941 1946 1940
f 1940 1946 1947
f 1940 1947 1939
f 1939 1947 1948
f 1939 1948 1938
f 1938 1948 1949
f 1938 1949 1937
f 1937 1949 1950
f 1937 1950 1936
f 1936 1950 1951
f 1936 1951 1146
f 1146 1951 1145
f 1383 1381 1944
f 1944 1381 1785
f 1944 1785 1945
f 1945 1785 1787
f 1945 1787 1946
f 1946 1787 1789
f 1946 1789 1947
f 1947 1789 1791
f 1947 1791 1948
f 1948 1791 1793
f 1948 1793 1949
f 1949 1793 1795
f 1949 1795 1950
f 1950 1795 1797
f 1950 1797 1951
f 1951 1797 1799
f 1951 1799 1145
f 1145 1799 1141
f 1712 1143 1799
f 1799 1143 1142
f 1799 1142 1141
f 1139 1144 1952
f 1952 1144 1712
f 1952 1712 1953
f 1953 1712 1798
f 1953 1798 1954
f 1954 1798 1796
f 1954 1796 1955
f 1955 1796 1794
f 1955 1794 1956
f 1956 1794 1792
f 1956 1792 1957
f 1957 1792 1790
f 1957 1790 1958
f 1958 1790 1788
f 1958 1788 1959
f 1959 1788 1786
f 1959 1786 1377
f 1377 1786 1379
f 1377 1375 1959
f 1959 1375 1960
f 1959 1960 1958
f 1958 1960 1961
f 1958 1961 1957
f 1957 1961 1962
f 1957 1962 1956
f 1956 1962 1963
f 1956 1963 1955
f 1955 1963 1964
f 1955 1964 1954
f 1954 1964 1965
f 1954 1965 1953
f 1953 1965 1966
f 1953 1966 1952
f 1952 1966 1711
f 1952 1711 1139
f 1139 1711 1140
f 1138 1137 1710
f 1710 1137 1711
f 1710 1711 1967
f 1967 1711 1966
f 1967 1966 1968
f 1968 1966 1965
f 1968 1965 1969
f 1969 1965 1964
f 1969 1964 1970
f 1970 1964 1963
f 1970 1963 1971
f 1971 1963 1962
f 1971 1962 1972
f 1972 1962 1961
f 1972 1961 1973
f 1973 1961 1960
f 1973 1960 1373
f 1373 1960 1375
f 1135 1136 1974
f 1974 1136 1710
f 1974 1710 1975
f 1975 1710 1967
f 1975 1967 1976
f 1976 1967 1968
f 1976 1968 1977
f 1977 1968 1969
f 1977 1969 1978
f 1978 1969 1970
f 1978 1970 1979
f 1979 1970 1971
f 1979 1971 1980
f 1980 1971 1972
f 1980 1972 1981
f 1981 1972 1973
f 1981 1973 1372
f 1372 1973 1373
f 1372 1273 1981
f 1981 1273 1982
f 1981 1982 1980
f 1980 1982 1983
f 1980 1983 1979
f 1979 1983 1984
f 1979 1984 1978
f 1978 1984 1985
f 1978 1985 1977
f 1977 1985 1986
f 1977 1986 1976
f 1976 1986 1987
f 1976 1987 1975
f 1975 1987 1988
f 1975 1988 1974
f 1974 1988 1989
f 1974 1989 1135
f 1135 1989 1134
f 1188 1134 1989
f 1188 1989 1527
f 1527 1989 1988
f 1527 1988 1526
f 1526 1988 1987
f 1526 1987 1525
f 1525 1987 1986
f 1525 1986 1524
f 1524 1986 1985
f 1524 1985 1523
f 1523 1985 1984
f 1523 1984 1522
f 1522 1984 1983
f 1522 1983 1521
f 1521 1983 1982
f 1521 1982 1520
f 1520 1982 1273
f 1520 1273 1278
f 110 108 238
f 238 108 236
f 100 221 101
f 101 221 223
f 101 223 103
f 103 223 225
f 103 225 104
f 104 225 194
f 104 194 105
f 105 194 196
f 105 196 111
f 111 196 198
f 111 198 112
f 112 198 200
f 112 200 113
f 113 200 202
f 113 202 114
f 114 202 204
f 114 204 115
f 115 204 206
f 115 206 97
f 97 206 208
f 97 208 98
f 98 208 162
f 98 162 116
f 116 162 164
f 116 164 117
f 117 164 166
f 117 166 118
f 118 166 168
f 118 168 125
f 125 168 170
f 125 170 126
f 126 170 172
f 126 172 119
f 119 172 174
f 119 174 120
f 120 174 176
f 120 176 121
f 121 176 230
f 121 230 106
f 106 230 232
f 106 232 107
f 107 232 234
f 107 234 108
f 108 234 236
f 100 122 221
f 221 122 219
f 110 238 137
f 137 238 240
f 137 240 138
f 138 240 242
f 138 242 139
f 139 242 177
f 139 177 140
f 140 177 179
f 140 179 141
f 141 179 181
f 141 181 142
f 142 181 183
f 142 183 145
f 145 183 185
f 145 185 146
f 146 185 187
f 146 187 127
f 127 187 189
f 127 189 128
f 128 189 191
f 128 191 129
f 129 191 147
f 129 147 130
f 130 147 149
f 130 149 131
f 131 149 151
f 131 151 132
f 132 151 153
f 132 153 133
f 133 153 155
f 133 155 134
f 134 155 157
f 134 157 135
f 135 157 159
f 135 159 136
f 136 159 161
f 136 161 143
f 143 161 213
f 143 213 144
f 144 213 215
f 144 215 124
f 124 215 217
f 124 217 122
f 122 217 219
f 24 27 109
f 109 27 99
f 22 24 109
f 22 109 19
f 19 109 123
f 19 123 18
f 18 123 33
f 33 123 102
f 99 27 29
f 99 29 102
f 102 29 31
f 102 31 33
f 1990 1991 1992
f 1993 1994 1995
f 1996 1997 1998
f 1999 2000 2001
f 2002 2003 2004
f 2005 2006 2007
f 2008 2009 2010
f 2011 1259 1261
f 2012 2013 2014
f 2015 2016 2017
f 2018 2019 766
f 2020 2021 2022
f 1259 2011 1257
f 766 823 2018
f 2018 823 822
f 2018 822 2023
f 2023 822 820
f 2023 820 2024
f 2024 820 819
f 2024 819 2025
f 2025 819 824
f 2025 824 2026
f 2026 824 817
f 2026 817 2027
f 2027 817 816
f 2027 816 2028
f 2028 816 814
f 2028 814 2029
f 2029 814 813
f 2029 813 2030
f 2030 813 830
f 2030 830 2031
f 2031 830 827
f 2031 827 2032
f 2032 827 826
f 2032 826 2033
f 2033 826 833
f 2033 833 2034
f 2034 833 832
f 2034 832 2035
f 2035 832 834
f 2035 834 2036
f 2036 834 837
f 2036 837 2037
f 2037 837 810
f 2037 810 2038
f 2038 810 812
f 2038 812 2039
f 2016 2019 2017
f 2017 2019 2018
f 2017 2018 2040
f 2040 2018 2023
f 2040 2023 2041
f 2041 2023 2024
f 2041 2024 2042
f 2042 2024 2025
f 2042 2025 2043
f 2043 2025 2026
f 2043 2026 2044
f 2044 2026 2027
f 2044 2027 2045
f 2045 2027 2028
f 2045 2028 2046
f 2046 2028 2029
f 2046 2029 2047
f 2047 2029 2030
f 2047 2030 2048
f 2048 2030 2031
f 2048 2031 2049
f 2049 2031 2032
f 2049 2032 2050
f 2050 2032 2033
f 2050 2033 2051
f 2051 2033 2034
f 2051 2034 2052
f 2052 2034 2035
f 2052 2035 2053
f 2053 2035 2036
f 2053 2036 2054
f 2054 2036 2037
f 2054 2037 2055
f 2055 2037 2038
f 2055 2038 2056
f 2056 2038 2039
f 2056 2039 2057
f 2014 2013 2015
f 2014 2015 2058
f 2058 2015 2017
f 2058 2017 2059
f 2059 2017 2040
f 2059 2040 2060
f 2060 2040 2041
f 2060 2041 2061
f 2061 2041 2042
f 2061 2042 2062
f 2062 2042 2043
f 2062 2043 2063
f 2063 2043 2044
f 2063 2044 2064
f 2064 2044 2045
f 2064 2045 2065
f 2065 2045 2046
f 2065 2046 2066
f 2066 2046 2047
f 2066 2047 2067
f 2067 2047 2048
f 2067 2048 2068
f 2068 2048 2049
f 2068 2049 2069
f 2069 2049 2050
f 2069 2050 2070
f 2070 2050 2051
f 2070 2051 2071
f 2071 2051 2052
f 2071 2052 2072
f 2072 2052 2053
f 2072 2053 2073
f 2073 2053 2054
f 2073 2054 2074
f 2074 2054 2055
f 2074 2055 2075
f 2075 2055 2056
f 2075 2056 2076
f 2076 2056 2057
f 2076 2057 2007
f 838 2009 839
f 839 2009 2008
f 839 2008 841
f 838 2077 2009
f 2009 2077 2078
f 2009 2078 2010
f 2010 2078 2079
f 2010 2079 2080
f 812 841 2039
f 2039 841 2008
f 2039 2008 2057
f 2057 2008 2010
f 2057 2010 2007
f 2007 2010 2080
f 2007 2080 2005
f 2006 2002 2007
f 2007 2002 2004
f 2007 2004 2076
f 2076 2004 2081
f 2076 2081 2075
f 2075 2081 2082
f 2075 2082 2074
f 2074 2082 2083
f 2074 2083 2073
f 2073 2083 2084
f 2073 2084 2072
f 2072 2084 2085
f 2072 2085 2071
f 2071 2085 2086
f 2071 2086 2070
f 2070 2086 2087
f 2070 2087 2069
f 2069 2087 2088
f 2069 2088 2068
f 2068 2088 2089
f 2068 2089 2067
f 2067 2089 2090
f 2067 2090 2066
f 2066 2090 2091
f 2066 2091 2065
f 2065 2091 2092
f 2065 2092 2064
f 2064 2092 2093
f 2064 2093 2063
f 2063 2093 2094
f 2063 2094 2062
f 2062 2094 2095
f 2062 2095 2061
f 2061 2095 2096
f 2061 2096 2060
f 2060 2096 2097
f 2060 2097 2059
f 2059 2097 2098
f 2059 2098 2058
f 2058 2098 2099
f 2058 2099 2014
f 2014 2099 2022
f 2014 2022 2012
f 2012 2022 2021
f 2003 1999 2004
f 2004 1999 2001
f 2004 2001 2081
f 2081 2001 2100
f 2081 2100 2082
f 2082 2100 2101
f 2082 2101 2083
f 2083 2101 2102
f 2083 2102 2084
f 2084 2102 2103
f 2084 2103 2085
f 2085 2103 2104
f 2085 2104 2086
f 2086 2104 2105
f 2086 2105 2087
f 2087 2105 2106
f 2087 2106 2088
f 2088 2106 2107
f 2088 2107 2089
f 2089 2107 2108
f 2089 2108 2090
f 2090 2108 2109
f 2090 2109 2091
f 2091 2109 2110
f 2091 2110 2092
f 2092 2110 2111
f 2092 2111 2093
f 2093 2111 2112
f 2093 2112 2094
f 2094 2112 2113
f 2094 2113 2095
f 2095 2113 2114
f 2095 2114 2096
f 2096 2114 2115
f 2096 2115 2097
f 2097 2115 2116
f 2097 2116 2098
f 2098 2116 2117
f 2098 2117 2099
f 2099 2117 2118
f 2099 2118 2022
f 2022 2118 2119
f 2022 2119 2020
f 2020 2119 2120
f 2000 1996 2001
f 2001 1996 1998
f 2001 1998 2100
f 2100 1998 2121
f 2100 2121 2101
f 2101 2121 2122
f 2101 2122 2102
f 2102 2122 2123
f 2102 2123 2103
f 2103 2123 2124
f 2103 2124 2104
f 2104 2124 2125
f 2104 2125 2105
f 2105 2125 2126
f 2105 2126 2106
f 2106 2126 2127
f 2106 2127 2107
f 2107 2127 2128
f 2107 2128 2108
f 2108 2128 2129
f 2108 2129 2109
f 2109 2129 2130
f 2109 2130 2110
f 2110 2130 2131
f 2110 2131 2111
f 2111 2131 2132
f 2111 2132 2112
f 2112 2132 2133
f 2112 2133 2113
f 2113 2133 2134
f 2113 2134 2114
f 2114 2134 2135
f 2114 2135 2115
f 2115 2135 2136
f 2115 2136 2116
f 2116 2136 2137
f 2116 2137 2117
f 2117 2137 2138
f 2117 2138 2118
f 2118 2138 2139
f 2118 2139 2119
f 2119 2139 2140
f 2119 2140 2120
f 1997 1993 1998
f 1998 1993 1995
f 1998 1995 2121
f 2121 1995 2141
f 2121 2141 2122
f 2122 2141 2142
f 2122 2142 2123
f 2123 2142 2143
f 2123 2143 2124
f 2124 2143 2144
f 2124 2144 2125
f 2125 2144 2145
f 2125 2145 2126
f 2126 2145 2146
f 2126 2146 2127
f 2127 2146 2147
f 2127 2147 2128
f 2128 2147 2148
f 2128 2148 2129
f 2129 2148 2149
f 2129 2149 2130
f 2130 2149 2150
f 2130 2150 2131
f 2131 2150 2151
f 2131 2151 2132
f 2132 2151 2152
f 2132 2152 2133
f 2133 2152 2153
f 2133 2153 2134
f 2134 2153 2154
f 2134 2154 2135
f 2135 2154 2155
f 2135 2155 2136
f 2136 2155 2156
f 2136 2156 2137
f 2137 2156 2157
f 2137 2157 2138
f 2138 2157 2158
f 2138 2158 2139
f 2139 2158 2159
f 2139 2159 2140
f 2140 2159 2160
f 2140 2160 2120
f 2120 2160 2161
f 1994 1990 1995
f 1995 1990 1992
f 1995 1992 2141
f 2141 1992 2162
f 2141 2162 2142
f 2142 2162 2163
f 2142 2163 2143
f 2143 2163 2164
f 2143 2164 2144
f 2144 2164 2165
f 2144 2165 2145
f 2145 2165 2166
f 2145 2166 2146
f 2146 2166 2167
f 2146 2167 2147
f 2147 2167 2168
f 2147 2168 2148
f 2148 2168 2169
f 2148 2169 2149
f 2149 2169 2170
f 2149 2170 2150
f 2150 2170 2171
f 2150 2171 2151
f 2151 2171 2172
f 2151 2172 2152
f 2152 2172 2173
f 2152 2173 2153
f 2153 2173 2174
f 2153 2174 2154
f 2154 2174 2175
f 2154 2175 2155
f 2155 2175 2176
f 2155 2176 2156
f 2156 2176 2177
f 2156 2177 2157
f 2157 2177 2178
f 2157 2178 2158
f 2158 2178 2179
f 2158 2179 2159
f 2159 2179 2180
f 2159 2180 2160
f 2160 2180 2181
f 2160 2181 2161
f 2161 2181 2011
f 2011 2181 1257
f 1257 2181 2180
f 1257 2180 1253
f 1253 2180 2179
f 1253 2179 1397
f 1397 2179 2178
f 1397 2178 1396
f 1396 2178 2177
f 1396 2177 1394
f 1394 2177 2176
f 1394 2176 1392
f 1392 2176 2175
f 1392 2175 1390
f 1390 2175 2174
f 1390 2174 1388
f 1388 2174 2173
f 1388 2173 1386
f 1386 2173 2172
f 1386 2172 1384
f 1384 2172 2171
f 1384 2171 1382
f 1382 2171 2170
f 1382 2170 1380
f 1380 2170 2169
f 1380 2169 1378
f 1378 2169 2168
f 1378 2168 1376
f 1376 2168 2167
f 1376 2167 1374
f 1374 2167 2166
f 1374 2166 1292
f 1292 2166 2165
f 1292 2165 1293
f 1293 2165 2164
f 1293 2164 1294
f 1294 2164 2163
f 1294 2163 1295
f 1295 2163 2162
f 1295 2162 1296
f 1296 2162 1992
f 1296 1992 1274
f 1274 1992 1991
f 1274 1991 1275
f 2182 2077 968
f 968 2077 838
f 2183 2184 2005
f 2005 2080 2183
f 2183 2080 2079
f 2183 2079 2182
f 2182 2079 2078
f 2182 2078 2077
f 2185 2003 2186
f 2186 2003 2002
f 2186 2002 2184
f 2184 2002 2006
f 2184 2006 2005
f 2187 2000 2185
f 2185 2000 1999
f 2185 1999 2003
f 2188 1997 2187
f 2187 1997 1996
f 2187 1996 2000
f 2189 1994 2188
f 2188 1994 1993
f 2188 1993 1997
f 1297 1275 2190
f 2190 1275 1991
f 2190 1991 2189
f 2189 1991 1990
f 2189 1990 1994
f 1298 1297 2191
f 2191 1297 2190
f 2191 2190 2192
f 2192 2190 2189
f 2192 2189 2193
f 2193 2189 2188
f 2193 2188 2194
f 2194 2188 2187
f 2194 2187 2195
f 2195 2187 2185
f 2195 2185 2196
f 2196 2185 2186
f 2196 2186 2197
f 2197 2186 2184
f 2197 2184 2198
f 2198 2184 2183
f 2198 2183 2199
f 2199 2183 2182
f 2199 2182 739
f 739 2182 968
f 2200 2201 2202
f 2203 2204 2205
f 2206 754 753
f 2021 2207 2012
f 2011 1261 1263
f 2012 2207 2013
f 2013 2207 2208
f 2016 2015 2209
f 2210 2211 2212
f 2212 2211 2206
f 2200 2202 2213
f 2214 2215 2216
f 2217 2218 2219
f 2220 2221 2222
f 2223 2224 2225
f 2206 753 2212
f 2212 753 751
f 2212 751 2226
f 2226 751 750
f 2226 750 2227
f 2227 750 758
f 2227 758 2228
f 2228 758 756
f 2228 756 2229
f 2229 756 791
f 2229 791 2230
f 2230 791 790
f 2230 790 2231
f 2231 790 749
f 2231 749 2232
f 2232 749 747
f 2232 747 2233
f 2233 747 746
f 2233 746 2234
f 2234 746 788
f 2234 788 2235
f 2235 788 765
f 2235 765 2236
f 2236 765 764
f 2236 764 2237
f 2237 764 762
f 2237 762 2238
f 2238 762 761
f 2238 761 2239
f 2239 761 787
f 2239 787 2240
f 2240 787 770
f 2240 770 2241
f 2241 770 769
f 2241 769 2242
f 2242 769 767
f 2242 767 2243
f 2243 767 766
f 2243 766 2019
f 2243 2244 2242
f 2242 2244 2245
f 2242 2245 2241
f 2241 2245 2246
f 2241 2246 2240
f 2240 2246 2247
f 2240 2247 2239
f 2239 2247 2248
f 2239 2248 2238
f 2238 2248 2249
f 2238 2249 2237
f 2237 2249 2250
f 2237 2250 2236
f 2236 2250 2251
f 2236 2251 2235
f 2235 2251 2252
f 2235 2252 2234
f 2234 2252 2253
f 2234 2253 2233
f 2233 2253 2254
f 2233 2254 2232
f 2232 2254 2255
f 2232 2255 2231
f 2231 2255 2256
f 2231 2256 2230
f 2230 2256 2257
f 2230 2257 2229
f 2229 2257 2258
f 2229 2258 2228
f 2228 2258 2259
f 2228 2259 2227
f 2227 2259 2260
f 2227 2260 2226
f 2226 2260 2261
f 2226 2261 2212
f 2212 2261 2205
f 2212 2205 2210
f 2210 2205 2204
f 2243 2019 2016
f 2243 2016 2244
f 2244 2016 2209
f 2244 2209 2245
f 2245 2209 2262
f 2245 2262 2246
f 2246 2262 2263
f 2246 2263 2247
f 2247 2263 2264
f 2247 2264 2248
f 2248 2264 2265
f 2248 2265 2249
f 2249 2265 2266
f 2249 2266 2250
f 2250 2266 2267
f 2250 2267 2251
f 2251 2267 2268
f 2251 2268 2252
f 2252 2268 2269
f 2252 2269 2253
f 2253 2269 2270
f 2253 2270 2254
f 2254 2270 2271
f 2254 2271 2255
f 2255 2271 2272
f 2255 2272 2256
f 2256 2272 2273
f 2256 2273 2257
f 2257 2273 2274
f 2257 2274 2258
f 2258 2274 2275
f 2258 2275 2259
f 2259 2275 2276
f 2259 2276 2260
f 2260 2276 2277
f 2260 2277 2261
f 2261 2277 2278
f 2261 2278 2205
f 2205 2278 2202
f 2205 2202 2203
f 2203 2202 2201
f 2015 2013 2209
f 2209 2013 2208
f 2209 2208 2262
f 2262 2208 2279
f 2262 2279 2263
f 2263 2279 2280
f 2263 2280 2264
f 2264 2280 2281
f 2264 2281 2265
f 2265 2281 2282
f 2265 2282 2266
f 2266 2282 2283
f 2266 2283 2267
f 2267 2283 2284
f 2267 2284 2268
f 2268 2284 2285
f 2268 2285 2269
f 2269 2285 2286
f 2269 2286 2270
f 2270 2286 2287
f 2270 2287 2271
f 2271 2287 2288
f 2271 2288 2272
f 2272 2288 2289
f 2272 2289 2273
f 2273 2289 2290
f 2273 2290 2274
f 2274 2290 2291
f 2274 2291 2275
f 2275 2291 2292
f 2275 2292 2276
f 2276 2292 2293
f 2276 2293 2277
f 2277 2293 2294
f 2277 2294 2278
f 2278 2294 2295
f 2278 2295 2202
f 2202 2295 2216
f 2202 2216 2213
f 2213 2216 2215
f 2207 2021 2296
f 2207 2296 2208
f 2208 2296 2297
f 2208 2297 2279
f 2279 2297 2298
f 2279 2298 2280
f 2280 2298 2299
f 2280 2299 2281
f 2281 2299 2300
f 2281 2300 2282
f 2282 2300 2301
f 2282 2301 2283
f 2283 2301 2302
f 2283 2302 2284
f 2284 2302 2303
f 2284 2303 2285
f 2285 2303 2304
f 2285 2304 2286
f 2286 2304 2305
f 2286 2305 2287
f 2287 2305 2306
f 2287 2306 2288
f 2288 2306 2307
f 2288 2307 2289
f 2289 2307 2308
f 2289 2308 2290
f 2290 2308 2309
f 2290 2309 2291
f 2291 2309 2310
f 2291 2310 2292
f 2292 2310 2311
f 2292 2311 2293
f 2293 2311 2312
f 2293 2312 2294
f 2294 2312 2313
f 2294 2313 2295
f 2295 2313 2314
f 2295 2314 2216
f 2216 2314 2219
f 2216 2219 2214
f 2214 2219 2218
f 2296 2315 2297
f 2297 2315 2316
f 2297 2316 2298
f 2298 2316 2317
f 2298 2317 2299
f 2299 2317 2318
f 2299 2318 2300
f 2300 2318 2319
f 2300 2319 2301
f 2301 2319 2320
f 2301 2320 2302
f 2302 2320 2321
f 2302 2321 2303
f 2303 2321 2322
f 2303 2322 2304
f 2304 2322 2323
f 2304 2323 2305
f 2305 2323 2324
f 2305 2324 2306
f 2306 2324 2325
f 2306 2325 2307
f 2307 2325 2326
f 2307 2326 2308
f 2308 2326 2327
f 2308 2327 2309
f 2309 2327 2328
f 2309 2328 2310
f 2310 2328 2329
f 2310 2329 2311
f 2311 2329 2330
f 2311 2330 2312
f 2312 2330 2331
f 2312 2331 2313
f 2313 2331 2332
f 2313 2332 2314
f 2314 2332 2333
f 2314 2333 2219
f 2219 2333 2222
f 2219 2222 2217
f 2217 2222 2221
f 2315 2334 2316
f 2316 2334 2335
f 2316 2335 2317
f 2317 2335 2336
f 2317 2336 2318
f 2318 2336 2337
f 2318 2337 2319
f 2319 2337 2338
f 2319 2338 2320
f 2320 2338 2339
f 2320 2339 2321
f 2321 2339 2340
f 2321 2340 2322
f 2322 2340 2341
f 2322 2341 2323
f 2323 2341 2342
f 2323 2342 2324
f 2324 2342 2343
f 2324 2343 2325
f 2325 2343 2344
f 2325 2344 2326
f 2326 2344 2345
f 2326 2345 2327
f 2327 2345 2346
f 2327 2346 2328
f 2328 2346 2347
f 2328 2347 2329
f 2329 2347 2348
f 2329 2348 2330
f 2330 2348 2349
f 2330 2349 2331
f 2331 2349 2350
f 2331 2350 2332
f 2332 2350 2351
f 2332 2351 2333
f 2333 2351 2352
f 2333 2352 2222
f 2222 2352 2225
f 2222 2225 2220
f 2220 2225 2224
f 2021 2020 2296
f 2296 2020 2120
f 2296 2120 2315
f 2315 2120 2161
f 2315 2161 2334
f 2334 2161 2353
f 2334 2353 2335
f 2335 2353 2354
f 2335 2354 2336
f 2336 2354 2355
f 2336 2355 2337
f 2337 2355 2356
f 2337 2356 2338
f 2338 2356 2357
f 2338 2357 2339
f 2339 2357 2358
f 2339 2358 2340
f 2340 2358 2359
f 2340 2359 2341
f 2341 2359 2360
f 2341 2360 2342
f 2342 2360 2361
f 2342 2361 2343
f 2343 2361 2362
f 2343 2362 2344
f 2344 2362 2363
f 2344 2363 2345
f 2345 2363 2364
f 2345 2364 2346
f 2346 2364 2365
f 2346 2365 2347
f 2347 2365 2366
f 2347 2366 2348
f 2348 2366 2367
f 2348 2367 2349
f 2349 2367 2368
f 2349 2368 2350
f 2350 2368 2369
f 2350 2369 2351
f 2351 2369 2370
f 2351 2370 2352
f 2352 2370 2371
f 2352 2371 2225
f 2225 2371 2372
f 2225 2372 2223
f 2223 2372 1359
f 1359 2372 1361
f 1361 2372 2371
f 1361 2371 1362
f 1362 2371 2370
f 1362 2370 1413
f 1413 2370 2369
f 1413 2369 1412
f 1412 2369 2368
f 1412 2368 1410
f 1410 2368 2367
f 1410 2367 1408
f 1408 2367 2366
f 1408 2366 1406
f 1406 2366 2365
f 1406 2365 1404
f 1404 2365 2364
f 1404 2364 1402
f 1402 2364 2363
f 1402 2363 1400
f 1400 2363 2362
f 1400 2362 1291
f 1291 2362 2361
f 1291 2361 1289
f 1289 2361 2360
f 1289 2360 1287
f 1287 2360 2359
f 1287 2359 1285
f 1285 2359 2358
f 1285 2358 1283
f 1283 2358 2357
f 1283 2357 1281
f 1281 2357 2356
f 1281 2356 1269
f 1269 2356 2355
f 1269 2355 1267
f 1267 2355 2354
f 1267 2354 1265
f 1265 2354 2353
f 1265 2353 1263
f 1263 2353 2161
f 1263 2161 2011
f 739 588 2199
f 2199 588 2373
f 2199 2373 2198
f 2198 2373 2374
f 2198 2374 2197
f 2197 2374 2375
f 2197 2375 2196
f 2196 2375 2376
f 2196 2376 2195
f 2195 2376 2377
f 2195 2377 2194
f 2194 2377 2378
f 2194 2378 2193
f 2193 2378 2379
f 2193 2379 2192
f 2192 2379 2380
f 2192 2380 2191
f 2191 2380 2381
f 2191 2381 1298
f 1298 2381 1299
f 2382 875 754
f 2383 2384 2221
f 1359 1358 2223
f 2223 1358 2385
f 2223 2385 2224
f 2224 2385 2383
f 2224 2383 2220
f 2220 2383 2221
f 2386 2387 2215
f 2215 2214 2386
f 2386 2214 2218
f 2386 2218 2384
f 2384 2218 2217
f 2384 2217 2221
f 2388 2201 2389
f 2389 2201 2200
f 2389 2200 2387
f 2387 2200 2213
f 2387 2213 2215
f 2390 2204 2388
f 2388 2204 2203
f 2388 2203 2201
f 754 2206 2382
f 2382 2206 2211
f 2382 2211 2390
f 2390 2211 2210
f 2390 2210 2204
f 738 875 2391
f 2391 875 2382
f 2391 2382 2392
f 2392 2382 2390
f 2392 2390 2393
f 2393 2390 2388
f 2393 2388 2394
f 2394 2388 2389
f 2394 2389 2395
f 2395 2389 2387
f 2395 2387 2396
f 2396 2387 2386
f 2396 2386 2397
f 2397 2386 2384
f 2397 2384 2398
f 2398 2384 2383
f 2398 2383 2399
f 2399 2383 2385
f 2399 2385 1371
f 1371 2385 1358
f 2374 2373 2400
f 2401 2402 2403
f 2404 2405 2406
f 2405 2404 2407
f 2408 2409 1247
f 1247 2409 2410
f 1247 2410 1249
f 2401 2403 258
f 258 2403 529
f 529 2403 2411
f 529 2411 527
f 527 2411 2412
f 527 2412 528
f 528 2412 2413
f 528 2413 525
f 525 2413 2414
f 525 2414 524
f 524 2414 2415
f 524 2415 522
f 1247 1245 2408
f 2408 1245 1328
f 2408 1328 2416
f 2416 1328 1327
f 2416 1327 2417
f 2417 1327 1325
f 2417 1325 2418
f 2418 1325 1323
f 2418 1323 2419
f 2419 1323 1321
f 2419 1321 2420
f 2420 1321 1319
f 2420 1319 2421
f 2421 1319 1317
f 2421 1317 2422
f 2422 1317 1315
f 2422 1315 2423
f 2423 1315 1313
f 2423 1313 2424
f 2424 1313 1311
f 2424 1311 2425
f 2425 1311 1309
f 2425 1309 2426
f 2426 1309 1307
f 2426 1307 2427
f 2427 1307 1305
f 2427 1305 2428
f 2428 1305 1303
f 2428 1303 2429
f 2429 1303 1301
f 2429 1301 2430
f 2430 1301 1365
f 2430 1365 2431
f 2431 1365 1364
f 2431 1364 2432
f 2432 1364 1363
f 2432 1363 2433
f 2433 1363 1279
f 2433 1279 2434
f 2434 1279 1277
f 2434 1277 2435
f 2435 1277 1276
f 2435 1276 2436
f 2436 1276 1299
f 1299 2381 2436
f 2436 2381 2437
f 2436 2437 2435
f 2435 2437 2438
f 2435 2438 2434
f 2434 2438 2439
f 2434 2439 2433
f 2433 2439 2440
f 2433 2440 2432
f 2432 2440 2441
f 2432 2441 2431
f 2431 2441 2442
f 2431 2442 2430
f 2430 2442 2443
f 2430 2443 2429
f 2429 2443 2444
f 2429 2444 2428
f 2428 2444 2445
f 2428 2445 2427
f 2427 2445 2446
f 2427 2446 2426
f 2426 2446 2447
f 2426 2447 2425
f 2425 2447 2448
f 2425 2448 2424
f 2424 2448 2449
f 2424 2449 2423
f 2423 2449 2450
f 2423 2450 2422
f 2422 2450 2451
f 2422 2451 2421
f 2421 2451 2452
f 2421 2452 2420
f 2420 2452 2453
f 2420 2453 2419
f 2419 2453 2454
f 2419 2454 2418
f 2418 2454 2455
f 2418 2455 2417
f 2417 2455 2456
f 2417 2456 2416
f 2416 2456 2457
f 2416 2457 2408
f 2408 2457 2458
f 2408 2458 2409
f 2409 2458 2459
f 2381 2380 2437
f 2437 2380 2460
f 2437 2460 2438
f 2438 2460 2461
f 2438 2461 2439
f 2439 2461 2462
f 2439 2462 2440
f 2440 2462 2463
f 2440 2463 2441
f 2441 2463 2464
f 2441 2464 2442
f 2442 2464 2465
f 2442 2465 2443
f 2443 2465 2466
f 2443 2466 2444
f 2444 2466 2467
f 2444 2467 2445
f 2445 2467 2468
f 2445 2468 2446
f 2446 2468 2469
f 2446 2469 2447
f 2447 2469 2470
f 2447 2470 2448
f 2448 2470 2471
f 2448 2471 2449
f 2449 2471 2472
f 2449 2472 2450
f 2450 2472 2473
f 2450 2473 2451
f 2451 2473 2474
f 2451 2474 2452
f 2452 2474 2475
f 2452 2475 2453
f 2453 2475 2476
f 2453 2476 2454
f 2454 2476 2477
f 2454 2477 2455
f 2455 2477 2478
f 2455 2478 2456
f 2456 2478 2479
f 2456 2479 2457
f 2457 2479 2480
f 2457 2480 2458
f 2458 2480 2481
f 2458 2481 2459
f 2459 2481 2482
f 2380 2379 2460
f 2460 2379 2483
f 2460 2483 2461
f 2461 2483 2484
f 2461 2484 2462
f 2462 2484 2485
f 2462 2485 2463
f 2463 2485 2486
f 2463 2486 2464
f 2464 2486 2487
f 2464 2487 2465
f 2465 2487 2488
f 2465 2488 2466
f 2466 2488 2489
f 2466 2489 2467
f 2467 2489 2490
f 2467 2490 2468
f 2468 2490 2491
f 2468 2491 2469
f 2469 2491 2492
f 2469 2492 2470
f 2470 2492 2493
f 2470 2493 2471
f 2471 2493 2494
f 2471 2494 2472
f 2472 2494 2495
f 2472 2495 2473
f 2473 2495 2496
f 2473 2496 2474
f 2474 2496 2497
f 2474 2497 2475
f 2475 2497 2498
f 2475 2498 2476
f 2476 2498 2499
f 2476 2499 2477
f 2477 2499 2500
f 2477 2500 2478
f 2478 2500 2501
f 2478 2501 2479
f 2479 2501 2502
f 2479 2502 2480
f 2480 2502 2503
f 2480 2503 2481
f 2481 2503 2504
f 2481 2504 2482
f 2482 2504 2505
f 2379 2378 2483
f 2483 2378 2506
f 2483 2506 2484
f 2484 2506 2507
f 2484 2507 2485
f 2485 2507 2508
f 2485 2508 2486
f 2486 2508 2509
f 2486 2509 2487
f 2487 2509 2510
f 2487 2510 2488
f 2488 2510 2511
f 2488 2511 2489
f 2489 2511 2512
f 2489 2512 2490
f 2490 2512 2513
f 2490 2513 2491
f 2491 2513 2514
f 2491 2514 2492
f 2492 2514 2515
f 2492 2515 2493
f 2493 2515 2516
f 2493 2516 2494
f 2494 2516 2517
f 2494 2517 2495
f 2495 2517 2518
f 2495 2518 2496
f 2496 2518 2519
f 2496 2519 2497
f 2497 2519 2520
f 2497 2520 2498
f 2498 2520 2521
f 2498 2521 2499
f 2499 2521 2522
f 2499 2522 2500
f 2500 2522 2523
f 2500 2523 2501
f 2501 2523 2524
f 2501 2524 2502
f 2502 2524 2525
f 2502 2525 2503
f 2503 2525 2526
f 2503 2526 2504
f 2504 2526 2527
f 2504 2527 2505
f 2505 2527 2528
f 2378 2377 2506
f 2506 2377 2529
f 2506 2529 2507
f 2507 2529 2530
f 2507 2530 2508
f 2508 2530 2531
f 2508 2531 2509
f 2509 2531 2532
f 2509 2532 2510
f 2510 2532 2533
f 2510 2533 2511
f 2511 2533 2534
f 2511 2534 2512
f 2512 2534 2535
f 2512 2535 2513
f 2513 2535 2536
f 2513 2536 2514
f 2514 2536 2537
f 2514 2537 2515
f 2515 2537 2538
f 2515 2538 2516
f 2516 2538 2539
f 2516 2539 2517
f 2517 2539 2540
f 2517 2540 2518
f 2518 2540 2541
f 2518 2541 2519
f 2519 2541 2542
f 2519 2542 2520
f 2520 2542 2543
f 2520 2543 2521
f 2521 2543 2544
f 2521 2544 2522
f 2522 2544 2545
f 2522 2545 2523
f 2523 2545 2546
f 2523 2546 2524
f 2524 2546 2547
f 2524 2547 2525
f 2525 2547 2548
f 2525 2548 2526
f 2526 2548 2549
f 2526 2549 2527
f 2527 2549 2550
f 2527 2550 2528
f 2528 2550 2551
f 2377 2376 2529
f 2529 2376 2552
f 2529 2552 2530
f 2530 2552 2553
f 2530 2553 2531
f 2531 2553 2554
f 2531 2554 2532
f 2532 2554 2555
f 2532 2555 2533
f 2533 2555 2556
f 2533 2556 2534
f 2534 2556 2557
f 2534 2557 2535
f 2535 2557 2558
f 2535 2558 2536
f 2536 2558 2559
f 2536 2559 2537
f 2537 2559 2560
f 2537 2560 2538
f 2538 2560 2561
f 2538 2561 2539
f 2539 2561 2562
f 2539 2562 2540
f 2540 2562 2563
f 2540 2563 2541
f 2541 2563 2564
f 2541 2564 2542
f 2542 2564 2565
f 2542 2565 2543
f 2543 2565 2566
f 2543 2566 2544
f 2544 2566 2567
f 2544 2567 2545
f 2545 2567 2568
f 2545 2568 2546
f 2546 2568 2569
f 2546 2569 2547
f 2547 2569 2570
f 2547 2570 2548
f 2548 2570 2571
f 2548 2571 2549
f 2549 2571 2572
f 2549 2572 2550
f 2550 2572 2573
f 2550 2573 2551
f 2551 2573 2574
f 2376 2375 2552
f 2552 2375 2575
f 2552 2575 2553
f 2553 2575 2576
f 2553 2576 2554
f 2554 2576 2577
f 2554 2577 2555
f 2555 2577 2578
f 2555 2578 2556
f 2556 2578 2579
f 2556 2579 2557
f 2557 2579 2580
f 2557 2580 2558
f 2558 2580 2581
f 2558 2581 2559
f 2559 2581 2582
f 2559 2582 2560
f 2560 2582 2583
f 2560 2583 2561
f 2561 2583 2584
f 2561 2584 2562
f 2562 2584 2585
f 2562 2585 2563
f 2563 2585 2586
f 2563 2586 2564
f 2564 2586 2587
f 2564 2587 2565
f 2565 2587 2588
f 2565 2588 2566
f 2566 2588 2589
f 2566 2589 2567
f 2567 2589 2590
f 2567 2590 2568
f 2568 2590 2591
f 2568 2591 2569
f 2569 2591 2592
f 2569 2592 2570
f 2570 2592 2593
f 2570 2593 2571
f 2571 2593 2594
f 2571 2594 2572
f 2572 2594 2406
f 2572 2406 2573
f 2573 2406 2405
f 2573 2405 2574
f 2574 2405 2407
f 2375 2374 2575
f 2575 2374 2400
f 2575 2400 2576
f 2576 2400 2595
f 2576 2595 2577
f 2577 2595 2596
f 2577 2596 2578
f 2578 2596 2597
f 2578 2597 2579
f 2579 2597 2598
f 2579 2598 2580
f 2580 2598 2599
f 2580 2599 2581
f 2581 2599 2600
f 2581 2600 2582
f 2582 2600 2601
f 2582 2601 2583
f 2583 2601 2602
f 2583 2602 2584
f 2584 2602 2603
f 2584 2603 2585
f 2585 2603 2604
f 2585 2604 2586
f 2586 2604 2605
f 2586 2605 2587
f 2587 2605 2606
f 2587 2606 2588
f 2588 2606 2607
f 2588 2607 2589
f 2589 2607 2608
f 2589 2608 2590
f 2590 2608 2415
f 2590 2415 2591
f 2591 2415 2414
f 2591 2414 2592
f 2592 2414 2413
f 2592 2413 2593
f 2593 2413 2412
f 2593 2412 2594
f 2594 2412 2411
f 2594 2411 2406
f 2406 2411 2403
f 2406 2403 2404
f 2404 2403 2402
f 522 2415 518
f 518 2415 2608
f 518 2608 519
f 519 2608 2607
f 519 2607 521
f 521 2607 2606
f 521 2606 516
f 516 2606 2605
f 516 2605 517
f 517 2605 2604
f 517 2604 464
f 464 2604 2603
f 464 2603 462
f 462 2603 2602
f 462 2602 512
f 512 2602 2601
f 512 2601 513
f 513 2601 2600
f 513 2600 510
f 510 2600 2599
f 510 2599 509
f 509 2599 2598
f 509 2598 507
f 507 2598 2597
f 507 2597 505
f 505 2597 2596
f 505 2596 506
f 506 2596 2595
f 506 2595 467
f 467 2595 2400
f 467 2400 465
f 465 2400 2373
f 465 2373 588
f 441 738 2609
f 2609 738 2391
f 2609 2391 2610
f 2610 2391 2392
f 2610 2392 2611
f 2611 2392 2393
f 2611 2393 2612
f 2612 2393 2394
f 2612 2394 2613
f 2613 2394 2395
f 2613 2395 2614
f 2614 2395 2396
f 2614 2396 2615
f 2615 2396 2397
f 2615 2397 2616
f 2616 2397 2398
f 2616 2398 2617
f 2617 2398 2399
f 2617 2399 1370
f 1370 2399 1371
f 2616 2617 2618
f 2410 1255 1249
f 2401 258 257
f 2404 2402 2619
f 2619 2402 2401
f 2401 257 2619
f 2619 257 295
f 2619 295 2620
f 2620 295 255
f 2620 255 2621
f 255 254 2621
f 2621 254 296
f 2621 296 2622
f 2622 296 298
f 2622 298 2623
f 2623 298 299
f 2623 299 2624
f 2624 299 301
f 2624 301 2625
f 2625 301 302
f 2625 302 2626
f 2626 302 304
f 2626 304 2627
f 2627 304 305
f 2627 305 2628
f 2628 305 251
f 2628 251 2629
f 2629 251 253
f 2629 253 2630
f 2630 253 308
f 2630 308 2631
f 2631 308 309
f 2631 309 2632
f 2632 309 249
f 2632 249 2633
f 2633 249 248
f 2633 248 2634
f 2634 248 316
f 2634 316 2635
f 2635 316 315
f 2635 315 2636
f 2636 315 313
f 2636 313 2637
f 2637 313 311
f 2637 311 2638
f 2638 311 310
f 2638 310 2639
f 2639 310 441
f 441 2609 2639
f 2639 2609 2640
f 2639 2640 2638
f 2638 2640 2641
f 2638 2641 2637
f 2637 2641 2642
f 2637 2642 2636
f 2636 2642 2643
f 2636 2643 2635
f 2635 2643 2644
f 2635 2644 2634
f 2634 2644 2645
f 2634 2645 2633
f 2633 2645 2646
f 2633 2646 2632
f 2632 2646 2647
f 2632 2647 2631
f 2631 2647 2648
f 2631 2648 2630
f 2630 2648 2649
f 2630 2649 2629
f 2629 2649 2650
f 2629 2650 2628
f 2628 2650 2651
f 2628 2651 2627
f 2627 2651 2652
f 2627 2652 2626
f 2626 2652 2653
f 2626 2653 2625
f 2625 2653 2654
f 2625 2654 2624
f 2624 2654 2655
f 2624 2655 2623
f 2623 2655 2656
f 2623 2656 2622
f 2622 2656 2657
f 2622 2657 2621
f 2621 2657 2658
f 2621 2658 2620
f 2620 2658 2659
f 2620 2659 2619
f 2619 2659 2660
f 2619 2660 2404
f 2404 2660 2661
f 2404 2661 2407
f 2407 2661 2574
f 2609 2610 2640
f 2640 2610 2662
f 2640 2662 2641
f 2641 2662 2663
f 2641 2663 2642
f 2642 2663 2664
f 2642 2664 2643
f 2643 2664 2665
f 2643 2665 2644
f 2644 2665 2666
f 2644 2666 2645
f 2645 2666 2667
f 2645 2667 2646
f 2646 2667 2668
f 2646 2668 2647
f 2647 2668 2669
f 2647 2669 2648
f 2648 2669 2670
f 2648 2670 2649
f 2649 2670 2671
f 2649 2671 2650
f 2650 2671 2672
f 2650 2672 2651
f 2651 2672 2673
f 2651 2673 2652
f 2652 2673 2674
f 2652 2674 2653
f 2653 2674 2675
f 2653 2675 2654
f 2654 2675 2676
f 2654 2676 2655
f 2655 2676 2677
f 2655 2677 2656
f 2656 2677 2678
f 2656 2678 2657
f 2657 2678 2679
f 2657 2679 2658
f 2658 2679 2680
f 2658 2680 2659
f 2659 2680 2681
f 2659 2681 2660
f 2660 2681 2682
f 2660 2682 2661
f 2661 2682 2683
f 2661 2683 2574
f 2610 2611 2662
f 2662 2611 2684
f 2662 2684 2663
f 2663 2684 2685
f 2663 2685 2664
f 2664 2685 2686
f 2664 2686 2665
f 2665 2686 2687
f 2665 2687 2666
f 2666 2687 2688
f 2666 2688 2667
f 2667 2688 2689
f 2667 2689 2668
f 2668 2689 2690
f 2668 2690 2669
f 2669 2690 2691
f 2669 2691 2670
f 2670 2691 2692
f 2670 2692 2671
f 2671 2692 2693
f 2671 2693 2672
f 2672 2693 2694
f 2672 2694 2673
f 2673 2694 2695
f 2673 2695 2674
f 2674 2695 2696
f 2674 2696 2675
f 2675 2696 2697
f 2675 2697 2676
f 2676 2697 2698
f 2676 2698 2677
f 2677 2698 2699
f 2677 2699 2678
f 2678 2699 2700
f 2678 2700 2679
f 2679 2700 2701
f 2679 2701 2680
f 2680 2701 2702
f 2680 2702 2681
f 2681 2702 2703
f 2681 2703 2682
f 2682 2703 2704
f 2682 2704 2683
f 2683 2704 2705
f 2683 2705 2574
f 2574 2705 2551
f 2611 2612 2684
f 2684 2612 2706
f 2684 2706 2685
f 2685 2706 2707
f 2685 2707 2686
f 2686 2707 2708
f 2686 2708 2687
f 2687 2708 2709
f 2687 2709 2688
f 2688 2709 2710
f 2688 2710 2689
f 2689 2710 2711
f 2689 2711 2690
f 2690 2711 2712
f 2690 2712 2691
f 2691 2712 2713
f 2691 2713 2692
f 2692 2713 2714
f 2692 2714 2693
f 2693 2714 2715
f 2693 2715 2694
f 2694 2715 2716
f 2694 2716 2695
f 2695 2716 2717
f 2695 2717 2696
f 2696 2717 2718
f 2696 2718 2697
f 2697 2718 2719
f 2697 2719 2698
f 2698 2719 2720
f 2698 2720 2699
f 2699 2720 2721
f 2699 2721 2700
f 2700 2721 2722
f 2700 2722 2701
f 2701 2722 2723
f 2701 2723 2702
f 2702 2723 2724
f 2702 2724 2703
f 2703 2724 2725
f 2703 2725 2704
f 2704 2725 2726
f 2704 2726 2705
f 2705 2726 2727
f 2705 2727 2551
f 2551 2727 2528
f 2612 2613 2706
f 2706 2613 2728
f 2706 2728 2707
f 2707 2728 2729
f 2707 2729 2708
f 2708 2729 2730
f 2708 2730 2709
f 2709 2730 2731
f 2709 2731 2710
f 2710 2731 2732
f 2710 2732 2711
f 2711 2732 2733
f 2711 2733 2712
f 2712 2733 2734
f 2712 2734 2713
f 2713 2734 2735
f 2713 2735 2714
f 2714 2735 2736
f 2714 2736 2715
f 2715 2736 2737
f 2715 2737 2716
f 2716 2737 2738
f 2716 2738 2717
f 2717 2738 2739
f 2717 2739 2718
f 2718 2739 2740
f 2718 2740 2719
f 2719 2740 2741
f 2719 2741 2720
f 2720 2741 2742
f 2720 2742 2721
f 2721 2742 2743
f 2721 2743 2722
f 2722 2743 2744
f 2722 2744 2723
f 2723 2744 2745
f 2723 2745 2724
f 2724 2745 2746
f 2724 2746 2725
f 2725 2746 2747
f 2725 2747 2726
f 2726 2747 2748
f 2726 2748 2727
f 2727 2748 2749
f 2727 2749 2528
f 2528 2749 2505
f 2613 2614 2728
f 2728 2614 2750
f 2728 2750 2729
f 2729 2750 2751
f 2729 2751 2730
f 2730 2751 2752
f 2730 2752 2731
f 2731 2752 2753
f 2731 2753 2732
f 2732 2753 2754
f 2732 2754 2733
f 2733 2754 2755
f 2733 2755 2734
f 2734 2755 2756
f 2734 2756 2735
f 2735 2756 2757
f 2735 2757 2736
f 2736 2757 2758
f 2736 2758 2737
f 2737 2758 2759
f 2737 2759 2738
f 2738 2759 2760
f 2738 2760 2739
f 2739 2760 2761
f 2739 2761 2740
f 2740 2761 2762
f 2740 2762 2741
f 2741 2762 2763
f 2741 2763 2742
f 2742 2763 2764
f 2742 2764 2743
f 2743 2764 2765
f 2743 2765 2744
f 2744 2765 2766
f 2744 2766 2745
f 2745 2766 2767
f 2745 2767 2746
f 2746 2767 2768
f 2746 2768 2747
f 2747 2768 2769
f 2747 2769 2748
f 2748 2769 2770
f 2748 2770 2749
f 2749 2770 2771
f 2749 2771 2505
f 2505 2771 2482
f 2614 2615 2750
f 2750 2615 2772
f 2750 2772 2751
f 2751 2772 2773
f 2751 2773 2752
f 2752 2773 2774
f 2752 2774 2753
f 2753 2774 2775
f 2753 2775 2754
f 2754 2775 2776
f 2754 2776 2755
f 2755 2776 2777
f 2755 2777 2756
f 2756 2777 2778
f 2756 2778 2757
f 2757 2778 2779
f 2757 2779 2758
f 2758 2779 2780
f 2758 2780 2759
f 2759 2780 2781
f 2759 2781 2760
f 2760 2781 2782
f 2760 2782 2761
f 2761 2782 2783
f 2761 2783 2762
f 2762 2783 2784
f 2762 2784 2763
f 2763 2784 2785
f 2763 2785 2764
f 2764 2785 2786
f 2764 2786 2765
f 2765 2786 2787
f 2765 2787 2766
f 2766 2787 2788
f 2766 2788 2767
f 2767 2788 2789
f 2767 2789 2768
f 2768 2789 2790
f 2768 2790 2769
f 2769 2790 2791
f 2769 2791 2770
f 2770 2791 2792
f 2770 2792 2771
f 2771 2792 2793
f 2771 2793 2482
f 2482 2793 2459
f 2615 2616 2772
f 2772 2616 2618
f 2772 2618 2773
f 2773 2618 2794
f 2773 2794 2774
f 2774 2794 2795
f 2774 2795 2775
f 2775 2795 2796
f 2775 2796 2776
f 2776 2796 2797
f 2776 2797 2777
f 2777 2797 2798
f 2777 2798 2778
f 2778 2798 2799
f 2778 2799 2779
f 2779 2799 2800
f 2779 2800 2780
f 2780 2800 2801
f 2780 2801 2781
f 2781 2801 2802
f 2781 2802 2782
f 2782 2802 2803
f 2782 2803 2783
f 2783 2803 2804
f 2783 2804 2784
f 2784 2804 2805
f 2784 2805 2785
f 2785 2805 2806
f 2785 2806 2786
f 2786 2806 2807
f 2786 2807 2787
f 2787 2807 2808
f 2787 2808 2788
f 2788 2808 2809
f 2788 2809 2789
f 2789 2809 2810
f 2789 2810 2790
f 2790 2810 2811
f 2790 2811 2791
f 2791 2811 2812
f 2791 2812 2792
f 2792 2812 2813
f 2792 2813 2793
f 2793 2813 2814
f 2793 2814 2459
f 2459 2814 2409
f 2410 2409 1255
f 1255 2409 2814
f 1255 2814 1329
f 1329 2814 2813
f 1329 2813 1330
f 1330 2813 2812
f 1330 2812 1332
f 1332 2812 2811
f 1332 2811 1334
f 1334 2811 2810
f 1334 2810 1336
f 1336 2810 2809
f 1336 2809 1338
f 1338 2809 2808
f 1338 2808 1340
f 1340 2808 2807
f 1340 2807 1342
f 1342 2807 2806
f 1342 2806 1344
f 1344 2806 2805
f 1344 2805 1346
f 1346 2805 2804
f 1346 2804 1348
f 1348 2804 2803
f 1348 2803 1350
f 1350 2803 2802
f 1350 2802 1352
f 1352 2802 2801
f 1352 2801 1354
f 1354 2801 2800
f 1354 2800 1356
f 1356 2800 2799
f 1356 2799 1366
f 1366 2799 2798
f 1366 2798 1367
f 1367 2798 2797
f 1367 2797 1368
f 1368 2797 2796
f 1368 2796 1280
f 1280 2796 2795
f 1280 2795 1270
f 1270 2795 2794
f 1270 2794 1271
f 1271 2794 2618
f 1271 2618 1369
f 1369 2618 2617
f 1369 2617 1370
