timestamp_ms,acceleration_x_m_s2,acceleration_y_m_s2,acceleration_z_m_s2
950,0.0,0.0,0.0
983,0.0,0.0,0.0
1012,0.0,0.0,0.0
1042,0.0,0.0,0.0
1071,0.0,0.0,0.0
1105,-0.78,0.76,9.44
1139,-0.79,0.7,9.52
1172,-0.76,0.72,9.46
1204,-0.79,0.77,9.48
1240,-0.76,0.74,9.51
1271,-0.76,0.73,9.5
1304,-0.78,0.78,9.51
1337,-0.79,0.77,9.51
1372,-0.78,0.75,9.5
1403,-0.78,0.74,9.5
1436,-0.77,0.8,9.39
1470,-0.76,0.79,9.6
1503,-0.78,0.81,9.61
1534,-0.77,0.9,9.39
1565,-0.76,0.88,9.78
1600,-0.69,1.06,9.53
1632,-0.72,1.05,9.53
1662,-0.75,1.0,9.58
1694,-0.71,1.01,9.56
1728,-0.73,1.02,9.5
1760,-0.7,1.04,9.45
1792,-0.7,0.99,9.52
1827,-0.72,1.01,9.52
1857,-0.7,1.01,9.47
1890,-0.71,0.99,9.5
1922,-0.72,1.02,9.56
1956,-0.71,1.01,9.5
1989,-0.7,1.02,9.53
2022,-0.71,1.0,9.51
2054,-0.71,1.06,9.5
2089,-0.71,1.04,9.52
2122,-0.7,1.02,9.51
2154,-0.72,1.08,9.53
2187,-0.72,1.03,9.51
2223,-0.71,1.03,9.53
2254,-0.68,1.05,9.52
2287,-0.69,1.05,9.52
2322,-0.7,1.04,9.5
2355,-0.7,1.03,9.53
2387,-0.69,1.05,9.5
2418,-0.71,1.0,9.53
2453,-0.72,0.98,9.49
2486,-0.73,1.0,9.52
2515,-0.7,0.96,9.54
2548,-0.74,0.9,9.52
2583,-0.74,0.86,9.52
2614,-0.74,0.87,9.51
2647,-0.76,0.88,9.51
2681,-0.75,0.79,9.5
2712,-0.7,1.02,9.5
2745,-0.75,0.95,9.54
2778,-0.74,0.95,9.56
2810,-0.74,0.96,9.51
2843,-0.72,0.94,9.53
2876,-0.72,1.01,9.52
2907,-0.74,0.91,9.51
2942,-0.72,0.98,9.49
2973,-0.67,1.1,9.53
3005,-0.67,1.0,9.5
3041,-0.68,1.01,9.5
3072,-0.65,1.14,9.5
3104,-0.66,1.11,9.53
3136,-0.72,1.04,9.5
3170,-0.67,1.13,9.51
3203,-0.68,1.08,9.52
3235,-0.67,1.12,9.47
3268,-0.66,1.17,9.5
3303,-0.68,1.1,9.5
3336,-0.67,1.13,9.49
3365,-0.91,0.55,9.55
3401,-0.72,1.15,9.55
3434,-0.66,1.13,9.53
3465,-0.65,1.19,9.51
3497,-0.64,1.18,9.51
3532,-0.66,1.2,9.44
3564,-0.65,1.21,9.55
3597,-0.66,1.24,9.67
3630,-0.65,1.14,9.52
3663,-0.65,1.2,9.48
3696,-0.66,1.19,9.48
3729,-0.62,1.13,9.48
3762,-0.65,1.18,9.46
3795,-0.68,1.21,9.52
3827,-0.65,1.16,9.48
3859,-0.67,1.17,9.48
3894,-0.64,1.18,9.55
3927,-0.67,1.17,9.54
3957,-0.65,1.17,9.49
3990,-0.66,1.16,9.51
4026,-0.64,1.14,9.49
4057,-0.65,1.16,9.54
4089,-0.66,1.18,9.5
4124,-0.64,1.15,9.49
4157,-0.64,1.14,9.52
4189,-0.65,1.16,9.51
4221,-0.66,1.19,9.51
4257,-0.65,1.17,9.52
4290,-0.67,1.16,9.53
4322,-0.64,1.16,9.51
4355,-0.67,1.17,9.5
4390,-0.66,1.16,9.52
4423,-0.67,1.19,9.5
4455,-0.66,1.15,9.52
4488,-0.65,1.16,9.54
4524,-0.64,1.19,9.51
4556,-0.66,1.18,9.54
4589,-0.65,1.17,9.51
4624,-0.65,1.18,9.5
4657,-0.67,1.16,9.48
4689,-0.67,1.16,9.52
4721,-0.66,1.17,9.52
4757,-0.66,1.16,9.51
4790,-0.67,1.19,9.53
4823,-0.66,1.2,9.5
4855,-0.66,1.18,9.52
4890,-0.63,1.19,9.5
4923,-0.66,1.15,9.53
4956,-0.65,1.18,9.5
4990,-0.63,1.21,9.54
5023,-0.64,1.2,9.5
5056,-0.67,1.21,9.56
5089,-0.66,1.21,9.49
5124,-0.63,1.12,9.48
5156,-0.66,1.19,9.51
5188,-0.65,1.17,9.5
5221,-0.66,1.16,9.52
5257,-0.66,1.18,9.5
5289,-0.64,1.16,9.52
5322,-0.65,1.17,9.51
5354,-0.66,1.19,9.53
5390,-0.66,1.17,9.53
5423,-0.66,1.18,9.5
5454,-0.67,1.17,9.5
5490,-0.65,1.2,9.48
5523,-0.65,1.2,9.52
5555,-0.64,1.16,9.54
5587,-0.64,1.21,9.52
5623,-0.64,1.17,9.5
5656,-0.67,1.2,9.53
5689,-0.66,1.19,9.59
5722,-0.65,1.2,9.57
5756,-0.64,1.2,9.49
5789,-0.69,1.21,9.56
5822,-0.65,1.18,9.54
5857,-0.62,1.21,9.48
5890,-0.66,1.21,9.5
5922,-0.62,1.18,9.5
5955,-0.67,1.18,9.59
5991,-0.68,1.2,9.55
6023,-0.64,1.17,9.49
6055,-0.67,1.19,9.54
6088,-0.64,1.19,9.53
6123,-0.65,1.19,9.56
6156,-0.63,1.2,9.52
6189,-0.64,1.19,9.52
6221,-0.65,1.17,9.5
6252,-0.63,1.2,9.47
6285,-0.65,1.18,9.53
6316,-0.66,1.17,9.5
6351,-0.65,1.17,9.52
6383,-0.64,1.18,9.49
6415,-0.67,1.19,9.7
6448,-0.7,1.03,9.4
6483,-0.62,1.22,9.56
6513,-0.65,1.17,9.5
6546,-0.65,1.17,9.51
6579,-0.65,1.18,9.5
6612,-0.64,1.18,9.48
6645,-0.65,1.21,9.52
6677,-0.65,1.18,9.5
6712,-0.64,1.2,9.49
6745,-0.64,1.18,9.52
6776,-0.65,1.21,9.5
6809,-0.63,1.21,9.5
6845,-0.65,1.2,9.5
6877,-0.66,1.2,9.5
6909,-0.67,1.26,9.5
6942,-0.63,1.29,9.5
6975,-0.63,1.27,9.51
7008,-0.62,1.26,9.53
7041,-0.66,1.21,9.5
7072,-0.66,1.23,9.5
7108,-0.66,1.25,9.54
7141,-0.64,1.29,9.55
7173,-0.65,1.24,9.45
7208,-0.63,1.25,9.54
7241,-0.65,1.25,9.51
7272,-0.64,1.26,9.52
7304,-0.66,1.23,9.5
7340,-0.66,1.29,9.53
7372,-0.68,1.2,9.49
7404,-0.66,1.27,9.5
7437,-0.67,1.32,9.49
7471,-0.64,1.3,9.47
7502,-0.69,1.28,9.49
7535,-0.66,1.27,9.5
7569,-0.66,1.23,9.48
7601,-0.67,1.24,9.54
7633,-0.67,1.22,9.51
7663,-0.71,1.2,9.49
7699,-0.7,1.15,9.49
7731,-0.68,1.2,9.52
7761,-0.7,1.21,9.5
7794,-0.69,1.17,9.51
7829,-0.7,1.2,9.54
7861,-0.67,1.13,9.49
7894,-0.64,1.19,9.52
7928,-0.66,1.17,9.53
7960,-0.64,1.21,9.52
7993,-0.56,1.15,8.89
8026,-0.61,1.08,8.78
8061,-0.68,1.22,9.55
8094,-0.69,1.15,9.59
8127,-0.65,1.19,9.47
8159,-0.66,1.24,9.6
8195,-0.65,1.22,9.47
8227,-0.67,1.22,9.6
8259,-0.63,1.19,9.51
8292,-0.65,1.19,9.57
8328,-0.65,1.2,9.57
8360,-0.65,1.19,9.45
8393,-0.63,1.18,9.41
8428,-0.66,1.23,9.71
8461,-0.68,1.2,9.45
8494,-0.62,1.21,9.49
8525,-0.65,1.16,9.54
8561,-0.67,1.17,9.45
8594,-0.62,1.2,9.51
8627,-0.64,1.2,9.55
8659,-0.67,1.2,9.52
8704,-0.63,1.2,9.52
8738,-0.64,1.19,9.51
8772,-0.65,1.2,9.51
8810,-0.63,1.2,9.52
8846,-0.63,1.21,9.49
8880,-0.66,1.22,9.49
8913,-0.63,1.18,9.49
8951,-0.67,1.19,9.55
8986,-0.65,1.19,9.52
9020,-0.63,1.2,9.51
9055,-0.63,1.21,9.5
9093,-0.65,1.2,9.5
9127,-0.64,1.2,9.49
9162,-0.65,1.19,9.52
9199,-0.66,1.19,9.48
9235,-0.66,1.17,9.53
9268,-0.64,1.17,9.48
9304,-0.66,1.2,9.54
9340,-0.65,1.19,9.52
9376,-0.64,1.21,9.51
9411,-0.64,1.23,9.5
9446,-0.66,1.19,9.5
9483,-0.64,1.19,9.52
9517,-0.66,1.23,9.51
9551,-0.65,1.2,9.51
9586,-0.64,1.18,9.52
9623,-0.64,1.17,9.51
9658,-0.67,1.21,9.5
9693,-0.64,1.19,9.5
9731,-0.66,1.17,9.5
9764,-0.64,1.2,9.49
9799,-0.64,1.2,9.49
9834,-0.65,1.2,9.53
9870,-0.63,1.19,9.5
9905,-0.65,1.19,9.51
9939,-0.65,1.2,9.5
9973,-0.61,1.23,9.51
10011,-0.64,1.2,9.54
10046,-0.66,1.2,9.54
10081,-0.62,1.21,9.51
10118,-0.66,1.17,9.47
10152,-0.66,1.19,9.52
10187,-0.65,1.21,9.49
10221,-0.64,1.2,9.49
10259,-0.65,1.18,9.54
10294,-0.64,1.19,9.51
10329,-0.65,1.18,9.5
10363,-0.63,1.21,9.51
10401,-0.65,1.22,9.51
10436,-0.64,1.19,9.54
10470,-0.63,1.19,9.49
10508,-0.64,1.19,9.51
10543,-0.62,1.21,9.51
10577,-0.64,1.21,9.52
10612,-0.64,1.21,9.49
10650,-0.66,1.18,9.53
10686,-0.65,1.17,9.51
10719,-0.65,1.17,9.5
10755,-0.65,1.23,9.5
10791,-0.65,1.22,9.5
10827,-0.62,1.15,9.51
10862,-0.62,1.2,9.53
10900,-0.64,1.22,9.52
10935,-0.65,1.19,9.53
10968,-0.64,1.19,9.5
11002,-0.67,1.22,9.5
11040,-0.66,1.22,9.51
11075,-0.64,1.2,9.55
11110,-0.62,1.2,9.5
11145,-0.65,1.22,9.54
11183,-0.64,1.21,9.5
11215,-0.65,1.21,9.52
11250,-0.64,1.19,9.5
11288,-0.64,1.21,9.53
11322,-0.64,1.21,9.51
11358,-0.65,1.19,9.51
11392,-0.66,1.22,9.5
11429,-0.64,1.22,9.5
11464,-0.64,1.19,9.51
11499,-0.64,1.2,9.51
11535,-0.63,1.21,9.51
11571,-0.65,1.19,9.49
11606,-0.65,1.22,9.52
11640,-0.64,1.18,9.55
11677,-0.63,1.21,9.51
11712,-0.64,1.19,9.51
11747,-0.65,1.21,9.53
11782,-0.63,1.19,9.51
11819,-0.63,1.2,9.47
11853,-0.64,1.21,9.54
11887,-0.66,1.13,9.52
11921,-0.63,1.17,9.54
11959,-0.68,1.1,9.54
11993,-0.66,1.14,9.54
12028,-0.7,1.01,9.53
12065,-0.65,1.11,9.5
12100,-0.72,0.96,9.52
12133,-0.63,1.11,9.5
12167,-0.66,1.15,9.34
12204,-0.7,1.08,9.53
12238,-0.69,0.97,9.5
12271,-0.7,1.02,9.52
12306,-0.7,1.04,9.49
12343,-0.69,1.04,9.54
12379,-0.69,1.05,9.51
12413,-0.68,1.05,9.55
12451,-0.69,1.01,9.51
12486,-0.68,1.04,9.52
12519,-0.69,1.03,9.52
12554,-0.71,1.06,9.53
12592,-0.7,1.08,9.53
12625,-0.68,1.06,9.52
12661,-0.68,1.05,9.46
12696,-0.67,1.08,9.52
12733,-0.68,1.07,9.52
12767,-0.67,1.06,9.51
12802,-0.67,1.11,9.53
12834,-0.64,1.1,9.51
12871,-0.68,1.12,9.51
12906,-0.67,1.11,9.54
12941,-0.67,1.11,9.53
12978,-0.64,1.1,9.51
13012,-0.68,1.14,9.54
13048,-0.66,1.1,9.51
13083,-0.67,1.11,9.51
13120,-0.67,1.1,9.51
13155,-0.68,1.09,9.53
13190,-0.66,1.11,9.53
13223,-0.68,1.1,9.54
13260,-0.66,1.08,9.52
13296,-0.65,1.13,9.51
13331,-0.68,1.12,9.54
13369,-0.66,1.1,9.5
13404,-0.67,1.1,9.51
13438,-0.67,1.09,9.52
13471,-0.67,1.11,9.51
13509,-0.66,1.11,9.49
13544,-0.67,1.1,9.48
13580,-0.67,1.11,9.5
13614,-0.67,1.09,9.54
13651,-0.67,1.08,9.52
13687,-0.67,1.13,9.53
13720,-0.68,1.06,9.5
13758,-0.65,1.08,9.5
13793,-0.67,1.12,9.55
13827,-0.66,1.1,9.5
13861,-0.73,1.0,9.55
13899,-0.65,1.13,9.52
13934,-0.66,1.14,9.52
13968,-0.67,1.08,9.5
14003,-0.68,1.11,9.52
14039,-0.68,1.14,9.53
14072,-0.63,1.14,9.5
14107,-0.65,1.13,9.52
14145,-0.67,1.12,9.54
14180,-0.68,1.13,9.52
14215,-0.66,1.12,9.54
14249,-0.67,1.12,9.51
14285,-0.69,1.09,9.5
14319,-0.67,1.12,9.54
14354,-0.67,1.09,9.52
14389,-0.66,1.12,9.51
14426,-0.69,1.12,9.5
14460,-0.66,1.12,9.52
14495,-0.67,1.09,9.51
14533,-0.67,1.12,9.5
14568,-0.68,1.09,9.51
14603,-0.67,1.1,9.52
14638,-0.68,1.11,9.52
14673,-0.67,1.1,9.54
14708,-0.67,1.1,9.5
14743,-0.65,1.12,9.51
14777,-0.68,1.1,9.56
14815,-0.67,1.12,9.53
14850,-0.7,1.09,9.53
14884,-0.67,1.11,9.53
14921,-0.67,1.07,9.51
14956,-0.68,1.08,9.53
14991,-0.68,1.12,9.53
15025,-0.66,1.12,9.51
15063,-0.67,1.1,9.53
15097,-0.68,1.1,9.49
15132,-0.66,1.13,9.51
15167,-0.68,1.09,9.5
15205,-0.66,1.13,9.54
15240,-0.68,1.11,9.52
15273,-0.69,1.1,9.51
15311,-0.62,1.12,9.5
15346,-0.66,1.14,9.53
15381,-0.69,1.11,9.51
15416,-0.67,1.09,9.54
15454,-0.65,1.15,9.54
15490,-0.64,1.11,9.48
15523,-0.61,1.08,9.5
15558,-0.69,1.11,9.53
15596,-0.67,1.15,9.5
15631,-0.67,1.09,9.55
15666,-0.67,1.13,9.52
15704,-0.63,1.14,9.52
15738,-0.66,1.14,9.53
15772,-0.67,1.13,9.51
15807,-0.67,1.13,9.53
15844,-0.62,1.14,9.52
15879,-0.64,1.17,9.5
15913,-0.63,1.18,9.52
15948,-0.64,1.16,9.55
15986,-0.67,1.14,9.57
16020,-0.65,1.15,9.54
16055,-0.73,1.03,9.89
16090,-0.61,1.0,9.41
16122,-0.53,1.32,9.52
16158,-0.66,1.21,10.55
16193,0.27,0.06,12.57
16229,-0.24,2.74,16.77
16264,1.28,-0.48,12.4
16299,2.9,1.14,1.24
16331,3.45,1.36,9.25
16369,4.1,1.39,10.86
16405,4.75,0.98,8.48
16438,4.42,2.13,7.05
16474,7.7,0.96,6.13
16509,6.68,1.38,4.41
16544,7.86,1.99,3.96
16577,7.85,0.97,1.02
16615,8.93,1.07,-2.56
16651,9.13,-0.18,0.89
16684,10.21,1.15,-1.13
16721,9.49,0.74,0.65
16756,9.55,0.8,0.33
16789,9.41,0.41,0.33
16822,9.46,0.43,-0.83
16860,9.63,0.28,-0.67
16894,9.55,0.17,-0.7
16927,9.5,0.3,-0.03
16974,9.33,0.0,0.78
17009,9.51,0.47,0.49
17044,9.7,0.82,0.36
17077,9.63,0.72,0.21
17116,9.52,0.33,0.0
17150,9.58,0.59,0.13
17183,9.49,0.36,0.31
17218,9.53,0.31,0.16
17257,9.44,0.22,0.53
17291,9.48,0.65,1.0
17324,9.6,0.49,-0.16
17361,9.59,0.61,0.02
17396,9.52,0.53,0.22
17431,9.6,0.57,0.22
17466,9.53,0.54,0.4
17503,9.46,0.38,0.25
17537,9.59,0.48,-0.09
17570,9.52,0.47,0.29
17608,9.54,0.58,0.44
17643,9.53,0.57,0.19
17676,9.56,0.63,0.42
17711,9.52,0.53,0.32
17747,9.53,0.57,0.35
17783,9.53,0.64,0.55
17818,9.57,0.74,0.1
17853,9.42,0.28,0.37
17889,9.53,0.56,0.3
17923,9.48,0.63,0.47
17956,9.58,0.77,0.3
17992,9.6,0.78,0.18
18025,9.54,0.67,0.31
18061,9.54,0.71,0.45
18095,9.49,0.65,0.55
18129,9.52,0.69,0.38
18164,9.57,0.81,0.3
18199,9.5,0.69,0.47
18231,9.55,0.74,0.27
18269,9.49,0.81,0.55
18305,9.54,0.84,0.42
18337,9.53,0.84,0.38
18374,9.51,0.75,0.26
18409,9.56,0.94,0.28
18442,9.47,0.81,0.71
18476,9.54,0.83,0.23
18513,9.57,0.86,0.47
18548,9.55,0.83,0.37
18583,9.57,0.77,0.3
18619,9.55,0.96,0.51
18657,9.51,0.78,0.57
18690,9.53,0.8,0.49
18723,9.53,0.89,0.48
18760,9.49,0.82,0.63
18795,9.52,0.77,0.52
18829,9.55,0.91,0.35
18864,9.52,0.82,0.46
18902,9.54,0.89,0.48
18936,9.51,0.84,0.4
18971,9.55,0.93,0.44
19008,9.5,0.78,0.49
19042,9.5,0.82,0.41
19075,9.54,0.86,0.56
19108,9.54,0.98,0.44
19145,9.56,0.96,0.38
19179,9.52,0.92,0.54
19214,9.51,0.82,0.54
19249,9.56,0.95,0.24
19284,9.53,0.87,0.39
19319,9.52,0.86,0.56
19354,9.54,0.85,0.4
19390,9.55,0.91,0.43
19424,9.53,0.86,0.28
19459,9.51,0.82,0.46
19494,9.53,0.89,0.36
19530,9.52,0.85,0.41
19565,9.55,0.96,0.34
19600,9.54,0.93,0.47
19635,9.52,0.88,0.31
19673,9.54,0.9,0.3
19707,9.55,0.95,0.45
19742,9.5,0.93,0.49
19778,9.54,0.93,0.36
19813,9.52,0.85,0.38
19848,9.53,0.93,0.37
19881,9.59,1.03,0.34
19918,9.52,0.93,0.47
19953,9.55,0.9,0.36
19988,9.54,0.94,0.38
20025,9.52,0.9,0.46
20060,9.52,0.95,0.41
20096,9.54,0.9,0.34
20128,9.54,0.91,0.27
20166,9.48,0.88,0.58
20200,9.5,0.96,0.68
20233,9.54,0.91,0.26
20269,9.52,0.96,0.45
20305,9.52,0.94,0.51
20340,9.52,0.95,0.5
20374,9.56,0.87,0.13
20412,9.55,0.94,0.35
20446,9.51,0.94,0.52
20478,9.56,0.97,0.23
20513,9.53,1.07,0.5
20551,9.54,1.08,0.58
20584,9.53,1.03,0.53
20619,9.54,1.07,0.49
20656,9.58,1.0,0.32
20690,9.55,1.06,0.45
20724,9.5,1.02,0.51
20759,9.54,0.98,0.4
20918,9.48,0.92,0.63
20954,9.56,1.12,0.53
20987,9.54,1.03,0.26
21021,9.52,0.87,0.41
21059,9.52,1.01,0.55
21094,9.53,0.94,0.43
21127,9.54,0.97,0.3
21165,9.55,1.0,0.4
21199,9.55,1.02,0.56
21233,9.54,1.06,0.58
21268,9.52,0.92,0.35
21306,9.5,0.89,0.6
21339,9.46,0.74,0.48
21373,9.52,0.92,0.52
21407,9.52,0.99,0.5
21445,9.56,1.03,0.47
21478,9.56,1.01,0.41
21514,9.52,0.98,0.46
21551,9.53,1.02,0.56
21586,9.53,1.03,0.61
21621,9.54,1.07,0.54
21656,9.52,0.91,0.41
21694,9.53,0.98,0.52
21728,9.52,0.97,0.44
21763,9.49,0.92,0.59
21799,9.51,0.87,0.52
21832,9.55,0.93,0.3
21867,9.59,1.1,0.46
21902,9.53,0.96,0.56
21940,9.51,1.05,0.59
21974,9.5,1.04,0.6
22008,9.52,0.98,0.67
22044,9.52,1.09,0.46
22080,9.61,0.96,0.42
22114,9.49,1.01,0.61
22149,9.57,1.01,0.41
22185,9.54,1.03,0.56
22220,9.52,0.96,0.54
22255,9.51,0.88,0.41
22288,9.56,1.03,0.48
22325,9.55,0.91,0.26
22360,9.67,1.03,-0.09
22393,9.35,0.96,-1.41
22426,9.85,1.12,-1.8
22464,7.78,0.9,0.12
22499,8.11,2.08,1.72
22532,7.27,1.55,-1.07
22569,5.01,2.22,3.66
22605,2.28,0.88,6.83
22638,4.25,1.11,7.43
22673,3.67,0.9,8.4
22711,1.11,0.76,10.89
22746,-0.26,0.42,9.93
22778,3.01,-1.49,7.52
22816,7.35,-10.09,-24.09
22851,-0.66,0.98,9.5
22884,-0.78,0.67,9.44
22919,-0.76,0.74,9.55
22957,-0.71,0.7,9.53
22990,-0.73,0.67,9.57
23024,-0.67,0.72,9.5
23062,-0.59,0.84,9.6
23095,-0.54,0.8,9.5
23128,-0.66,0.75,9.53
23162,-0.67,0.72,9.51
23198,-0.69,0.68,9.52
23232,-0.64,0.8,9.56
23267,-0.66,0.64,9.48
23302,-0.71,0.82,9.59
23337,-0.54,1.06,9.48
23372,-0.81,0.55,9.54
23408,-0.73,0.72,9.5
23444,-0.7,0.85,9.55
23477,-0.71,0.8,9.52
23512,-0.73,0.72,9.52
23545,-0.68,0.89,9.51
23580,-0.72,0.76,9.5
23615,-0.77,0.9,9.54
23650,-0.34,1.44,9.58
23683,-0.5,1.29,9.48
23720,-0.57,1.21,9.55
23756,-0.53,1.19,9.51
23789,-0.59,1.13,9.51
23827,-0.59,1.15,9.55
23862,-0.57,1.17,9.51
23896,-0.6,1.18,9.5
23929,-0.57,1.19,9.54
23968,-0.57,1.14,9.52
24002,-0.55,1.16,9.54
24038,-0.6,1.15,9.53
24073,-0.57,1.14,9.53
24111,-0.59,1.14,9.51
24145,-0.6,1.16,9.54
24178,-0.57,1.14,9.53
24216,-0.6,1.15,9.5
24251,-0.58,1.18,9.49
24285,-0.59,1.15,9.49
24320,-0.6,1.11,9.56
24357,-0.57,1.14,9.51
24392,-0.57,1.15,9.5
24427,-0.59,1.14,9.47
24461,-0.59,1.15,9.58
24499,-0.56,1.12,9.49
24532,-0.57,1.15,9.54
24567,-0.59,1.16,9.56
24605,-0.61,1.09,9.53
24640,-0.59,1.16,9.51
24675,-0.56,1.15,9.52
24710,-0.57,1.14,9.54
24747,-0.61,1.13,9.5
24780,-0.58,1.16,9.55
24815,-0.56,1.15,9.51
24850,-0.56,1.13,9.53
24886,-0.58,1.15,9.53
24921,-0.57,1.14,9.5
24955,-0.57,1.15,9.56
24993,-0.62,1.14,9.53
25027,-0.6,1.16,9.48
25062,-0.57,1.15,9.53
25097,-0.6,1.14,9.52
25133,-0.6,1.15,9.51
25167,-0.58,1.14,9.52
25202,-0.58,1.13,9.53
25236,-0.53,1.22,9.69
25283,-0.56,1.23,9.55
25319,-0.64,1.02,9.63
25354,-0.45,1.13,9.52
25389,-0.66,1.19,9.53
25426,-0.61,1.03,9.52
25461,-0.58,1.1,9.59
25496,-0.59,1.21,9.5
25532,-0.53,1.16,9.55
25567,-0.59,1.14,9.54
25602,-0.61,1.17,9.51
25635,-0.58,1.14,9.53
25672,-0.58,1.11,9.53
25707,-0.56,1.15,9.51
25742,-0.59,1.13,9.55
25777,-0.58,1.15,9.5
25814,-0.59,1.16,9.55
25848,-0.59,1.12,9.56
25882,-0.55,1.15,9.5
25920,-0.6,1.13,9.54
25955,-0.59,1.15,9.52
25990,-0.58,1.15,9.5
26024,-0.58,1.15,9.52
26062,-0.57,1.13,9.56
26097,-0.58,1.16,9.66
26130,-0.59,1.16,9.48
26165,-0.56,1.13,9.51
26203,-0.58,1.12,9.49
26236,-0.57,1.14,9.43
26271,-0.58,1.16,9.56
26309,-0.56,1.16,9.5
26344,-0.58,1.13,9.46
26378,-0.59,1.14,9.48
26413,-0.57,1.15,9.52
26450,-0.56,1.13,9.52
26484,-0.6,1.18,9.5
26520,-0.56,1.14,9.52
26555,-0.58,1.15,9.54
26593,-0.59,1.14,9.51
26627,-0.59,1.15,9.52
26661,-0.56,1.13,9.53
26699,-0.59,1.15,9.53
26733,-0.59,1.16,9.49
26768,-0.58,1.14,9.52
26803,-0.56,1.13,9.52
26841,-0.57,1.16,9.53
26875,-0.57,1.16,9.52
26910,-0.58,1.13,9.55
26945,-0.57,1.16,9.52
26982,-0.58,1.17,9.51
27017,-0.56,1.16,9.51
27052,-0.57,1.17,9.51
27088,-0.6,1.15,9.51
27123,-0.58,1.15,9.52
27158,-0.55,1.17,9.53
27193,-0.57,1.16,9.5
27230,-0.6,1.16,9.5
27265,-0.58,1.15,9.5
27300,-0.58,1.17,9.54
27334,-0.57,1.16,9.49
27372,-0.58,1.13,9.54
27407,-0.57,1.14,9.54
27442,-0.59,1.14,9.51
27480,-0.57,1.16,9.53
27514,-0.56,1.15,9.53
27549,-0.58,1.15,9.54
27583,-0.59,1.16,9.5
27621,-0.59,1.14,9.52
27656,-0.59,1.15,9.54
27692,-0.58,1.17,9.52
27726,-0.58,1.17,9.52
27763,-0.56,1.15,9.53
27798,-0.56,1.14,9.51
27832,-0.59,1.12,9.52
27870,-0.57,1.16,9.51
27905,-0.57,1.16,9.52
27940,-0.58,1.14,9.53
27975,-0.58,1.14,9.5
28013,-0.49,1.16,9.39
28048,-0.58,1.16,9.57
28081,-0.55,1.16,9.41
28115,-0.7,1.11,9.58
28153,-0.57,1.2,9.5
28188,-0.56,1.13,9.63
28223,-0.55,1.16,9.48
28261,-0.59,1.2,9.55
28296,-0.6,1.15,9.58
28329,-0.56,1.17,9.55
28364,-0.56,1.16,9.48
28403,-0.58,1.17,9.55
28437,-0.58,1.15,9.51
28472,-0.59,1.17,9.54
28508,-0.57,1.17,9.52
28546,-0.56,1.17,9.54
28579,-0.58,1.16,9.5
28614,-0.62,1.15,9.54
28652,-0.59,1.16,9.54
28686,-0.59,1.17,9.53
28721,-0.56,1.17,9.53
28755,-0.58,1.17,9.52
28793,-0.57,1.16,9.52
28828,-0.57,1.17,9.51
28863,-0.58,1.16,9.52
28898,-0.55,1.16,9.5
28934,-0.59,1.18,9.56
28969,-0.56,1.15,9.45
29004,-0.59,1.15,9.52
29041,-0.54,1.19,9.52
29077,-0.56,1.13,9.55
29112,-0.58,1.16,9.51
29147,-0.59,1.15,9.5
29184,-0.57,1.16,9.52
29218,-0.63,1.14,9.55
29253,-0.56,1.17,9.52
29288,-0.58,1.13,9.52
29326,-0.59,1.17,9.51
29361,-0.57,1.16,9.51
29395,-0.58,1.17,9.59
29432,-0.58,1.17,9.48
29468,-0.57,1.13,9.55
29503,-0.59,1.17,9.53
29537,-0.57,1.18,9.48
29575,-0.57,1.16,9.52
29611,-0.58,1.15,9.52
29645,-0.58,1.2,9.5
29679,-0.58,1.14,9.5
29717,-0.57,1.16,9.53
29752,-0.58,1.15,9.53
29786,-0.57,1.16,9.47
29824,-0.59,1.17,9.53
29858,-0.57,1.18,9.5
29893,-0.58,1.16,9.53
29928,-0.57,1.15,9.5
29966,-0.56,1.17,9.54
30002,-0.56,1.17,9.52
30035,-0.57,1.15,9.5
30070,-0.58,1.16,9.51
30108,-0.57,1.16,9.56
30143,-0.56,1.14,9.53
30178,-0.58,1.15,9.49
30216,-0.57,1.15,9.56
30251,-0.58,1.13,9.51
30284,-0.56,1.19,9.5
30320,-0.6,1.13,9.54
30358,-0.59,1.15,9.49
30393,-0.56,1.17,9.49
30428,-0.58,1.16,9.5
30462,-0.59,1.17,9.48
30500,-0.56,1.14,9.46
30534,-0.56,1.18,9.53
30569,-0.58,1.18,9.5
30607,-0.55,1.16,9.54
30642,-0.59,1.19,9.46
30678,-0.6,1.16,9.53
30712,-0.59,1.15,9.57
30750,-0.56,1.17,9.51
30783,-0.58,1.15,9.53
30819,-0.57,1.16,9.57
30853,-0.82,0.4,9.58
30888,-0.61,1.16,9.56
30923,-0.77,0.66,9.52
30959,-0.74,0.71,9.6
30994,-0.55,1.19,9.53
31029,-0.58,1.15,9.51
31064,-0.61,1.11,9.61
31097,-0.66,0.94,9.47
31134,-0.56,1.3,9.54
31169,-0.76,0.56,9.61
31204,-0.89,0.19,9.47
31237,-0.69,0.97,9.53
31276,-0.18,1.95,9.2
31310,-0.76,0.22,9.57
31344,-0.39,1.24,9.62
31381,-0.28,1.08,9.5
31416,-1.71,0.28,9.61
31451,-0.46,1.29,9.48
31483,-0.62,0.92,9.55
31522,-0.56,1.15,9.52
31557,-0.6,1.07,9.54
31590,-0.36,1.45,9.39
31625,-0.42,1.9,9.13
31663,-1.33,1.38,11.83
31696,-1.25,2.33,9.11
31730,-4.43,0.44,8.93
31768,-7.87,0.49,8.31
31803,-7.16,2.86,8.19
31836,-6.34,1.14,4.41
31872,-6.77,1.84,5.31
31909,-7.08,2.89,2.29
31942,-8.27,2.75,7.52
31977,-11.09,5.37,2.34
32015,-4.17,0.22,3.76
32049,-4.68,2.14,-8.55
32082,-10.55,-6.85,2.26
32117,-9.5,2.02,0.52
32154,-9.91,1.85,0.04
32187,-9.76,0.43,0.52
32223,-9.69,0.37,0.45
32261,-9.63,0.35,0.44
32293,-9.71,0.3,0.15
32328,-9.74,0.33,0.33
32363,-9.7,0.3,0.31
32399,-9.77,0.34,0.3
32433,-9.69,0.28,0.27
32467,-9.72,0.32,0.38
32500,-9.67,0.34,0.39
32536,-9.73,0.3,0.33
32571,-9.7,0.3,0.38
32605,-9.64,0.25,0.35
32641,-9.6,0.31,0.28
32675,-9.68,0.28,0.31
32710,-9.73,0.28,0.42
32743,-9.68,0.23,0.3
32781,-9.69,0.24,0.28
32816,-9.74,0.23,0.36
32848,-9.67,0.14,0.13
32885,-9.66,0.19,0.65
32920,-9.63,0.12,0.41
32955,-9.73,0.14,0.48
32988,-9.66,0.09,0.26
33026,-9.71,0.14,0.28
33060,-9.72,0.21,0.25
33093,-9.72,0.23,0.22
33128,-9.69,0.17,0.21
33166,-9.7,0.14,0.26
33199,-9.72,0.22,0.26
33232,-9.73,0.2,0.2
33270,-9.67,0.14,0.21
33304,-9.69,0.18,0.16
33337,-9.73,0.22,0.21
33372,-9.73,0.19,0.13
33409,-9.65,0.18,0.1
33442,-9.64,0.15,0.1
33477,-9.7,0.17,0.11
33511,-9.74,0.21,0.1
33558,-9.69,0.14,0.07
33591,-9.68,0.15,0.13
33626,-9.73,0.14,0.16
33664,-9.69,0.14,0.11
33698,-9.71,0.14,0.17
33732,-9.68,0.11,0.07
33767,-9.75,0.19,0.11
33804,-9.71,0.12,0.13
33837,-9.67,0.12,0.08
33871,-9.72,0.1,0.13
33909,-9.7,0.16,0.12
33944,-9.73,0.17,0.1
33979,-9.71,0.13,0.13
34014,-9.72,0.13,0.13
34050,-9.68,0.14,0.18
34083,-9.62,0.12,0.1
34118,-9.71,0.11,0.11
34153,-9.69,0.08,0.19
34189,-9.72,0.11,0.11
34225,-9.67,0.08,0.04
34259,-9.68,0.14,0.11
34295,-9.72,0.16,0.12
34330,-9.73,0.14,0.07
34365,-9.7,0.15,0.1
34401,-9.68,0.18,0.09
34437,-9.67,0.11,0.05
34471,-9.79,0.17,0.06
34506,-9.71,0.12,0.14
34542,-10.04,0.11,0.23
34577,-9.53,0.01,0.06
34612,-9.73,0.06,0.02
34644,-9.68,0.0,-0.13
34682,-9.61,0.0,-0.01
34717,-9.76,0.0,0.01
34750,-9.74,0.06,0.02
34783,-9.74,0.15,0.08
34821,-9.75,0.12,0.03
34855,-9.7,0.14,0.0
34888,-9.7,0.22,0.0
34927,-9.73,0.19,0.01
34962,-9.73,0.22,0.0
34997,-9.72,0.22,0.03
35032,-9.69,0.2,0.07
35068,-9.7,0.19,0.02
35103,-9.74,0.25,0.0
35137,-9.73,0.16,-0.01
35175,-9.69,0.11,0.09
35210,-9.71,0.22,0.04
35243,-9.72,0.17,0.02
35277,-9.69,0.12,0.0
35315,-9.69,0.16,0.05
35349,-9.71,0.21,0.08
35383,-9.69,0.19,0.04
35418,-9.72,0.22,0.05
35454,-9.7,0.23,0.04
35487,-9.68,0.23,0.0
35522,-9.7,0.2,0.04
35560,-9.72,0.2,-0.01
35593,-9.69,0.19,0.07
35628,-9.73,0.18,0.04
35663,-9.7,0.17,0.04
35700,-9.73,0.24,0.04
35733,-9.72,0.23,0.0
35769,-9.71,0.2,-0.02
35805,-9.71,0.22,0.01
35837,-9.69,0.21,0.0
35872,-9.72,0.22,-0.02
35907,-9.74,0.22,-0.04
35945,-9.7,0.22,-0.01
35980,-9.71,0.23,0.03
36015,-9.69,0.25,0.03
36050,-9.71,0.23,0.01
36086,-9.71,0.22,-0.02
36122,-9.7,0.19,0.0
36157,-9.71,0.25,0.02
36194,-9.7,0.21,0.01
36229,-9.77,0.24,0.0
36263,-9.69,0.28,0.02
36299,-9.73,0.25,-0.05
36336,-9.67,0.19,0.02
36372,-9.75,0.24,0.03
36407,-9.69,0.25,0.0
36444,-9.74,0.22,-0.01
36478,-9.7,0.23,0.01
36514,-9.71,0.26,0.0
36549,-9.68,0.24,0.0
36585,-9.7,0.25,-0.03
36621,-9.73,0.22,0.0
36655,-9.71,0.25,0.0
36691,-9.69,0.23,0.0
36726,-9.72,0.25,0.0
36762,-9.71,0.25,0.0
36797,-9.7,0.24,0.0
36834,-9.69,0.22,0.0
36870,-9.71,0.26,0.01
36904,-9.68,0.23,0.0
36938,-9.7,0.23,0.01
36976,-9.7,0.26,0.02
37012,-9.72,0.26,0.01
37047,-9.72,0.25,0.05
37085,-9.71,0.22,0.0
37120,-9.72,0.25,0.03
37154,-9.71,0.25,0.01
37188,-9.69,0.24,0.0
37226,-9.69,0.25,0.0
37261,-9.72,0.22,0.01
37296,-9.7,0.24,0.01
37334,-9.71,0.25,0.04
37368,-9.69,0.24,0.02
37404,-9.7,0.24,0.02
37438,-9.72,0.25,0.0
37476,-9.71,0.24,0.02
37511,-9.71,0.23,0.0
37545,-9.76,0.23,0.01
37580,-9.67,0.29,0.04
37614,-9.74,0.21,0.02
37649,-9.7,0.22,0.01
37683,-9.73,0.26,0.0
37720,-9.75,0.26,0.04
37755,-9.76,0.25,0.04
37789,-9.72,0.25,0.02
37825,-9.71,0.25,0.03
37863,-9.69,0.24,0.02
37898,-9.73,0.24,0.01
37933,-9.71,0.27,0.01
37969,-9.72,0.24,0.03
38005,-9.69,0.23,0.01
38039,-9.72,0.23,0.03
38074,-9.68,0.25,0.0
38112,-9.7,0.24,0.01
38147,-9.71,0.24,0.04
38181,-9.7,0.24,0.01
38216,-9.69,0.24,0.05
38255,-9.73,0.26,0.03
38288,-9.72,0.25,0.0
38324,-9.7,0.25,0.04
38361,-9.7,0.23,0.01
38396,-9.7,0.26,0.03
38431,-9.69,0.25,0.0
38466,-9.7,0.22,0.01
38504,-9.72,0.26,0.04
38538,-9.71,0.24,0.01
38574,-9.71,0.26,0.01
38610,-9.73,0.26,0.02
38646,-9.7,0.24,0.02
38681,-9.73,0.25,0.0
38717,-9.72,0.23,0.03
38755,-9.71,0.27,0.04
38789,-9.7,0.22,0.0
38823,-9.72,0.27,0.02
38858,-9.7,0.26,0.04
38896,-9.7,0.23,0.03
38931,-9.68,0.25,0.01
38967,-9.72,0.27,0.04
39005,-9.69,0.27,0.02
39038,-9.71,0.28,0.02
39073,-9.72,0.28,0.05
39109,-9.7,0.28,0.03
39146,-9.73,0.28,0.02
39182,-9.71,0.28,0.01
39217,-9.7,0.28,0.05
39252,-9.68,0.27,0.05
39288,-9.7,0.27,0.0
39323,-9.73,0.28,0.05
39358,-9.69,0.27,0.06
39395,-9.7,0.24,0.0
39431,-9.68,0.25,0.01
39465,-9.69,0.24,0.04
39500,-9.72,0.25,0.09
39537,-9.71,0.25,0.04
39573,-9.72,0.24,0.06
39608,-9.68,0.23,0.08
39645,-9.71,0.28,0.11
39680,-9.72,0.23,0.07
39715,-9.71,0.25,0.07
39750,-9.69,0.28,0.0
39787,-9.72,0.26,0.03
39822,-9.7,0.24,0.09
39857,-9.7,0.29,0.09
39890,-9.72,0.29,0.13
39928,-9.71,0.24,0.07
39963,-10.16,0.17,0.55
39996,-10.91,5.21,5.85
40034,-9.0,0.48,2.28
40070,-8.5,4.27,1.46
40103,-9.78,3.4,3.69
40136,-17.34,-5.34,19.6
40175,-1.32,13.58,-12.23
40210,-3.88,4.73,5.71
40243,-6.11,1.02,3.12
40281,-4.14,0.89,7.96
40315,-4.86,-0.08,11.55
40349,-5.45,-0.67,8.46
40383,-3.08,-0.62,8.72
40421,-2.27,-1.73,7.15
40457,-1.83,-2.26,7.87
40489,-0.77,1.41,8.37
40527,-1.28,1.21,9.38
40563,-3.46,9.37,16.77
40596,-0.53,1.21,9.66
40632,-0.51,0.7,9.59
40670,-0.46,0.04,9.4
40705,-0.45,0.69,9.45
40737,-0.49,0.66,9.48
40775,-0.35,0.8,9.5
40809,-0.78,0.94,9.79
40842,-0.57,0.57,9.52
40878,-0.68,0.34,9.3
40915,-0.64,0.64,9.51
40948,-0.53,0.82,9.61
40983,-0.58,0.71,9.51
41018,-0.55,0.79,9.6
41054,-0.55,0.79,9.5
41088,-0.58,0.76,9.6
41122,-0.56,0.79,9.51
41159,-0.61,0.93,9.61
41193,-0.58,0.81,9.48
41228,-0.58,0.86,9.49
41264,-0.57,0.84,9.52
41300,-0.59,0.81,9.51
41334,-0.58,0.8,9.52
41369,-0.55,0.81,9.55
41404,-0.57,0.81,9.58
41441,-0.59,0.84,9.51
41476,-0.58,0.8,9.54
41510,-0.73,1.24,9.8
41549,-0.53,0.81,9.49
41583,-0.49,0.9,9.54
41618,-0.42,0.98,9.54
41651,-0.5,0.85,9.53
41701,-0.5,0.84,9.54
41735,-0.45,0.8,9.52
41769,-0.52,0.8,9.54
41804,-0.45,0.81,9.51
41839,-0.49,0.84,9.55
41874,-0.47,0.82,9.56
41909,-0.46,0.81,9.52
41946,-0.52,0.79,9.49
41980,-0.47,0.81,9.55
42015,-0.5,0.82,9.47
42050,-0.49,0.79,9.51
42087,-0.48,0.79,9.59
42122,-0.5,0.82,9.51
42157,-0.49,0.78,9.59
42189,-0.49,0.79,9.51
42227,-0.5,0.8,9.56
42262,-0.48,0.77,9.56
42298,-0.48,0.77,9.53
42335,-0.47,0.81,9.53
42370,-0.5,0.79,9.56
42404,-0.46,0.78,9.54
42438,-0.48,0.79,9.53
42476,-0.48,0.77,9.54
42511,-0.52,0.78,9.54
42546,-0.5,0.78,9.5
42582,-0.48,0.78,9.53
42619,-0.5,0.76,9.51
42654,-0.52,0.78,9.55
42688,-0.47,0.79,9.54
42726,-0.48,0.77,9.52
42761,-0.47,0.78,9.52
42796,-0.47,0.77,9.52
42830,-0.49,0.8,9.55
42868,-0.5,0.75,9.57
42903,-0.5,0.78,9.58
42936,-0.46,0.77,9.52
42971,-0.49,0.76,9.57
43009,-0.48,0.77,9.41
43043,-0.49,0.79,9.47
43078,-0.46,0.76,9.49
43113,-0.48,0.78,9.57
43146,-0.49,0.78,9.53
43181,-0.48,0.77,9.53
43215,-0.46,0.74,9.49
43253,-0.49,0.77,9.54
43286,-0.46,0.78,9.5
43321,-0.49,0.76,9.54
43357,-0.46,0.8,9.52
43393,-0.49,0.75,9.58
43428,-0.49,0.78,9.53
43463,-0.5,0.77,9.52
43498,-0.49,0.76,9.52
43536,-0.49,0.78,9.57
43571,-0.48,0.79,9.53
43606,-0.49,0.75,9.52
43641,-0.49,0.75,9.51
43677,-0.49,0.77,9.55
43712,-0.49,0.75,9.51
43747,-0.48,0.79,9.52
43785,-0.58,0.7,10.29
43820,-0.47,0.77,9.63
43855,-0.47,0.79,9.62
43889,-0.48,0.76,9.44
43927,-0.51,0.77,9.56
43962,-0.47,0.76,9.56
43997,-0.51,0.77,9.64
44035,-0.49,0.74,9.49
44070,-0.49,0.78,9.6
44105,-0.48,0.77,9.55
44139,-0.47,0.78,9.54
44177,-0.49,0.76,9.53
44212,-0.46,0.77,9.55
44247,-0.48,0.75,9.52
44281,-0.47,0.76,9.55
44319,-0.45,0.78,9.51
44355,-0.53,0.77,9.55
44389,-0.48,0.75,9.52
44427,-0.47,0.78,9.55
44462,-0.49,0.77,9.55
44496,-0.48,0.72,9.54
44532,-0.47,0.77,9.54
44569,-0.49,0.79,9.56
44605,-0.46,0.76,9.55
44639,-0.49,0.76,9.52
44674,-0.48,0.75,9.56
44711,-0.5,0.75,9.57
44746,-0.47,0.76,9.54
44781,-0.48,0.77,9.56
44819,-0.47,0.77,9.54
44854,-0.49,0.74,9.54
44888,-0.47,0.76,9.5
44922,-0.49,0.74,9.57
44960,-0.47,0.73,9.54
44995,-0.47,0.74,9.52
45030,-0.5,0.75,9.54
45065,-0.47,0.75,9.54
45103,-0.48,0.75,9.54
45136,-0.47,0.77,9.52
45171,-0.48,0.76,9.51
45210,-0.49,0.78,9.53
45244,-0.48,0.77,9.53
45279,-0.49,0.78,9.57
45314,-0.47,0.8,9.55
45351,-0.5,0.75,9.53
45385,-0.48,0.75,9.52
45420,-0.48,0.75,9.55
45455,-0.48,0.77,9.53
45492,-0.47,0.74,9.5
45527,-0.47,0.76,9.54
45561,-0.47,0.75,9.53
45599,-0.47,0.75,9.52
45634,-0.46,0.77,9.52
45669,-0.5,0.77,9.55
45704,-0.46,0.76,9.54
45740,-0.47,0.76,9.56
45774,-0.48,0.77,9.51
45809,-0.49,0.74,9.57
45843,-0.49,0.78,9.54
45882,-0.46,0.76,9.51
45917,-0.47,0.73,9.53
45953,-0.48,0.74,9.55
45988,-0.45,0.75,9.5
46024,-0.5,0.8,9.59
46059,-0.46,0.74,9.53
46092,-0.49,0.71,9.49
46130,-0.48,0.77,9.52
46164,-0.2,-0.04,9.24
46197,2.71,-0.98,12.52
46233,-0.68,2.59,12.13
46271,-0.63,5.53,6.86
46305,-3.11,5.49,10.7
46338,0.18,8.43,5.56
46375,-1.43,6.34,4.5
46410,-0.1,8.14,3.92
46443,-0.8,8.8,3.58
46479,0.03,8.99,2.74
46517,0.38,10.4,2.25
46550,-1.24,9.7,2.08
46584,-0.21,8.92,0.03
46622,0.69,9.24,-0.11
46656,-0.63,10.09,0.69
46689,-0.16,9.78,0.6
46724,-0.12,10.16,0.59
46761,0.0,10.52,0.82
46794,-0.09,9.68,0.58
46829,-0.02,9.63,0.46
46865,-0.18,10.95,1.13
46900,-0.05,10.58,1.07
46935,0.11,9.84,0.47
46969,-0.11,10.39,0.8
47005,-0.03,10.16,0.7
47038,0.0,10.24,0.54
47073,-0.11,10.16,0.59
47108,0.0,10.39,0.74
47143,-0.03,10.03,0.6
47179,-0.07,10.33,0.67
47214,-0.04,10.37,0.67
47250,0.0,10.05,0.7
47285,-0.01,10.42,0.63
47319,-0.01,10.25,0.62
47351,-0.04,9.98,0.54
47388,-0.05,10.61,0.73
47423,0.02,10.26,0.58
47458,0.05,10.15,0.52
47494,0.02,10.29,0.54
47529,-0.02,9.98,0.7
47564,0.12,10.22,0.55
47597,-0.07,10.66,0.66
47635,-0.07,10.38,0.74
47670,0.05,9.98,0.58
47703,0.01,10.28,0.62
47739,-0.07,10.03,0.56
47774,-0.04,10.24,0.53
47808,-0.07,10.45,0.62
47841,-0.02,10.1,0.52
47879,-0.03,10.46,0.63
47915,0.0,10.34,0.58
47947,-0.02,10.17,0.53
47982,-0.07,10.26,0.55
48019,-0.05,10.25,0.56
48054,-0.06,10.33,0.67
48088,0.05,10.06,0.55
48124,0.0,10.32,0.52
48159,-0.04,10.36,0.6
48191,-0.08,10.18,0.53
48226,0.0,10.29,0.58
48262,0.1,10.21,0.58
48295,-0.03,10.18,0.54
48330,-0.07,10.29,0.59
48367,-0.04,10.55,0.66
48402,0.0,10.07,0.48
48436,-0.01,10.37,0.62
48471,0.01,10.43,0.68
48506,0.0,10.03,0.58
48539,-0.04,10.2,0.46
48574,-0.02,10.43,0.57
48612,-0.07,10.28,0.56
48645,-0.07,10.08,0.46
48679,-0.04,10.64,0.61
48715,-0.01,10.06,0.53
48750,-0.12,10.05,0.54
48785,0.0,10.54,0.62
48820,-0.02,10.12,0.54
48856,-0.09,10.16,0.49
48888,-0.03,10.34,0.49
48923,0.0,10.47,0.63
48958,-0.1,9.95,0.46
48994,-0.01,10.44,0.54
49030,0.0,10.48,0.6
49065,-0.09,10.05,0.47
49097,-0.02,10.21,0.56
49135,-0.02,10.4,0.64
49170,0.0,10.1,0.55
49205,-0.02,10.39,0.54
49241,-0.05,10.44,0.55
49275,-0.11,10.03,0.48
49310,-0.21,9.96,0.5
49343,0.0,10.66,0.64
49381,-0.09,9.76,0.43
49417,-0.07,10.22,0.54
49452,-0.01,10.42,0.57
49488,-0.09,10.13,0.46
49524,0.0,10.42,0.51
49559,-0.01,10.43,0.59
49592,-0.1,10.08,0.47
49630,-0.11,10.08,0.45
49665,-0.05,10.35,0.56
49699,-0.11,10.27,0.48
49737,-0.13,10.38,0.55
49772,0.03,10.12,0.58
49805,0.07,10.27,0.45
49838,-0.05,10.46,0.6
49885,-0.04,10.13,0.94
49920,-0.05,10.15,1.02
49953,0.16,10.29,1.15
49987,0.04,10.03,0.93
50024,0.06,10.3,1.12
50059,-0.03,10.56,1.62
50092,0.3,9.39,1.3
50129,-0.6,9.11,4.62
50165,0.31,9.02,5.05
50198,0.97,8.82,5.62
50233,1.01,7.49,5.98
50271,1.99,4.53,5.65
50305,1.84,4.26,8.81
50337,2.26,3.56,8.3
50375,0.91,2.65,8.46
50410,1.21,3.3,8.37
50443,0.9,2.31,10.11
50479,0.78,1.04,10.31
50515,-0.66,0.68,10.53
50548,-2.12,3.86,16.77
50584,-0.33,0.9,9.43
50622,-0.56,0.55,9.54
50656,-0.47,0.6,9.56
50689,-0.48,0.67,9.51
50723,-0.44,0.63,9.53
50761,-0.47,0.68,9.54
50794,-0.45,0.7,9.55
50829,-0.46,0.68,9.55
50866,-0.47,0.66,9.58
50900,-0.47,0.68,9.58
50935,-0.45,0.69,9.52
50970,-0.45,0.67,9.6
51008,-0.45,0.67,9.53
51042,-0.45,0.63,9.52
51077,-0.46,0.67,9.56
51111,-0.45,0.66,9.55
51146,-0.45,0.65,9.55
51181,-0.46,0.67,9.56
51216,-0.45,0.67,9.56
51254,-0.44,0.66,9.52
51288,-0.42,0.66,9.52
51322,-0.44,0.67,9.53
51356,-0.46,0.65,9.59
51392,-0.44,0.63,9.54
51426,-0.45,0.67,9.59
51461,-0.43,0.64,9.54
51496,-0.45,0.62,9.55
51531,-0.46,0.66,9.58
51566,-0.47,0.64,9.55
51601,-0.45,0.62,9.53
51639,-0.42,0.61,9.54
51674,-0.43,0.66,9.55
51708,-0.45,0.64,9.56
51742,-0.44,0.64,9.48
51779,-0.47,0.63,9.55
51814,-0.46,0.64,9.56
51849,-0.46,0.63,9.55
51887,-0.44,0.62,9.51
51921,-0.44,0.63,9.55
51956,-0.46,0.62,9.54
51989,-0.45,0.63,9.53
52026,-0.46,0.62,9.53
52061,-0.44,0.64,9.54
52094,-0.43,0.64,9.52
52131,-0.45,0.63,9.55
52166,-0.46,0.63,9.54
52202,-0.47,0.64,9.54
52236,-0.46,0.64,9.55
52274,-0.43,0.64,9.54
52308,-0.43,0.66,9.54
52342,-0.44,0.66,9.53
52377,-0.45,0.61,9.55
52415,-0.47,0.61,9.55
52450,-0.44,0.6,9.57
52485,-0.5,0.62,9.55
52523,-0.45,0.67,9.57
52557,-0.43,0.62,9.55
52591,-0.44,0.6,9.56
52626,-0.46,0.64,9.58
52664,-0.44,0.63,9.54
52699,-0.46,0.59,9.54
52733,-0.45,0.64,9.58
52771,-0.43,0.61,9.51
52807,-0.42,0.64,9.53
52840,-0.5,0.62,9.58
52876,-0.43,0.63,9.57
52913,-0.42,0.62,9.52
52947,-0.48,0.62,9.54
52982,-0.45,0.61,9.56
53017,-0.43,0.62,9.57
53055,-0.46,0.61,9.56
53089,-0.47,0.64,9.55
53123,-0.46,0.62,9.54
53161,-0.45,0.63,9.56
53194,-0.43,0.63,9.53
53229,-0.47,0.6,9.55
53264,-0.44,0.62,9.55
53302,-0.44,0.63,9.55
53337,-0.45,0.62,9.53
53371,-0.43,0.62,9.57
53409,-0.45,0.62,9.55
53442,-0.46,0.61,9.52
53477,-0.42,0.6,9.54
53512,-0.43,0.59,9.52
53549,-0.43,0.6,9.42
53583,-0.46,0.58,9.51
53619,-0.44,0.59,9.5
53654,-0.48,0.62,9.6
53690,-0.43,0.63,9.53
53726,-0.45,0.61,9.53
53761,-0.42,0.62,9.53
53796,-0.44,0.65,9.59
53831,-0.46,0.63,9.53
53867,-0.46,0.6,9.58
53902,-0.44,0.61,9.54
53940,-0.45,0.64,9.57
53975,-0.45,0.61,9.55
54009,-0.47,0.6,9.56
54046,-0.45,0.64,9.56
54081,-0.44,0.64,9.53
54116,-0.45,0.62,9.55
54151,-0.45,0.62,9.54
54189,-0.42,0.61,9.55
54223,-0.49,0.65,9.59
54259,-0.46,0.64,9.55
54292,-0.47,0.65,9.56
54330,-0.45,0.63,9.54
54366,-0.45,0.64,9.57
54401,-0.46,0.64,9.54
54438,-0.45,0.62,9.53
54473,-0.44,0.63,9.56
54508,-0.45,0.61,9.53
54542,-0.45,0.64,9.52
54580,-0.45,0.64,9.54
54615,-0.45,0.65,9.56
54650,-0.44,0.64,9.53
54685,-0.48,0.63,9.55
54723,-0.43,0.6,9.57
54758,-0.45,0.63,9.57
54791,-0.44,0.63,9.56
54829,-0.44,0.63,9.56
54863,-0.44,0.63,9.58
54899,-0.45,0.59,9.57
54934,-0.45,0.62,9.58
54972,-0.54,1.44,11.24
55006,-0.68,0.61,11.65
55038,-1.28,-1.61,13.3
55076,-0.29,-2.91,9.75
55111,0.35,-3.25,5.94
55145,-1.35,-4.2,7.78
55180,1.08,-4.38,6.63
55218,0.89,-4.87,5.8
55250,-0.78,-6.03,4.92
55285,-0.67,-6.41,4.5
55324,0.45,-7.83,4.63
55358,-0.25,-7.82,3.3
55391,-0.09,-8.03,2.8
55427,0.0,-9.25,1.29
55463,-0.06,-11.23,3.61
55497,-0.29,-9.42,0.1
55532,0.49,-7.69,0.03
55570,0.08,-9.1,1.6
55603,-0.11,-8.99,-0.19
55638,-0.15,-8.97,0.48
55672,-0.13,-8.95,0.65
55708,-0.13,-8.93,0.48
55741,-0.12,-8.97,0.31
55776,-0.13,-8.96,0.35
55813,-0.14,-8.97,0.15
55845,-0.12,-8.98,0.27
55880,-0.14,-8.99,0.45
55915,-0.13,-8.94,0.5
55950,-0.14,-8.96,0.71
56108,-0.13,-9.0,0.47
56140,-0.16,-8.99,0.46
56178,-0.14,-8.96,0.67
56212,-0.13,-9.05,0.73
56245,-0.12,-8.96,0.54
56281,-0.14,-8.96,0.62
56317,-0.14,-8.95,0.67
56350,-0.12,-8.94,0.49
56385,-0.14,-9.0,0.39
56420,-0.15,-9.1,0.67
56456,-0.14,-8.97,0.68
56489,-0.14,-8.93,0.42
56523,-0.13,-8.91,0.41
56559,-0.14,-8.95,0.51
56592,-0.15,-9.02,0.4
56627,-0.15,-8.98,0.44
56662,-0.13,-8.98,0.55
56697,-0.14,-8.97,0.54
56731,-0.14,-8.96,0.5
56766,-0.14,-8.98,0.5
56801,-0.11,-8.96,0.61
56836,-0.12,-8.96,0.61
56870,-0.12,-9.01,0.56
56905,-0.15,-8.96,0.6
56942,-0.14,-8.98,0.61
56977,-0.14,-8.99,0.48
57011,-0.14,-8.97,0.58
57043,-0.13,-8.99,0.6
57080,-0.13,-8.98,0.56
57115,-0.14,-8.98,0.61
57150,-0.13,-9.01,0.52
57188,-0.14,-8.98,0.51
57223,-0.13,-8.99,0.56
57257,-0.12,-8.99,0.31
57290,-0.12,-8.99,0.43
57327,-0.14,-8.95,0.58
57362,-0.17,-8.98,0.64
57395,-0.13,-8.97,0.56
57433,-0.15,-8.98,0.55
57467,-0.14,-9.0,0.56
57500,-0.14,-8.97,0.61
57535,-0.12,-8.99,0.7
57573,-0.14,-8.99,0.52
57608,-0.14,-8.98,0.65
57640,-0.14,-8.97,0.69
57675,-0.13,-8.97,0.62
57713,-0.14,-8.99,0.65
57746,-0.14,-8.96,0.7
57781,-0.12,-9.01,0.6
57818,-0.14,-8.99,0.6
57850,-0.14,-8.95,0.65
57885,-0.13,-8.95,0.63
57920,-0.16,-9.01,0.46
57956,-0.14,-9.01,0.53
57990,-0.1,-9.03,0.58
58023,-0.15,-8.95,0.76
58067,-0.15,-8.99,0.55
58100,-0.14,-8.96,0.67
58135,-0.15,-8.96,0.78
58171,-0.16,-8.99,0.67
58208,-0.13,-8.97,0.68
58242,-0.14,-8.97,0.65
58276,-0.11,-8.97,0.62
58310,-0.14,-8.97,0.61
58346,-0.12,-9.01,0.65
58381,-0.13,-8.98,0.66
58416,-0.14,-8.99,0.67
58450,-0.12,-9.02,0.59
58485,-0.17,-9.01,0.62
58520,-0.13,-9.01,0.46
58553,-0.13,-9.01,0.46
58591,-0.12,-8.96,0.49
58626,-0.14,-9.0,0.45
58660,-0.15,-8.97,0.53
58696,-0.13,-8.92,0.48
58731,-0.11,-9.0,0.4
58766,-0.14,-8.97,0.41
58799,-0.12,-8.95,0.55
58836,-0.13,-9.03,0.55
58871,-0.14,-8.99,0.46
58904,-0.17,-8.95,0.59
58938,-0.13,-9.02,0.39
58976,-0.12,-9.02,0.25
59009,-0.13,-9.04,0.43
59041,-0.12,-8.99,0.92
59079,-0.13,-9.01,0.96
59114,-0.15,-9.01,1.01
59147,-0.13,-8.97,1.18
59182,-0.13,-9.0,1.0
59218,-0.12,-9.0,0.79
59252,-0.14,-9.04,0.69
59287,-0.12,-8.98,0.84
59324,-0.15,-8.96,0.96
59359,-0.13,-8.98,0.77
59390,-0.15,-8.97,0.88
59425,-0.13,-8.98,0.76
59461,-0.14,-9.01,0.64
59494,-0.13,-8.99,0.74
59529,-0.14,-8.99,0.66
59567,-0.14,-8.99,0.71
59601,-0.13,-8.97,0.74
59636,-0.14,-9.02,0.71
59671,-0.14,-9.0,0.72
59708,-0.14,-8.98,0.77
59742,-0.13,-8.99,0.65
59777,-0.14,-8.99,0.7
59811,-0.12,-8.95,0.78
59847,-0.13,-8.99,0.73
59881,-0.13,-8.98,0.74
59916,-0.13,-8.97,0.75
59954,-0.14,-9.02,0.49
59987,-0.14,-9.05,0.46
60022,-0.12,-9.05,0.46
60055,-0.15,-9.08,-0.08
60092,0.32,-12.07,2.26
60127,-0.45,-7.42,0.92
60163,0.0,-7.34,3.72
60197,-0.68,-5.23,5.97
60232,-0.03,-4.26,4.71
60268,1.19,-2.0,6.35
60301,2.51,-1.69,8.18
60339,-1.38,-3.42,10.79
60374,-0.77,-2.47,11.56
60406,-2.17,-0.3,10.32
60443,-0.65,-0.64,11.29
60479,-1.03,0.0,10.31
60514,0.81,0.22,8.32
60547,-0.67,1.23,11.29
60584,0.04,0.05,8.08
60619,-0.08,1.35,10.19
60652,-0.48,0.86,9.58
60687,-0.38,0.88,9.6
60725,-0.42,0.75,9.53
60761,-0.46,0.76,9.52
60794,-0.46,0.82,9.55
60831,-0.42,0.77,9.51
60866,-0.47,0.79,9.58
60900,-0.45,0.77,9.53
60935,-0.45,0.75,9.54
60972,-0.44,0.78,9.61
61006,-0.45,0.73,9.56
61040,-0.47,0.78,9.65
61077,-0.43,0.77,9.58
61112,-0.45,0.72,9.49
61146,-0.42,0.74,9.43
61180,-0.45,0.76,9.53
61217,-0.46,0.75,9.57
61252,-0.44,0.73,9.5
61287,-0.41,0.77,9.53
61322,-0.45,0.76,9.6
61360,-0.45,0.77,9.56
61392,-0.43,0.75,9.53
61427,-0.43,0.75,9.57
61465,-0.43,0.78,9.57
61498,-0.43,0.77,9.54
61533,-0.43,0.78,9.55
61569,-0.43,0.76,9.54
61605,-0.42,0.77,9.53
61639,-0.45,0.78,9.53
61674,-0.44,0.78,9.57
61709,-0.44,0.79,9.52
61745,-0.44,0.75,9.52
61779,-0.46,0.78,9.57
61813,-0.44,0.78,9.56
61849,-0.43,0.78,9.57
61884,-0.43,0.76,9.54
61919,-0.42,0.77,9.55
61954,-0.43,0.79,9.56
61991,-0.43,0.76,9.49
62026,-0.43,0.76,9.56
62061,-0.43,0.79,9.55
62098,-0.43,0.76,9.58
62132,-0.43,0.77,9.53
62167,-0.45,0.8,9.61
62201,-0.42,0.78,9.58
62239,-0.43,0.74,9.53
62274,-0.41,0.77,9.55
62309,-0.46,0.76,9.58
62342,-0.41,0.78,9.53
62380,-0.45,0.77,9.58
62414,-0.43,0.74,9.54
62447,-0.44,0.73,9.56
62485,-0.42,0.76,9.56
62519,-0.42,0.78,9.57
62554,-0.42,0.78,9.55
62588,-0.42,0.77,9.56
62626,-0.42,0.75,9.61
62661,-0.44,0.78,9.58
62695,-0.44,0.78,9.52
62729,-0.41,0.78,9.54
62767,-0.42,0.77,9.57
62801,-0.42,0.79,9.57
62837,-0.42,0.79,9.51
62874,-0.41,0.79,9.51
62909,-0.44,0.78,9.58
62943,-0.43,0.77,9.55
62978,-0.44,0.78,9.55
63015,-0.41,0.79,9.58
63050,-0.41,0.77,9.57
63085,-0.44,0.78,9.55
63121,-0.45,0.78,9.54
63158,-0.39,0.79,9.54
63192,-0.45,0.78,9.52
63226,-0.44,0.79,9.62
63264,-0.44,0.78,9.54
63299,-0.43,0.74,9.6
63334,-0.43,0.79,9.57
63369,-0.46,0.78,9.62
63407,-0.42,0.79,9.54
63440,-0.44,0.77,9.55
63475,-0.41,0.76,9.56
63513,-0.45,0.8,9.58
63547,-0.44,0.79,9.53
63583,-0.44,0.78,9.6
63618,-0.42,0.72,9.5
63655,-0.45,0.81,9.57
63689,-0.43,0.76,9.51
63724,-0.47,0.8,9.59
63759,-0.43,0.78,9.54
63795,-0.45,0.81,9.53
63831,-0.46,0.79,9.57
63865,-0.47,0.79,9.55
63902,-0.45,0.83,9.56
63937,-0.47,0.82,9.57
63972,-0.43,0.77,9.55
64007,-0.45,0.81,9.58
64044,-0.44,0.84,9.52
64078,-0.44,0.79,9.53
64113,-0.48,0.83,9.53
64150,-0.43,0.82,9.55
64185,-0.45,0.84,9.57
64220,-0.42,0.87,9.6
64256,-0.45,0.92,9.55
64292,-0.44,1.1,9.68
64327,-0.43,0.9,9.56
64362,-0.44,0.85,9.52
64395,-0.33,0.78,9.58
64433,-0.53,0.92,9.64
64467,-0.38,0.78,9.54
64502,-0.51,0.95,9.62
64540,-0.38,0.79,9.51
64575,-0.39,0.61,9.43
64608,-0.46,0.84,9.59
64642,-0.43,0.86,9.57
64678,-0.45,0.83,9.54
64713,-0.46,0.84,9.56
64747,-0.43,0.86,9.53
64782,-0.45,0.85,9.6
64820,-0.44,0.85,9.57
64854,-0.42,0.87,9.53
64888,-0.43,0.84,9.51
64925,-0.42,0.85,9.56
64960,-0.43,0.84,9.56
64994,-0.42,0.82,9.5
65029,-0.43,0.89,9.54
65067,-0.44,0.89,9.56
65100,-0.42,0.9,9.6
65135,-0.41,0.83,9.55
65173,-0.43,0.88,9.59
65207,0.38,2.2,9.87
65241,-0.31,2.73,14.64
65276,-0.15,0.22,14.71
65312,-0.37,0.18,14.25
65345,0.07,1.34,13.6
65380,-0.76,0.84,13.23
65416,-0.91,0.51,11.9
65451,-0.88,0.93,10.6
65486,-0.55,0.18,10.52
65521,-0.81,0.12,6.17
65557,-0.35,0.61,5.4
65591,0.04,0.88,4.38
65626,0.02,0.71,5.3
65659,0.53,1.16,6.59
65695,0.78,1.12,7.48
65731,0.5,0.69,8.61
65766,0.72,1.32,8.3
65801,0.95,1.31,8.63
65837,0.8,1.48,8.14
65871,0.97,1.52,9.38
65904,0.7,1.2,9.04
65942,0.76,1.17,8.75
65977,0.57,1.5,9.13
66010,0.81,1.25,9.12
66042,0.47,1.11,9.32
66080,0.81,1.12,10.25
66115,0.56,1.19,9.72
66148,0.37,1.02,10.11
66195,0.22,0.67,9.68
66230,0.0,0.86,9.07
66265,0.44,1.11,9.44
66297,0.3,1.02,8.31
66336,0.51,1.34,9.17
66371,0.49,1.27,8.99
66404,0.41,1.2,8.85
66442,0.42,1.01,9.55
66477,0.32,0.74,8.95
66510,0.11,0.45,9.24
66543,0.14,0.28,8.62
66581,0.03,0.89,8.61
66616,-0.04,0.68,9.43
66649,0.33,0.26,10.08
66683,-0.02,0.55,10.17
66721,0.17,0.17,10.99
66754,-0.18,-0.19,12.13
66789,-0.26,-0.28,11.28
66827,-0.06,-0.2,12.59
66862,-0.5,0.21,11.86
66894,-0.16,0.4,12.83
66929,-0.49,0.35,12.36
66967,-0.29,0.5,11.42
67000,-0.15,0.86,10.49
67036,0.03,0.64,9.58
67074,0.06,0.61,8.4
67106,0.55,0.5,8.34
67140,0.45,1.07,6.75
67176,0.58,1.21,5.45
67211,0.49,1.89,6.15
67245,0.71,1.38,7.32
67279,0.27,1.32,5.77
67316,0.11,1.69,7.92
67349,0.31,0.91,8.82
67385,0.0,0.45,8.43
67420,0.08,0.52,9.36
67456,-0.08,0.6,9.31
67490,0.21,1.21,10.15
67525,0.8,0.81,10.25
67561,-0.07,1.37,7.81
67594,0.57,1.43,9.0
67629,0.4,0.73,10.26
67663,0.06,1.37,7.89
67699,0.52,1.23,9.86
67734,0.34,1.31,10.76
67770,0.7,0.37,10.38
67803,0.65,0.05,10.67
67841,0.88,0.14,11.88
67875,0.43,-0.04,10.28
67908,0.29,-0.08,9.49
67945,0.39,0.22,10.05
67980,0.06,0.22,9.67
68015,0.03,0.46,9.51
68047,0.36,0.56,9.42
68086,0.15,0.36,9.63
68120,-0.07,0.15,10.05
68153,0.16,0.39,9.54
68191,0.2,0.36,9.78
68226,0.0,0.3,9.85
68258,0.16,0.31,9.65
68292,0.03,0.29,9.55
68329,-0.01,0.36,9.38
68363,0.1,0.44,9.65
68396,0.08,0.16,9.34
68433,-0.03,0.26,9.63
68467,0.13,0.33,9.54
68500,-0.12,0.38,9.18
68535,-0.04,0.26,9.61
68574,0.06,0.31,9.49
68606,-0.08,0.29,9.48
68640,0.0,0.27,9.52
68675,0.0,0.23,9.54
68711,-0.07,0.2,9.64
68744,-0.14,0.15,9.63
68779,0.0,0.22,9.64
68813,-0.09,0.16,9.46
68846,-0.12,0.22,9.56
68881,-0.23,0.21,9.45
68915,-0.08,0.2,9.58
68951,-0.14,0.27,9.27
68985,-0.23,0.03,9.65
69019,-0.19,0.14,9.74
69052,-0.23,0.21,9.45
69090,-0.01,0.31,9.42
69124,-0.01,0.19,9.52
69156,-0.32,-0.04,9.57
69193,-0.23,0.23,9.53
69228,-0.22,0.26,9.46
69261,-0.13,0.23,9.43
69294,-0.18,0.21,9.56
69330,-0.27,0.13,9.45
69365,-0.14,0.13,9.61
69399,-0.15,0.1,9.69
69436,-0.22,0.03,9.68
69471,-0.05,0.14,9.58
69504,-0.15,0.22,9.36
69538,-0.11,0.15,9.52
69576,-0.13,0.1,9.57
69611,-0.15,0.05,9.6
69644,-0.14,0.15,9.48
69680,-0.23,0.14,9.56
69716,-0.19,0.05,9.48
69749,-0.2,0.18,9.6
69784,-0.16,0.19,9.59
69822,-0.13,0.18,9.57
69855,-0.23,0.02,9.67
69890,-0.19,0.12,9.51
69924,-0.11,0.25,9.33
69960,-0.16,0.06,9.42
69993,-0.24,0.22,9.63
70028,-0.1,0.11,9.52
70064,-0.14,0.19,9.47
70096,-0.14,0.32,9.39
70132,-0.08,0.08,9.49
70166,-0.22,0.1,9.61
70204,-0.13,0.11,9.48
70239,-0.17,0.17,9.62
70274,-0.22,0.06,9.61
70306,-0.21,-0.01,9.54
70343,-0.04,0.18,9.59
70378,-0.21,0.23,9.34
70412,-0.12,0.1,9.5
70447,-0.11,0.11,9.72
70481,-0.13,0.24,9.48
70515,-0.04,0.33,9.27
70548,-0.13,0.1,9.58
70586,-0.14,0.1,9.59
70621,-0.19,0.24,9.48
70653,-0.08,0.19,9.61
70688,-0.13,0.17,9.55
70726,-0.08,0.18,9.52
70761,-0.08,0.2,9.63
70794,-0.12,0.19,9.41
70831,-0.04,0.14,9.62
70865,-0.16,0.2,9.54
70898,-0.16,0.21,9.52
70933,-0.15,0.16,9.64
70971,-0.11,0.27,9.38
71006,-0.19,0.11,9.66
71041,-0.17,0.24,9.56
71077,-0.16,0.25,9.42
71112,-0.03,0.3,9.42
71145,-0.16,0.28,9.58
71181,-0.21,0.09,9.61
71218,-0.03,0.28,9.34
71252,-0.21,0.33,9.38
71287,-0.19,0.1,9.66
71322,-0.23,0.09,9.55
71358,-0.21,0.3,9.75
71392,-0.17,0.35,9.5
71427,-0.31,0.29,9.61
71461,-0.21,0.22,9.53
71494,-0.27,0.36,9.38
71530,-0.27,0.46,9.51
71565,-0.26,0.42,9.44
71600,-0.23,0.18,9.54
71634,-0.2,0.26,9.56
71668,-0.13,0.22,9.61
71701,-0.08,0.2,9.55
71739,-0.21,0.28,9.47
71774,-0.05,0.33,9.51
71806,-0.23,0.21,9.5
71843,-0.19,0.36,9.73
71878,-0.2,0.22,9.46
71912,-0.14,0.41,9.52
71945,-0.15,0.25,9.63
71982,-0.1,0.35,9.38
72016,-0.22,0.35,9.46
72049,-0.16,0.21,9.52
72086,-0.19,0.33,9.45
72121,-0.1,0.31,9.49
72156,-0.2,0.28,9.58
72190,-0.13,0.21,9.39
72227,-0.2,0.34,9.56
72260,-0.16,0.21,9.62
72293,-0.17,0.02,9.74
72328,-0.2,0.09,9.67
72364,0.0,0.47,9.45
72396,-0.15,0.44,9.36
72431,-0.19,0.25,9.6
72469,-0.22,0.24,9.77
72504,-0.23,0.33,9.61
72539,-0.33,0.4,9.49
72573,-0.22,0.35,9.48
72609,-0.21,0.31,9.44
72643,-0.31,0.39,9.4
72678,-0.14,0.38,9.44
72711,-0.09,0.22,9.56
72745,-0.21,0.22,9.58
72781,-0.02,0.25,9.35
72815,-0.07,0.36,9.71
72850,-0.27,0.2,9.67
72885,-0.16,0.28,9.59
72920,-0.11,0.4,9.55
72952,-0.37,0.31,9.5
72989,-0.23,0.32,9.47
73024,-0.08,0.3,9.27
73057,-0.29,0.5,9.23
73094,-0.18,0.33,9.38
73128,-0.06,0.3,9.42
73163,0.06,0.24,9.12
73197,0.25,0.17,8.84
73235,0.0,0.36,8.46
73270,0.61,0.44,7.96
73303,0.45,0.28,8.77
73337,-0.34,0.5,8.4
73375,0.14,0.22,10.53
73409,-0.08,-0.06,9.43
73443,0.03,0.29,8.85
73480,0.31,0.1,8.95
73516,-0.42,0.24,8.9
73548,0.46,0.19,10.14
73583,-0.43,0.07,8.94
73621,0.06,0.8,9.45
73654,0.09,-0.1,8.81
73690,-0.58,0.37,9.29
73728,0.27,0.63,8.93
73761,0.17,0.11,9.46
73794,-0.01,0.3,9.44
73829,0.06,0.53,9.33
73865,0.08,0.56,10.38
73897,0.13,0.59,10.51
73933,-0.26,0.58,10.51
73970,-0.09,0.0,10.8
74003,-0.04,0.11,10.26
74038,-0.19,-0.24,9.29
74073,-0.53,-0.21,10.53
74108,-1.03,-0.98,10.46
74142,0.2,-0.15,10.39
74177,0.23,0.32,10.53
74211,0.76,0.32,10.37
74255,0.42,0.29,8.69
74290,-2.22,2.62,15.61
74326,-0.58,-0.38,9.05
74360,-0.49,0.87,9.54
74393,-0.47,0.94,9.53
74429,-0.44,0.86,9.57
74462,-0.47,0.87,9.56
74498,-0.48,0.89,9.54
74531,-0.44,0.85,9.54
74566,-0.45,0.83,9.57
74602,-0.45,0.89,9.56
74637,-0.45,0.85,9.56
74672,-0.45,0.87,9.59
74706,-0.48,0.85,9.54
74743,-0.41,0.87,9.57
74778,-0.45,0.89,9.55
74814,-0.44,0.86,9.55
74847,-0.43,0.83,9.53
74885,-0.44,0.89,9.54
74919,-0.45,0.9,9.55
74954,-0.44,0.86,9.56
74992,-0.43,0.84,9.55
75027,-0.45,0.85,9.55
75062,-0.44,0.84,9.58
75095,-0.45,0.85,9.53
75131,-0.45,0.86,9.55
75166,-0.42,0.86,9.53
75199,-0.45,0.84,9.56
75234,-0.43,0.87,9.56
75272,-0.44,0.86,9.58
75307,-0.44,0.87,9.54
75341,-0.44,0.89,9.5
75378,-0.45,0.9,9.55
75414,-0.45,0.84,9.49
75447,-0.41,0.84,9.56
75482,-0.46,0.91,9.6
75520,-0.49,0.9,9.55
75555,-0.43,0.86,9.59
75590,-0.48,0.9,9.57
75628,-0.45,0.87,9.56
75663,-0.45,0.86,9.55
75696,-0.46,0.87,9.55
75730,-0.45,0.87,9.56
75768,-0.44,0.88,9.58
75802,-0.46,0.9,9.58
75837,-0.45,0.88,9.59
75872,-0.46,0.88,9.57
75910,-0.45,0.87,9.55
75943,-0.46,0.93,9.54
75978,-0.44,0.9,9.56
76016,-0.43,0.9,9.56
76049,-0.44,0.89,9.54
76084,-0.44,0.91,9.57
76120,-0.45,0.94,9.59
76157,-0.44,1.09,9.61
76191,-0.44,0.87,9.51
76226,-0.45,0.91,9.56
76261,-0.45,0.93,9.58
76297,-0.45,0.88,9.52
76333,-0.45,0.88,9.53
76367,-0.46,0.89,9.54
76404,-0.45,0.89,9.55
76439,-0.49,0.9,9.55
76474,-0.45,0.86,9.54
76509,-0.44,0.85,9.55
76546,-0.45,0.89,9.56
76581,-0.44,0.88,9.56
76616,-0.45,0.86,9.56
76652,-0.44,0.88,9.54
76687,-0.45,0.86,9.55
76722,-0.44,0.87,9.56
76756,-0.44,0.87,9.55
76794,-0.44,0.89,9.54
76829,-0.43,0.87,9.56
76864,-0.45,0.87,9.55
76898,-0.45,0.88,9.55
76935,-0.45,0.85,9.56
76971,-0.45,0.89,9.58
77005,-0.46,0.87,9.57
77043,-0.42,0.86,9.54
77078,-0.45,0.86,9.56
77113,-0.45,0.9,9.54
77147,-0.45,0.87,9.55
77185,-0.44,0.87,9.54
77219,-0.46,0.86,9.6
77254,-0.44,0.85,9.57
77289,-0.43,0.87,9.56
77327,-0.45,0.86,9.56
77363,-0.44,0.87,9.57
77395,-0.44,0.81,9.55
77433,-0.45,0.84,9.56
77468,-0.47,0.87,9.57
77504,-0.44,0.83,9.55
77539,-0.45,0.86,9.55
77577,-0.45,0.85,9.53
77612,-0.45,0.86,9.58
77645,-0.45,0.87,9.54
77683,-0.45,0.88,9.58
77718,-0.45,0.87,9.58
77753,-0.45,0.9,9.58
77788,-0.45,0.76,9.54
77826,-0.46,0.76,9.5
77859,-0.46,0.83,9.55
77893,-0.45,0.8,9.53
77928,-0.47,0.79,9.57
77966,-0.45,0.79,9.55
78000,-0.45,0.79,9.51
78034,-0.46,0.81,9.56
78072,-0.47,0.74,9.55
78107,-0.44,0.77,9.57
78142,-0.46,0.74,9.56
78177,-0.45,0.75,9.57
78215,-0.46,0.77,9.59
78248,-0.45,0.78,9.54
78284,-0.44,0.77,9.58
78319,-0.46,0.79,9.57
78352,-0.45,0.77,9.56
78387,-0.46,0.74,9.57
78423,-0.45,0.77,9.59
78459,-0.43,0.76,9.58
78493,-0.45,0.76,9.54
78528,-0.44,0.77,9.58
78564,-0.44,0.76,9.57
78600,-0.45,0.77,9.57
78636,-0.45,0.76,9.57
78670,-0.46,0.76,9.56
78708,-0.46,0.76,9.58
78742,-0.45,0.76,9.56
78777,-0.45,0.75,9.58
78813,-0.45,0.76,9.57
78849,-0.46,0.77,9.53
78884,-0.46,0.75,9.56
78919,-0.46,0.73,9.59
78954,-0.45,0.76,9.58
78992,-0.46,0.75,9.54
79027,-0.46,0.75,9.59
79062,-0.47,0.76,9.58
79098,-0.44,0.76,9.6
79133,-0.45,0.75,9.58
79168,-0.47,0.75,9.58
79202,-0.46,0.75,9.55
79240,-0.45,0.73,9.56
79275,-0.45,0.75,9.57
79310,-0.45,0.73,9.55
79344,-0.46,0.76,9.57
79382,-0.46,0.76,9.55
79417,-0.45,0.74,9.56
79451,-0.45,0.76,9.55
79489,-0.47,0.73,9.54
79524,-0.45,0.72,9.57
79559,-0.45,0.73,9.55
79593,-0.45,0.74,9.54
79631,-0.46,0.74,9.57
79666,-0.45,0.73,9.55
79699,-0.44,0.73,9.55
79737,-0.45,0.74,9.56
79772,-0.45,0.75,9.55
79807,-0.46,0.73,9.57
79842,-0.45,0.73,9.55
79880,-0.46,0.75,9.55
79915,-0.44,0.72,9.57
79948,-0.42,0.73,9.51
79983,-0.46,0.72,9.56
80021,-0.45,0.75,9.56
80056,-0.45,0.74,9.58
80091,-0.45,0.75,9.55
80129,-0.45,0.71,9.56
80164,-0.46,0.73,9.56
80198,-0.45,0.73,9.54
80233,-0.44,0.73,9.58
80271,-0.46,0.72,9.57
80306,-0.45,0.72,9.57
80340,-0.44,0.75,9.53
80376,-0.46,0.73,9.57
80414,-0.43,0.74,9.55
80448,-0.44,0.74,9.53
80483,-0.45,0.71,9.56
80521,-0.45,0.72,9.55
80556,-0.45,0.71,9.55
80591,-0.45,0.74,9.53
80626,-0.45,0.73,9.55
80664,-0.43,0.7,9.6
80698,-0.47,0.76,9.51
80733,-0.44,0.73,9.57
80771,-0.41,0.71,9.58
80805,-0.45,0.77,9.53
80840,-0.46,0.69,9.55
80876,-0.44,0.7,9.55
80914,-0.44,0.74,9.58
80948,-0.46,0.71,9.55
80983,-0.43,0.71,9.54
81017,-0.44,0.74,9.57
81055,-0.43,0.72,9.54
81090,-0.45,0.69,9.57
81126,-0.45,0.71,9.57
81163,-0.43,0.71,9.59
81197,-0.47,0.72,9.54
81231,-0.45,0.73,9.55
81266,-0.45,0.72,9.59
81303,-0.45,0.69,9.56
81338,-0.44,0.7,9.55
81373,-0.45,0.73,9.59
81409,-0.44,0.71,9.56
81445,-0.44,0.71,9.53
81480,-0.44,0.72,9.58
81515,-0.46,0.71,9.59
81552,-0.44,0.72,9.54
81587,-0.46,0.68,9.59
81622,-0.45,0.7,9.56
81656,-0.45,0.69,9.58
81694,-0.44,0.69,9.56
81729,-0.46,0.69,9.56
81765,-0.45,0.69,9.56
81798,-0.46,0.7,9.54
81836,-0.48,0.7,9.58
81871,-0.46,0.69,9.57
81906,-0.43,0.72,9.55
81944,-0.44,0.71,9.54
81979,-0.46,0.68,9.59
82014,-0.46,0.69,9.57
82048,-0.43,0.67,9.49
82085,-0.45,0.72,9.57
82121,-0.44,0.71,9.61
82156,-0.44,0.68,9.54
82194,-0.45,0.72,9.54
82229,-0.46,0.69,9.53
82263,-0.12,1.16,9.62
82295,-1.25,-1.37,11.72
82333,-1.16,-0.88,13.43
82368,-1.07,-2.92,10.58
82401,0.0,-1.92,10.97
82437,-1.18,-1.62,11.53
82484,0.21,-2.04,10.03
82519,0.06,-1.06,10.77
82551,-0.09,-1.39,9.61
82589,-0.21,0.48,9.36
82625,0.5,0.84,6.89
82658,-0.28,0.98,7.43
82693,-0.76,1.56,7.3
82731,-0.91,2.19,8.45
82765,0.06,2.59,7.59
82798,0.06,2.55,8.93
82837,-1.0,2.74,10.76
82872,0.43,2.48,8.6
82905,-0.31,2.72,9.13
82940,0.37,2.48,8.33
82978,0.9,2.46,6.18
83012,0.37,3.02,4.98
83045,0.65,2.69,1.54
83082,0.22,3.68,3.28
83118,2.26,3.19,-1.19
83150,1.59,1.59,-2.97
83186,0.73,3.95,14.03
83224,-1.88,0.76,1.47
83257,-0.13,1.01,17.65
83292,1.74,1.84,15.25
83330,2.78,2.04,14.85
83364,3.38,2.3,16.3
83397,-2.76,2.45,13.6
83433,-2.16,1.88,12.02
83471,-0.41,2.24,9.27
83504,-1.35,1.13,8.82
83538,0.1,1.09,10.25
83577,1.43,0.52,9.01
83610,1.24,0.62,8.88
83644,0.67,1.14,10.78
83679,0.15,1.17,8.79
83716,0.15,1.3,9.19
83748,0.58,1.06,8.76
83784,0.81,0.94,9.09
83819,0.92,0.89,10.29
83850,0.84,0.96,8.81
83886,0.48,0.97,10.24
83920,0.52,0.97,9.66
83956,1.0,1.14,9.05
83991,0.27,1.13,9.8
84027,0.83,1.04,9.56
84060,1.08,1.08,9.35
84096,0.32,1.11,9.41
84131,-0.9,-0.61,9.88
84166,1.43,1.65,9.87
84202,1.12,1.12,9.64
84237,0.75,1.05,9.5
84273,0.4,1.01,9.89
84305,0.12,1.34,9.37
84343,0.62,1.54,9.71
84378,0.6,1.46,8.86
84411,0.57,1.5,9.23
84445,0.4,1.41,9.9
84483,0.48,1.38,9.34
84516,0.38,1.47,9.55
84550,0.13,1.46,9.82
84588,0.33,1.43,9.16
84624,-0.04,1.49,9.73
84657,0.44,1.42,9.92
84691,0.73,1.29,8.92
84729,0.54,1.37,9.24
84763,0.35,1.01,10.07
84796,0.42,1.1,10.01
84832,0.0,1.34,9.78
84869,0.01,1.42,9.34
84901,0.52,1.37,8.89
84937,0.69,1.43,9.87
84975,0.45,1.69,9.58
85008,0.33,1.41,9.13
85043,0.51,1.27,9.61
85078,0.4,1.3,9.31
85113,0.37,1.38,9.46
85146,0.49,1.46,9.65
85181,0.7,1.37,9.57
85218,0.48,1.4,9.29
85251,0.67,1.54,9.7
85285,0.7,1.56,9.86
85319,0.71,1.55,9.8
85355,0.53,1.53,9.49
85390,0.49,1.57,10.08
85426,0.5,1.71,9.68
85460,0.37,1.58,9.55
85497,0.66,1.54,9.61
85532,0.67,1.5,9.99
85567,0.5,1.6,9.91
85602,0.57,1.57,9.69
85637,0.72,1.47,9.59
85671,0.67,1.54,9.72
85704,0.59,1.6,9.74
85742,0.55,1.56,9.62
85776,0.6,1.61,9.71
85811,0.59,1.6,9.79
85844,0.39,1.61,9.56
85882,0.55,1.61,9.87
85916,0.55,1.58,9.71
85949,0.57,1.52,9.51
85987,0.51,1.56,9.84
86021,0.63,1.58,9.84
86053,0.46,1.59,9.84
86088,0.31,1.61,9.75
86126,0.38,1.64,9.78
86159,0.28,1.64,9.91
86193,0.52,1.6,9.57
86227,0.45,1.52,9.66
86258,0.33,1.61,9.75
86293,0.35,1.55,9.57
86328,0.6,1.53,9.77
86364,0.18,1.63,9.76
86396,0.28,1.6,9.98
86431,0.36,1.56,9.72
86466,0.26,1.61,9.74
86502,0.23,1.65,9.89
86536,0.31,1.53,9.73
86571,0.37,1.52,9.77
86607,0.34,1.61,9.86
86642,0.38,1.48,9.62
86677,0.36,1.54,9.71
86710,0.38,1.5,9.83
86747,0.49,1.53,9.77
86781,0.26,1.61,9.89
86814,0.28,1.51,9.72
86847,0.54,1.61,10.02
86886,0.45,1.49,9.78
86921,0.49,1.58,10.07
86953,0.37,1.63,9.45
86991,0.24,1.64,8.78
87027,0.2,1.42,10.95
87060,0.56,1.61,10.11
87094,0.38,1.48,9.93
87131,0.46,1.42,9.93
87164,0.22,1.33,10.23
87197,0.35,1.28,10.23
87235,0.54,1.22,9.77
87270,0.08,1.35,8.93
87303,0.2,0.83,11.45
87337,0.64,1.26,10.72
87375,-0.05,1.3,9.81
87409,0.12,0.84,10.19
87443,-0.02,1.0,11.04
87478,-0.15,1.03,10.45
87514,0.63,1.13,11.58
87546,-0.79,1.34,11.99
87582,-0.56,1.31,11.83
87619,-1.27,1.15,12.05
87653,0.26,1.45,11.39
87688,-0.77,1.26,10.26
87723,0.24,1.2,9.84
87758,0.56,1.16,10.21
87793,0.14,1.15,7.73
87828,0.0,1.18,7.92
87864,0.38,1.31,9.06
87897,0.23,1.84,8.53
87932,-0.15,1.93,10.44
87967,-0.03,2.43,9.7
88003,-0.01,3.13,8.06
88038,0.23,2.91,10.84
88074,1.37,2.54,10.19
88109,0.51,2.46,9.04
88143,0.64,2.6,8.01
88178,0.91,2.57,7.92
88212,0.53,1.72,9.64
88248,1.45,2.03,8.92
88283,0.91,1.42,7.75
88317,0.22,0.82,9.09
88351,0.81,1.17,8.61
88389,1.17,0.9,9.35
88424,0.84,0.28,9.14
88457,0.7,0.24,8.04
88495,0.65,0.17,11.32
88529,0.91,0.81,10.32
88563,0.84,1.38,8.28
88596,1.05,1.66,9.86
88634,0.92,1.83,9.92
88669,0.92,1.86,9.39
88702,0.62,1.78,9.96
88740,0.07,1.53,9.29
88775,0.16,1.49,9.54
88808,0.11,1.47,10.01
88843,0.52,2.0,9.65
88881,0.52,1.9,9.33
88913,0.36,1.94,9.57
88947,0.33,2.18,9.41
88982,0.47,2.03,8.34
89019,0.64,2.48,9.01
89053,0.82,2.11,8.88
89088,0.77,2.27,8.5
89125,1.04,2.59,7.5
89158,1.04,1.84,7.52
89193,0.26,0.81,8.79
89228,-0.01,0.83,9.49
89264,0.45,-0.4,13.23
89296,-0.16,-0.91,12.93
89332,1.36,0.34,11.13
89370,1.09,0.71,12.3
89403,-0.23,0.18,12.26
89438,-0.21,2.1,10.66
89474,0.79,0.76,6.37
89508,-0.36,0.48,7.92
89543,-0.95,2.37,11.4
89578,-0.43,1.32,9.76
89611,-0.45,1.16,9.92
89648,-0.46,0.69,9.78
89682,-0.46,1.01,9.85
89717,-0.44,0.99,9.83
89753,-0.49,0.95,9.86
89788,-0.5,0.91,9.79
89823,-0.52,0.92,9.76
89858,-0.47,0.86,9.93
89895,-0.47,1.43,9.86
89930,-0.52,1.25,9.92
89966,-0.44,0.89,9.79
90002,-0.46,0.77,9.77
90037,-0.53,0.88,9.83
90072,-0.4,1.09,9.83
90106,-0.56,0.88,9.87
90143,-0.48,1.2,9.85
90179,-0.49,0.99,9.83
90212,-0.48,1.06,9.77
90245,-0.49,1.13,9.84
90283,-0.48,1.04,9.82
90317,-0.47,0.92,9.92
90350,-0.5,1.05,9.79
90388,-0.48,0.94,9.81
90422,-0.47,0.82,9.69
90455,-0.5,0.85,9.81
90489,-0.5,0.93,9.8
90536,-0.44,0.87,9.81
90571,-0.49,0.87,9.78
90606,-0.49,1.03,9.82
90644,-0.49,0.85,9.95
90679,-0.52,0.9,9.85
90714,-0.45,0.85,9.81
90746,-0.5,0.88,9.8
90784,-0.51,0.89,9.83
90819,-0.45,0.81,9.84
90852,-0.47,0.86,9.8
90887,-0.53,0.86,9.84
90924,-0.54,0.68,9.86
90956,-0.5,0.79,9.81
91044,-0.46,0.71,9.69
91082,-0.55,0.78,9.7
91116,-0.54,0.73,9.86
91149,-0.52,0.67,9.79
91184,-0.53,0.72,9.82
91222,-0.53,0.74,9.8
91256,-0.54,0.73,9.8
91291,-0.54,0.71,9.82
91329,-0.54,0.72,9.82
91364,-0.53,0.7,9.84
91398,-0.52,0.71,9.79
91432,-0.53,0.7,9.87
91470,-0.49,0.71,9.8
91505,-0.53,0.74,9.86
91540,-0.53,0.71,9.81
91575,-0.54,0.73,9.85
91613,-0.52,0.7,9.84
91646,-0.51,0.69,9.8
91681,-0.52,0.68,9.84
91719,-0.55,0.69,9.86
91753,-0.52,0.66,9.83
91789,-0.51,0.61,9.79
91824,-0.53,0.7,9.85
91862,-0.54,0.7,9.82
91895,-0.54,0.63,9.79
91930,-0.56,0.66,9.81
91964,-0.54,0.61,9.81
92000,-0.55,0.59,9.81
92035,-0.57,0.63,9.87
92069,-0.56,0.57,9.77
92106,-0.49,0.45,9.57
92141,-0.47,0.7,9.84
92213,-0.55,0.6,9.84
92246,-0.61,0.74,9.95
92283,-0.33,0.12,10.35
92318,-0.12,1.31,10.09
92351,-0.51,0.92,9.94
92390,-0.56,0.75,9.88
92424,-0.54,0.69,9.84
92459,-0.52,0.83,9.87
92493,-0.53,0.72,9.81
92531,-0.51,0.66,9.81
92566,-0.53,0.7,9.8
92600,-0.53,0.71,9.82
92635,-0.52,0.69,9.86
92672,-0.54,0.68,9.84
92706,-0.5,0.7,9.79
92742,-0.51,0.7,9.82
92779,-0.52,0.7,9.84
92814,-0.5,0.7,9.82
92848,-0.54,0.7,9.8
92882,-0.51,0.68,9.81
92920,-0.52,0.7,9.82
92954,-0.54,0.71,9.82
92989,-0.5,0.7,9.85
93024,-0.54,0.7,9.82
93057,-0.53,0.72,9.84
93091,-0.52,0.69,9.82
93126,-0.53,0.7,9.8
93164,-0.54,0.71,9.82
93198,-0.52,0.71,9.8
93233,-0.51,0.71,9.81
93267,-0.54,0.69,9.88
93303,-0.49,0.69,9.88
93375,-0.55,0.69,9.87
93410,-0.51,0.7,9.84
93447,-0.52,0.68,9.69
93481,-0.55,0.67,9.86
93516,-0.52,0.69,9.8
93550,-0.54,0.72,9.85
93589,-0.56,0.73,9.8
93624,-0.48,0.68,9.83
93659,-0.55,0.73,9.81
93693,-0.55,0.7,9.78
93731,-0.49,0.68,9.81
93766,-0.52,0.7,9.82
93800,-0.55,0.71,9.82
93838,-0.53,0.71,9.87
93874,-0.54,0.68,9.83
93908,-0.54,0.71,9.8
93943,-0.52,0.7,9.81
93981,-0.5,0.7,9.81
94016,-0.54,0.71,9.8
94050,-0.53,0.69,9.83
94088,-0.52,0.69,9.83
94124,-0.53,0.72,9.85
94158,-0.52,0.7,9.82
94193,-0.52,0.7,9.84
94231,-0.51,0.69,9.81
94266,-0.52,0.71,9.82
94300,-0.52,0.69,9.79
94334,-0.54,0.71,9.85
94372,-0.52,0.69,9.87
94408,-0.5,0.72,9.8
94443,-0.5,0.7,9.83
94516,-0.5,0.69,9.79
94550,-0.52,0.71,9.77
94584,-0.52,0.7,9.83
94619,-0.5,0.7,9.82
94657,-0.53,0.7,9.85
94692,-0.52,0.69,9.79
94727,-0.52,0.69,9.82
94763,-0.51,0.7,9.83
94798,-0.53,0.8,9.84
94834,-0.56,0.56,9.77
94869,-0.51,0.63,9.8
94906,-0.52,0.71,9.85
94941,-0.54,0.6,9.81
94977,-0.5,0.55,9.79
95009,-0.54,0.68,9.81
95046,-0.56,0.67,9.8
95081,-0.52,0.7,9.85
95117,-0.53,0.73,9.87
95153,-0.55,0.59,9.78
95187,-0.55,0.7,9.81
95223,-0.51,0.69,9.84
95256,-0.54,0.6,9.77
95293,-0.52,0.64,9.82
95329,-0.51,0.72,9.89
95364,-0.54,0.66,9.83
95397,-0.54,0.63,9.78
95435,-0.51,0.66,9.83
95470,-0.54,0.66,9.84
95505,-0.5,0.61,9.81
95543,-0.49,0.62,9.83
95578,-0.53,0.67,9.88
95610,-0.5,0.63,9.82
95679,-0.51,0.62,9.84
95717,-0.53,0.63,9.85
95751,-0.5,0.6,9.79
95787,-0.5,0.62,9.81
95823,-0.5,0.62,9.8
95859,-0.53,0.63,9.81
95894,-0.51,0.61,9.8
95929,-0.51,0.64,9.82
95967,-0.53,0.64,9.81
96000,-0.49,0.62,9.8
96035,-0.49,0.8,10.33
96070,-0.55,0.6,9.69
96106,-0.5,0.59,9.85
96142,-0.53,0.66,9.87
96177,-0.53,0.64,9.84
96215,-0.49,0.64,9.85
96248,-0.52,0.63,9.88
96284,-0.49,0.62,9.89
96319,-0.51,0.64,9.87
96356,-0.52,0.61,9.86
96391,-0.49,0.59,9.86
96427,-0.5,0.61,9.78
96461,-0.51,0.63,9.85
96497,-0.47,0.62,9.8
96533,-0.51,0.64,9.84
96568,-0.48,0.63,9.78
96605,-0.5,0.62,9.8
96640,-0.52,0.65,9.83
96674,-0.54,0.64,9.85
96707,-0.46,0.83,9.89
96745,-0.53,0.61,9.76
96780,-0.49,0.95,9.93
96848,-0.54,0.7,9.85
96884,-0.53,0.7,9.81
96921,-0.5,0.66,9.83
96957,-0.51,0.7,9.83
96992,-0.55,0.7,9.82
97030,-0.52,0.7,9.83
97065,-0.54,0.7,9.82
97099,-0.52,0.7,9.85
97134,-0.53,0.72,9.84
97172,-0.49,0.69,9.83
97207,-0.51,0.67,9.8
97243,-0.51,0.7,9.8
97281,-0.53,0.71,9.84
97315,-0.54,0.67,9.82
97349,-0.52,0.71,9.8
97385,-0.54,0.7,9.83
97423,-0.52,0.7,9.82
97459,-0.56,0.7,9.81
97494,-0.53,0.71,9.79
97528,-0.53,0.67,9.83
97566,-0.53,0.67,9.8
97600,-0.54,0.7,9.81
97635,-0.56,0.7,9.8
97673,-0.54,0.68,9.8
97708,-0.52,0.7,9.81
97743,-0.53,0.67,9.82
97778,-0.55,0.7,9.82
97816,-0.54,0.68,9.81
97850,-0.52,0.7,9.82
97886,-0.53,0.7,9.81
97921,-0.52,0.68,9.82
97992,-0.55,0.7,9.79
98028,-0.51,0.72,9.81
98063,-0.54,0.7,9.81
98099,-0.52,0.71,9.81
98135,-0.5,0.7,9.84
98169,-0.51,0.69,9.81
98203,-0.53,0.7,9.81
98241,-0.53,0.71,9.82
98277,-0.53,0.68,9.8
98312,-0.53,0.7,9.83
98349,-0.54,0.69,9.8
98383,-0.54,0.68,9.84
98419,-0.51,0.73,9.85
98452,-0.52,0.67,9.8
98490,-0.52,0.69,9.83
98525,-0.54,0.7,9.81
98560,-0.52,0.65,9.79
98594,-0.5,0.71,9.8
98632,-0.55,0.7,9.81
98667,-0.53,0.71,9.83
98701,-0.52,0.71,9.77
98739,-0.51,0.7,9.81
98774,-0.53,0.69,9.84
98806,-0.52,0.65,9.83
98841,-0.51,0.68,9.81
98880,-0.52,0.71,9.84
98913,-0.49,0.59,9.83
98947,-0.48,0.61,9.79
98994,-0.5,0.65,9.84
99028,-0.47,0.67,9.83
99061,-0.46,0.59,9.8
99131,-0.44,0.62,9.79
99169,-0.46,0.64,9.83
99203,-0.45,0.62,9.78
99237,-0.49,0.63,9.81
99272,-0.47,0.66,9.86
99310,-0.46,0.61,9.83
99345,-0.44,0.62,9.79
99380,-0.47,0.59,9.8
99418,-0.48,0.61,9.83
99450,-0.48,0.61,9.81
99485,-0.44,0.59,9.82
99520,-0.47,0.6,9.8
99557,-0.47,0.62,9.83
99592,-0.44,0.6,9.82
99628,-0.45,0.59,9.81
99665,-0.44,0.59,9.82
99698,-0.48,0.61,9.8
99734,-0.46,0.63,9.81
99769,-0.45,0.6,9.82
99805,-0.45,0.6,9.8
99840,-0.45,0.59,9.81
99874,-0.44,0.6,9.79
99909,-0.44,0.61,9.83
99947,-0.47,0.61,9.78
99982,-0.45,0.6,9.81
100018,-0.47,0.6,9.85
100054,-0.44,0.59,9.81
100088,-0.48,0.64,9.83
100124,-0.47,0.61,9.84
100159,-0.44,0.58,9.82
100197,-0.46,0.59,9.82
100232,-0.47,0.61,9.83
100302,-0.44,0.59,9.82
100340,-0.48,0.59,9.84
100375,-0.45,0.6,9.84
100410,-0.46,0.59,9.82
100445,-0.46,0.57,9.81
100483,-0.46,0.59,9.83
100517,-0.44,0.61,9.93
100551,-0.46,0.6,9.88
100587,-0.46,0.59,9.8
100625,-0.41,0.57,9.79
100660,-0.47,0.58,9.82
100695,-0.46,0.6,9.79
100732,-0.43,0.57,9.83
100767,-0.47,0.58,9.83
100801,-0.46,0.61,9.81
100836,-0.45,0.58,9.83
100874,-0.44,0.59,9.87
100909,-0.44,0.61,9.84
100943,-0.48,0.59,9.82
100981,-0.44,0.59,9.83
101017,-0.45,0.58,9.83
101051,-0.45,0.55,9.83
101086,-0.49,0.6,9.87
101124,-0.45,0.59,9.83
101158,-0.42,0.59,9.87
101193,-0.46,0.6,9.79
101228,-0.45,0.58,9.82
101267,-0.44,0.6,9.81
101301,-0.46,0.62,9.86
101335,-0.43,0.55,9.83
101372,-0.43,0.58,9.82
101443,-0.45,0.58,9.8
101478,-0.44,0.59,9.8
101514,-0.41,0.59,9.88
101550,-0.44,0.6,9.78
101584,-0.46,0.6,9.81
101620,-0.48,0.57,9.79
101657,-0.43,0.58,9.82
101692,-0.48,0.58,9.83
101728,-0.44,0.57,9.81
101763,-0.44,0.59,9.81
101798,-0.45,0.59,9.77
101834,-0.46,0.59,9.85
101869,-0.44,0.58,9.83
101903,-0.45,0.6,9.81
101940,-0.44,0.59,9.85
101975,-0.44,0.58,9.84
102010,-0.44,0.58,9.8
102047,-0.41,0.59,9.73
102082,-0.47,0.59,9.85
102117,-0.44,0.59,9.79
102151,-0.46,0.59,9.8
102189,-0.46,0.59,9.85
102224,-0.48,0.59,9.83
102259,-0.44,0.59,9.79
102297,-0.44,0.58,9.79
102332,-0.44,0.59,9.81
102367,-0.46,0.59,9.82
102401,-0.45,0.57,9.78
102438,-0.45,0.58,9.81
102473,-0.44,0.59,9.82
102508,-0.46,0.6,9.8
102544,-0.44,0.58,9.79
102617,-0.44,0.6,9.83
102650,-0.47,0.58,9.81
102685,-0.46,0.58,9.79
102723,-0.44,0.59,9.82
102758,-0.46,0.58,9.83
102793,-0.44,0.59,9.8
102828,-0.45,0.59,9.82
102866,-0.46,0.6,9.81
102900,-0.38,0.4,9.46
102935,-0.47,0.58,9.73
102973,-0.46,0.6,9.84
103008,-0.44,0.59,9.84
103043,-0.46,0.57,9.81
103078,-0.45,0.58,9.79
103116,-0.44,0.58,9.8
103150,-0.46,0.6,9.79
103185,-0.46,0.59,9.89
103220,-0.44,0.58,9.79
103258,-0.45,0.6,9.8
103292,-0.45,0.57,9.81
103327,-0.53,0.69,10.06
103366,-0.46,0.57,9.85
103399,-0.45,0.6,9.8
103434,-0.44,0.57,9.81
103470,-0.46,0.59,9.81
103505,-0.43,0.57,9.82
103540,-0.46,0.58,9.84
103576,-0.43,0.59,9.8
103613,-0.44,0.58,9.82
103647,-0.44,0.57,9.8
103682,-0.44,0.6,9.83
103716,-0.45,0.59,9.82
103789,-0.46,0.59,9.82
103824,-0.44,0.58,9.81
103859,-0.44,0.58,9.8
103894,-0.46,0.59,9.8
103931,-0.44,0.55,9.82
103967,-0.46,0.58,9.82
104000,-0.44,0.57,9.81
104038,-0.45,0.57,9.83
104074,-0.44,0.59,9.82
104109,-0.44,0.58,9.84
104143,-0.47,0.56,9.84
104181,-0.45,0.59,9.91
104216,-0.48,0.57,9.79
104250,-0.45,0.57,9.71
104288,-0.43,0.57,9.83
104323,-0.45,0.56,9.85
104358,-0.46,0.59,9.82
104393,-0.45,0.57,9.81
104431,-0.45,0.58,9.83
104467,-0.45,0.55,9.82
104500,-0.42,0.59,9.81
104535,-0.46,0.56,9.79
104572,-0.44,0.56,9.82
104608,-0.45,0.57,9.81
104643,-0.45,0.52,9.79
104681,-0.45,0.53,9.77
104717,-0.47,0.54,9.85
104751,-0.45,0.55,9.72
104785,-0.44,0.55,9.79
104823,-0.46,0.55,9.85
104858,-0.44,0.61,9.83
104930,-0.44,0.59,9.82
104968,-0.44,0.59,9.83
105001,-0.44,0.58,9.82
105037,-0.47,0.59,9.8
105072,-0.44,0.58,9.82
105111,-0.44,0.6,9.81
105145,-0.45,0.56,9.82
105180,-0.45,0.58,9.79
105216,-0.45,0.6,9.84
105251,-0.44,0.57,9.83
105287,-0.46,0.6,9.84
105322,-0.48,0.61,9.82
105360,-0.45,0.57,9.83
105395,-0.44,0.6,9.79
105430,-0.45,0.56,9.79
105465,-0.47,0.57,9.89
105501,-0.44,0.57,9.66
105536,-0.45,0.59,9.85
105572,-0.43,0.6,9.78
105610,-0.44,0.59,9.87
105645,-0.46,0.59,9.78
105679,-0.48,0.6,9.84
105714,-0.44,0.59,9.81
105751,-0.44,0.57,9.81
105786,-0.46,0.59,9.79
105822,-0.44,0.58,9.82
105857,-0.43,0.59,9.81
105894,-0.46,0.59,9.83
105930,-0.44,0.58,9.82
105965,-0.46,0.55,9.77
106001,-0.44,0.59,9.8
106037,-0.45,0.58,9.83
106108,-0.44,0.57,9.8
106143,-0.45,0.57,9.8
106181,-0.45,0.58,9.86
106217,-0.44,0.58,9.82
106251,-0.4,0.57,9.76
106289,-0.44,0.61,9.81
106324,-0.45,0.6,9.81
106359,-0.44,0.57,9.82
106394,-0.44,0.59,9.82
106432,-0.47,0.59,9.8
106467,-0.42,0.55,9.68
106500,-0.46,0.57,9.77
106535,-0.44,0.58,9.82
106573,-0.46,0.57,9.78
106608,-0.44,0.56,9.8
106643,-0.46,0.59,9.92
106681,-0.44,0.56,9.87
106717,-0.45,0.59,9.77
106750,-0.42,0.59,9.8
106786,-0.44,0.57,9.76
106824,-0.44,0.57,9.81
106859,-0.46,0.58,9.84
106894,-0.45,0.57,9.83
106932,-0.45,0.58,9.84
106967,-0.45,0.59,9.86
107000,-0.44,0.58,9.8
107035,-0.46,0.59,9.81
107073,-0.44,0.59,9.82
107108,-0.43,0.59,9.81
107144,-0.44,0.57,9.81
107182,-0.46,0.57,9.83
107252,-0.44,0.59,9.86
107288,-0.44,0.6,9.84
107323,-0.46,0.56,9.83
107361,-0.47,0.6,9.86
107395,-0.47,0.58,9.83
107429,-0.44,0.56,9.82
107465,-0.45,0.58,9.84
107510,-0.44,0.58,9.84
107544,-0.44,0.57,9.8
107580,-0.45,0.57,9.81
107618,-0.45,0.56,9.81
107652,-0.44,0.57,9.83
107686,-0.46,0.6,9.85
107722,-0.44,0.57,9.84
107760,-0.45,0.56,9.81
107794,-0.46,0.59,9.81
107830,-0.44,0.58,9.82
107868,-0.46,0.58,9.83
107901,-0.44,0.58,9.82
107937,-0.45,0.61,9.83
107972,-0.44,0.54,9.82
108010,-0.45,0.58,9.81
108045,-0.44,0.55,9.83
108080,-0.45,0.58,9.8
108114,-0.42,0.57,9.82
108151,-0.44,0.56,9.82
108187,-0.45,0.58,9.85
108222,-0.45,0.58,9.81
108261,-0.44,0.58,9.81
108295,-0.44,0.59,9.8
108331,-0.45,0.58,9.82
108401,-0.44,0.56,9.81
108440,-0.42,0.57,9.82
108475,-0.44,0.57,9.83
108510,-0.45,0.56,9.84
108548,-0.43,0.59,9.8
108582,-0.44,0.58,9.81
108618,-0.44,0.58,9.83
108652,-0.45,0.58,9.82
108690,-0.46,0.57,9.83
108726,-0.45,0.59,9.83
108761,-0.45,0.56,9.83
108794,-0.44,0.55,9.82
108832,-0.43,0.56,9.83
108868,-0.48,0.56,9.84
108902,-0.46,0.56,9.8
108940,-0.44,0.57,9.83
108975,-0.46,0.58,9.84
109010,-0.44,0.55,9.82
109044,-0.41,0.6,9.81
109082,-0.47,0.54,9.82
109117,-0.45,0.56,9.86
109152,-0.44,0.58,9.79
109190,-0.45,0.57,9.84
109224,-0.44,0.56,9.83
109260,-0.44,0.58,9.81
109294,-0.44,0.58,9.79
109332,-0.44,0.54,9.84
109368,-0.42,0.58,9.82
109402,-0.45,0.56,9.8
109436,-0.42,0.58,9.82
109475,-0.47,0.58,9.83
109510,-0.44,0.56,9.79
109580,-0.44,0.59,9.84
109618,-0.44,0.57,9.85
109652,-0.43,0.56,9.82
109688,-0.43,0.56,9.82
109724,-0.43,0.56,9.8
109761,-0.43,0.56,9.8
109796,-0.48,0.56,9.81
109831,-0.45,0.57,9.79
109869,-0.44,0.54,9.8
109903,-0.44,0.58,9.85
109938,-0.45,0.57,9.86
109974,-0.45,0.59,9.81
110012,-0.44,0.57,9.8
110046,-0.43,0.58,9.8
110081,-0.46,0.56,9.83
110116,-0.44,0.55,9.84
110153,-0.44,0.55,9.79
110188,-0.45,0.55,9.87
110224,-0.44,0.57,9.84
110262,-0.44,0.58,9.8
110296,-0.42,0.56,9.78
110330,-0.46,0.58,9.85
110366,-0.44,0.58,9.8
110402,-0.45,0.57,9.81
110438,-0.45,0.57,9.84
110473,-0.44,0.57,9.82
110511,-0.43,0.56,9.82
110544,-0.43,0.57,9.79
110580,-0.44,0.57,9.83
110615,-0.45,0.56,9.83
110652,-0.44,0.56,9.81
110723,-0.42,0.56,9.83
110758,-0.42,0.57,9.81
110793,-0.43,0.56,9.79
110831,-0.44,0.57,9.84
110867,-0.43,0.57,9.83
110900,-0.45,0.58,9.79
110938,-0.44,0.57,9.82
110973,-0.43,0.57,9.82
111008,-0.42,0.56,9.82
111043,-0.45,0.57,9.82
111081,-0.43,0.57,9.82
111117,-0.44,0.55,9.81
111151,-0.43,0.58,9.83
111188,-0.44,0.57,9.83
111224,-0.45,0.58,9.8
111259,-0.43,0.56,9.82
111294,-0.45,0.55,9.79
111332,-0.46,0.59,9.84
111367,-0.47,0.57,9.82
111400,-0.43,0.58,9.8
111436,-0.46,0.58,9.83
111474,-0.44,0.58,9.83
111509,-0.45,0.57,9.83
111544,-0.45,0.59,9.82
111582,-0.46,0.56,9.83
111617,-0.44,0.57,9.83
111650,-0.44,0.59,9.82
111686,-0.45,0.57,9.82
111724,-0.44,0.55,9.81
111759,-0.44,0.58,9.82
111794,-0.44,0.56,9.83
111832,-0.44,0.57,9.83
111902,-0.49,0.58,9.8
111938,-0.44,0.58,9.8
111974,-0.43,0.56,9.82
112011,-0.44,0.56,9.83
112046,-0.44,0.56,9.79
112080,-0.45,0.55,9.79
112116,-0.45,0.56,9.86
112153,-0.45,0.57,9.81
112188,-0.44,0.57,9.82
112224,-0.45,0.57,9.83
112262,-0.43,0.57,9.81
112295,-0.45,0.58,9.8
112330,-0.43,0.56,9.82
112366,-0.42,0.56,9.83
112402,-0.45,0.55,9.78
112438,-0.48,0.63,9.82
112474,-0.41,0.47,9.82
112512,-0.45,0.62,9.83
112545,-0.48,0.56,9.81
112580,-0.42,0.52,9.83
112616,-0.47,0.59,9.81
112653,-0.47,0.57,9.79
112688,-0.43,0.56,9.85
112723,-0.44,0.6,9.81
112758,-0.45,0.58,9.82
112796,-0.44,0.57,9.83
112831,-0.45,0.57,9.81
112867,-0.42,0.59,9.81
112903,-0.44,0.57,9.81
112939,-0.44,0.58,9.82
112973,-0.44,0.57,9.82
113008,-0.46,0.56,9.81
113082,-0.45,0.58,9.84
113117,-0.45,0.57,9.8
113150,-0.44,0.57,9.83
113189,-0.43,0.54,9.82
113224,-0.45,0.58,9.8
113260,-0.44,0.57,9.78
113294,-0.44,0.57,9.8
113332,-0.44,0.56,9.84
113368,-0.44,0.55,9.82
113401,-0.44,0.59,9.77
113439,-0.44,0.58,9.8
113475,-0.45,0.57,9.82
113510,-0.44,0.56,9.79
113544,-0.47,0.57,9.78
113582,-0.47,0.57,9.81
113617,-0.45,0.56,9.84
113651,-0.44,0.55,9.77
113686,-0.44,0.56,9.84
113724,-0.45,0.57,9.79
113760,-0.44,0.58,9.8
113794,-0.45,0.58,9.78
113831,-0.45,0.58,9.83
113867,-0.46,0.57,9.84
113901,-0.44,0.55,9.82
113936,-0.43,0.55,9.87
113975,-0.45,0.58,9.84
114010,-0.47,0.56,9.97
114044,-0.47,0.58,9.8
114082,-0.43,0.58,9.83
114117,-0.45,0.59,9.84
114151,-0.45,0.57,9.8
114223,-0.43,0.58,9.77
114260,-0.43,0.57,9.84
114294,-0.64,0.97,10.3
114329,-0.2,0.47,9.73
114365,-0.46,2.08,10.32
114401,-0.5,-0.09,9.43
114436,-0.49,0.96,9.9
114471,-0.48,0.69,9.88
114507,-0.47,0.73,9.79
114543,-0.48,0.73,9.82
114578,-0.46,0.75,9.83
114614,-0.49,0.7,9.88
114650,-0.49,0.73,9.78
114684,-0.49,0.63,9.82
114719,-0.52,0.7,9.85
114756,-0.51,0.69,9.8
114792,-0.5,0.69,9.82
114827,-0.53,0.7,9.81
114860,-0.52,0.68,9.81
114896,-0.53,0.77,9.8
114932,-0.53,0.73,9.84
114967,-0.52,0.68,9.85
115001,-0.51,0.71,9.8
115040,-0.51,0.7,9.85
115075,-0.5,0.71,9.82
115109,-0.51,0.73,9.8
115146,-0.5,0.72,9.82
115182,-0.51,0.7,9.86
115218,-0.53,0.71,9.82
115252,-0.52,0.7,9.85
115290,-0.51,0.7,9.83
115324,-0.52,0.71,9.82
115396,-0.49,0.7,9.82
115434,-0.53,0.7,9.83
115469,-0.52,0.69,9.83
115503,-0.49,0.71,9.79
115538,-0.52,0.7,9.86
115576,-0.51,0.69,9.83
115611,-0.51,0.71,9.78
115646,-0.52,0.72,9.85
115681,-0.51,0.7,9.8
115719,-0.51,0.68,9.79
115753,-0.5,0.7,9.77
115788,-0.49,0.71,9.82
115826,-0.51,0.68,9.8
115862,-0.53,0.7,9.81
115896,-0.51,0.7,9.81
115931,-0.52,0.7,9.83
115978,-0.5,0.7,9.75
116014,-0.5,0.71,9.85
116046,-0.5,0.69,9.83
116085,-0.52,0.7,9.84
116120,-0.52,0.7,9.79
116156,-0.52,0.68,9.78
116191,-0.49,0.71,9.86
116229,-0.55,0.67,9.84
116264,-0.52,0.7,9.85
116298,-0.55,0.71,9.82
116333,-0.54,0.68,9.9
116371,-0.52,0.72,9.74
116407,-0.51,0.74,9.72
116442,-0.54,0.7,9.84
116516,-0.52,0.7,9.85
116550,-0.51,0.69,9.84
116586,-0.51,0.71,9.8
116621,-0.52,0.7,9.82
116659,-0.53,0.7,9.83
116694,-0.53,0.7,9.87
116728,-0.53,0.67,9.8
116767,-0.5,0.7,9.77
116801,-0.51,0.7,9.81
116837,-0.52,0.7,9.86
116872,-0.51,0.67,9.81
116911,-0.53,0.71,9.86
116944,-0.54,0.67,9.82
116979,-0.51,0.7,9.83
117014,-0.51,0.69,9.81
117051,-0.51,0.7,9.78
117087,-0.5,0.71,9.81
117122,-0.55,0.69,9.85
117160,-0.54,0.69,9.83
117194,-0.52,0.67,9.78
117229,-0.53,0.69,9.79
117264,-0.47,0.49,9.74
117301,-0.52,0.78,9.84
117337,-0.56,0.67,9.88
117371,-0.53,0.63,9.81
117407,-0.52,0.5,9.72
117442,-0.58,0.59,9.87
117478,-0.53,0.7,9.84
117513,-0.52,0.58,9.81
117549,-0.48,0.66,9.78
117584,-0.52,0.65,9.86
117619,-0.5,0.63,9.78
117694,-0.44,0.67,9.81
117730,-0.44,0.62,9.8
117763,-0.45,0.64,9.78
117796,-0.48,0.62,9.82
117834,-0.5,0.64,9.83
117869,-0.44,0.61,9.85
117904,-0.44,0.57,9.82
117939,-0.5,0.61,9.83
117977,-0.47,0.59,9.82
118012,-0.47,0.61,9.84
118046,-0.47,0.59,9.79
118084,-0.45,0.59,9.8
118119,-0.45,0.58,9.81
118154,-0.47,0.59,9.85
118189,-0.47,0.59,9.81
118226,-0.46,0.59,9.86
118262,-0.46,0.55,9.77
118295,-0.44,0.59,9.77
118333,-0.49,0.61,9.88
118368,-0.46,0.55,9.81
118403,-0.44,0.58,9.82
118437,-0.44,0.6,9.82
118475,-0.45,0.57,9.81
118511,-0.47,0.55,9.8
118545,-0.44,0.55,9.83
118580,-0.45,0.57,9.81
118619,-0.47,0.58,9.83
118652,-0.44,0.59,9.85
118688,-0.44,0.56,9.81
118726,-0.46,0.57,9.8
118761,-0.45,0.56,9.81
118795,-0.46,0.56,9.81
118831,-0.45,0.58,9.86
118868,-0.44,0.55,9.81
118902,-0.47,0.58,9.87
118937,0.41,2.2,10.83
118976,-0.55,0.48,9.43
119009,-0.43,0.66,9.91
119044,-0.46,0.55,9.85
119078,-0.46,0.59,9.87
119116,-0.44,0.59,9.79
119150,-0.45,0.59,9.8
119186,-0.55,0.59,10.29
119222,-0.44,0.55,9.79
119261,-0.48,0.59,9.84
119294,-0.46,0.56,9.76
119329,-0.44,0.58,9.84
119367,-0.46,0.58,9.81
119401,-0.47,0.59,9.78
119437,-0.45,0.58,9.79
119472,-0.47,0.58,9.88
119511,-0.47,0.59,9.82
119544,-0.45,0.59,9.86
119579,-0.46,0.58,9.83
119618,-0.47,0.57,9.85
119652,-0.45,0.61,9.78
119687,-0.45,0.6,9.78
119721,-0.44,0.59,9.8
119760,-0.48,0.61,9.81
119794,-0.45,0.57,9.79
119829,-0.46,0.59,9.84
119865,-0.45,0.59,9.83
119901,-0.45,0.57,9.78
119937,-0.44,0.59,9.82
119971,-0.45,0.58,9.82
120010,-0.46,0.59,9.84
120044,-0.43,0.59,9.83
120079,-0.48,0.58,9.83
120115,-0.46,0.59,9.83
120152,-0.47,0.57,9.83
120187,-0.46,0.55,9.83
120222,-0.46,0.61,9.85
120258,-0.46,0.58,9.79
120296,-0.46,0.59,9.81
120331,-0.44,0.59,9.8
120366,-0.44,0.57,9.84
120402,-0.45,0.59,9.79
120438,-0.45,0.58,9.8
120473,-0.45,0.57,9.79
120509,-0.44,0.58,9.78
120546,-0.45,0.58,9.79
120582,-0.47,0.59,9.81
120616,-0.48,0.59,9.82
120653,-0.47,0.58,9.79
120688,-0.47,0.59,9.81
120724,-0.46,0.57,9.83
120759,-0.44,0.59,9.79
120797,-0.46,0.59,9.77
120832,-0.45,0.58,9.8
120866,-0.47,0.57,9.82
120900,-0.47,0.58,9.8
120939,-0.45,0.59,9.82
120974,-0.48,0.59,9.83
121010,-0.45,0.59,9.84
121047,-0.47,0.58,9.81
121081,-0.48,0.57,9.81
121117,-0.48,0.59,9.76
121151,-0.56,0.66,10.59
121190,-0.48,0.59,9.96
121226,-0.46,0.58,9.9
121261,-0.45,0.58,9.77
121294,-0.47,0.59,9.82
121332,-0.45,0.57,9.81
121367,-0.45,0.58,9.87
121401,-0.43,0.58,9.79
121440,-0.43,0.57,9.85
121475,-0.46,0.59,9.81
121509,-0.47,0.57,9.87
121544,-0.43,0.58,9.77
121582,-0.45,0.59,9.89
121617,-0.48,0.58,9.82
121651,-0.44,0.59,9.82
121689,-0.46,0.6,9.86
121724,-0.45,0.59,9.81
121759,-0.44,0.59,9.82
121794,-0.47,0.57,9.81
121832,-0.46,0.58,9.83
121867,-0.48,0.58,9.82
121900,-0.45,0.58,9.79
121935,-0.47,0.59,9.82
121972,-0.47,0.59,9.79
122008,-0.46,0.58,9.82
122043,-0.44,0.59,9.79
122081,-0.46,0.58,9.82
122116,-0.44,0.6,9.8
122149,-0.44,0.59,9.8
122185,-0.46,0.59,9.81
122223,-0.46,0.58,9.84
122258,-0.46,0.58,9.82
122293,-0.47,0.58,9.82
122331,-0.47,0.58,9.83
122366,-0.45,0.6,9.81
122399,-0.46,0.56,9.77
122434,-0.47,0.6,9.82
122472,-0.44,0.59,9.85
122507,-0.45,0.59,9.82
122543,-0.45,0.59,9.87
122577,-0.44,0.59,9.77
122615,-0.48,0.58,9.81
122649,-0.48,0.56,9.81
122684,-0.45,0.59,9.8
122722,-0.47,0.57,9.83
122758,-0.45,0.59,9.83
122792,-0.46,0.59,9.82
122827,-0.46,0.59,9.86
122865,-0.46,0.57,9.81
122899,-0.45,0.6,9.81
122934,-0.46,0.61,9.8
122970,-0.45,0.57,9.82
123006,-0.45,0.59,9.83
123041,-0.46,0.59,9.84
123076,-0.44,0.59,9.86
123114,-0.43,0.59,9.83
123148,-0.46,0.58,9.82
123184,-0.44,0.59,9.84
123218,-0.45,0.58,9.82
123255,-0.47,0.58,9.76
123290,-0.47,0.57,9.8
123326,-0.45,0.58,9.82
123364,-0.47,0.58,9.83
123397,-0.46,0.57,9.83
123432,-0.44,0.61,9.86
123467,-0.45,0.58,9.83
123504,-0.47,0.56,9.81
123539,-0.47,0.58,9.82
123574,-0.46,0.58,9.78
123609,-0.46,0.58,9.79
123646,-0.46,0.58,9.79
123681,-0.47,0.59,9.83
123716,-0.47,0.59,9.82
123753,-0.47,0.58,9.82
123788,-0.45,0.6,9.84
123824,-0.46,0.59,9.82
123858,-0.47,0.57,9.82
123896,-0.46,0.57,9.81
123931,-0.45,0.57,9.77
123966,-0.42,0.57,9.71
124003,-0.47,0.57,9.8
124038,-0.48,0.57,9.85
124073,-0.47,0.59,9.83
124108,-0.46,0.57,9.82
124146,-0.45,0.57,9.82
124181,-0.47,0.59,9.83
124216,-0.46,0.59,9.81
124250,-0.45,0.58,9.78
124301,-0.45,0.58,9.78
124337,-0.43,0.57,9.79
124371,-0.45,0.59,9.86
124409,-0.44,0.58,9.79
124443,-0.44,0.59,9.84
124478,-0.48,0.58,9.82
124514,-0.47,0.6,9.85
124550,-0.45,0.59,9.82
124584,-0.47,0.57,9.78
124619,-0.46,0.58,9.84
124653,-0.46,0.59,9.79
124691,-0.46,0.61,9.81
124726,-0.47,0.59,9.86
124761,-0.46,0.57,9.77
124797,-0.47,0.59,9.79
124833,-0.46,0.58,9.78
124868,-0.48,0.57,9.84
124901,-0.48,0.56,9.8
124939,-0.47,0.57,9.83
124974,-0.47,0.6,9.84
125008,-0.48,0.6,9.8
125046,-0.48,0.6,9.79
125081,-0.46,0.59,9.87
125116,-0.46,0.6,9.81
125150,-0.47,0.57,9.8
125188,-0.44,0.59,9.82
125222,-0.46,0.58,9.85
125258,-0.48,0.59,9.82
125293,-0.46,0.59,9.8
125331,-0.46,0.58,9.82
125366,-0.44,0.59,9.79
125399,-0.48,0.57,9.8
125436,-0.47,0.58,9.85
125472,-0.46,0.59,9.82
125507,-0.48,0.57,9.82
125542,-0.44,0.58,9.79
125580,-0.47,0.59,9.83
125615,-0.44,0.6,9.82
125648,-0.49,0.58,9.81
125683,-0.45,0.55,9.78
125721,-0.47,0.6,9.82
125756,-0.48,0.57,9.8
125792,-0.49,0.56,9.84
125829,-0.44,0.6,9.84
125864,-0.46,0.56,9.82
125897,-0.47,0.57,9.78
125933,-0.47,0.57,9.82
125970,-0.45,0.57,9.82
126006,-0.5,0.6,9.8
126041,-0.47,0.59,9.83
126078,-0.47,0.55,9.81
126113,-0.46,0.57,9.83
126147,-0.45,0.59,9.81
126182,-0.46,0.56,9.79
126220,-0.45,0.58,9.78
126255,-0.46,0.61,9.8
126290,-0.44,0.59,9.81
126325,-0.45,0.58,9.84
126363,-0.47,0.57,9.79
126396,-0.44,0.59,9.8
126432,-0.45,0.58,9.81
126470,-0.44,0.59,9.82
126503,-0.46,0.59,9.8
126539,-0.44,0.59,9.83
126574,-0.46,0.58,9.81
126612,-0.47,0.57,9.83
126646,-0.47,0.59,9.8
126681,-0.45,0.59,9.84
126715,-0.45,0.59,9.82
126752,-0.44,0.59,9.83
126787,-0.47,0.58,9.8
126822,-0.46,0.59,9.8
126860,-0.47,0.59,9.82
126894,-0.44,0.6,9.83
126928,-0.44,0.59,9.82
126964,-0.44,0.6,9.81
126999,-0.47,0.59,9.79
127035,-0.48,0.59,9.82
127070,-0.48,0.58,9.83
127109,-0.47,0.57,9.83
127142,-0.45,0.58,9.83
127177,-0.46,0.58,9.83
127212,-0.46,0.58,9.8
127249,-0.46,0.56,9.83
127284,-0.46,0.58,9.81
127319,-0.45,0.58,9.8
127352,-0.46,0.59,9.79
127390,-0.47,0.59,9.81
127425,-0.47,0.58,9.82
127461,-0.43,0.55,9.82
127497,-0.47,0.57,9.84
127533,-0.47,0.58,9.82
127567,-0.47,0.6,9.81
127600,-0.44,0.58,9.79
127638,-0.47,0.6,9.79
127673,-0.44,0.6,9.83
127708,-0.45,0.59,9.82
127746,-0.48,0.6,9.81
127780,-0.49,0.57,9.82
127868,-0.46,0.59,9.85
127902,-0.46,0.57,9.84
127940,-0.48,0.58,9.78
127975,-0.49,0.59,9.82
128011,-0.45,0.58,9.79
128044,-0.48,0.57,9.8
128081,-0.46,0.59,9.81
128116,-0.45,0.58,9.82
128150,-0.47,0.57,9.8
128188,-0.51,0.61,9.85
128223,-0.45,0.55,9.81
128258,-0.46,0.6,9.83
128292,-0.46,0.59,9.79
128330,-0.5,0.59,9.84
128365,-0.47,0.59,9.84
128398,-0.47,0.56,9.79
128433,-0.46,0.56,9.85
128472,-0.47,0.56,9.82
128506,-0.45,0.58,9.77
128541,-0.44,0.57,9.79
128579,-0.44,0.58,9.77
128615,-0.48,0.62,9.84
128648,-0.46,0.56,9.8
128684,-0.44,0.59,9.78
128720,-0.44,0.6,9.82
128755,-0.47,0.59,9.82
128791,-0.43,0.58,9.78
128829,-0.76,0.62,9.98
128862,0.32,-0.58,8.92
128894,-0.24,1.01,9.88
128930,-0.54,0.77,9.86
129005,-0.51,0.76,9.85
129040,-0.5,0.69,9.78
129075,-0.5,0.7,9.78
129110,-0.52,0.7,9.84
129146,-0.5,0.7,9.79
129182,-0.49,0.68,9.77
129217,-0.5,0.71,9.87
129253,-0.49,0.69,9.84
129288,-0.52,0.7,9.77
129323,-0.49,0.69,9.79
129357,-0.51,0.69,9.82
129395,-0.54,0.7,9.83
129430,-0.52,0.7,9.82
129465,-0.5,0.71,9.8
129501,-0.5,0.72,9.83
129537,-0.52,0.71,9.8
129571,-0.48,0.69,9.82
129606,-0.49,0.7,9.82
129644,-0.5,0.69,9.8
129679,-0.51,0.7,9.8
129715,-0.52,0.7,9.81
129748,-0.54,0.72,9.8
129785,-0.52,0.7,9.81
129820,-0.53,0.71,9.85
129855,-0.51,0.7,9.84
129893,-0.52,0.71,9.88
129928,-0.52,0.7,9.82
129963,-0.51,0.7,9.84
129996,-0.5,0.7,9.82
130034,-0.49,0.68,9.83
130069,-0.52,0.72,9.67
130105,-0.5,0.73,9.81
130179,-0.51,0.7,9.84
130214,-0.6,0.64,9.91
130247,-0.44,0.57,9.95
130282,-0.26,0.43,9.52
130320,-0.47,0.79,9.79
130355,-0.45,0.79,9.78
130391,-0.54,0.7,9.83
130425,-0.49,0.73,9.83
130463,-0.47,0.68,9.84
130497,-0.52,0.71,9.82
130533,-0.51,0.68,9.81
130571,-0.51,0.7,9.83
130606,-0.51,0.7,9.83
130640,-0.5,0.71,9.77
130676,-0.49,0.69,9.83
130714,-0.52,0.72,9.83
130748,-0.5,0.7,9.82
130783,-0.49,0.71,9.82
130821,-0.53,0.72,9.82
130856,-0.51,0.7,9.78
130891,-0.5,0.68,9.81
130926,-0.49,0.71,9.79
130964,-0.51,0.74,9.77
130998,-0.49,0.69,9.82
131033,-0.51,0.68,9.82
131067,-0.51,0.69,9.83
131105,-0.53,0.69,9.78
131140,-0.51,0.7,9.79
131176,-0.52,0.7,9.81
131214,-0.52,0.71,9.84
131248,-0.5,0.7,9.77
131282,-0.52,0.7,9.8
131352,-0.59,0.7,9.55
131391,-0.41,1.03,10.01
131426,-0.64,0.63,9.81
131460,-0.38,0.74,9.95
131496,-0.52,0.75,9.9
131531,-0.55,0.61,9.85
131567,-0.47,0.7,9.82
131600,-0.51,0.72,9.73
131638,-0.51,0.64,9.8
131673,-0.49,0.67,9.81
131708,-0.51,0.71,9.86
131742,-0.53,0.68,9.78
131780,-0.49,0.71,9.86
131815,-0.51,0.79,9.79
131849,-0.52,0.71,9.8
131888,-0.48,0.66,9.8
131922,-0.46,0.75,9.8
131957,-0.51,0.72,9.81
131992,-0.5,0.69,9.82
132030,-0.5,0.7,9.84
132065,-0.5,0.71,9.79
132098,-0.5,0.69,9.84
132135,-0.5,0.72,9.79
132171,-0.49,0.67,9.84
132206,-0.5,0.7,9.81
132241,-0.5,0.72,9.77
132279,-0.48,0.69,9.85
132314,-0.48,0.69,9.82
132347,-0.51,0.7,9.79
132382,-0.54,0.7,9.82
132420,-0.5,0.69,9.81
132491,-0.51,0.7,9.8
132526,-0.52,0.7,9.83
132563,-0.52,0.7,9.81
132597,-0.46,0.71,9.77
132632,-0.52,0.7,9.85
132667,-0.51,0.69,9.82
132713,-0.52,0.68,9.83
132747,-0.51,0.7,9.8
132783,-0.48,0.69,9.82
132820,-0.49,0.69,9.8
132855,-0.52,0.71,9.82
132890,-0.49,0.68,9.85
132925,-0.51,0.69,9.83
132964,-0.49,0.72,9.82
132998,-0.51,0.7,9.81
133032,-0.51,0.69,9.84
133067,-0.5,0.7,9.77
133104,-0.48,0.67,9.81
133139,-0.53,0.7,9.83
133175,-0.51,0.7,9.85
133213,-0.51,0.71,9.83
133246,-0.52,0.73,9.83
133281,-0.52,0.67,9.83
133316,-0.51,0.69,9.8
133353,-0.49,0.71,9.84
133388,-0.5,0.69,9.82
133424,-0.49,0.72,9.81
133462,-0.51,0.7,9.81
133494,-0.51,0.67,9.79
133530,-0.48,0.69,9.79
133565,-0.58,0.74,9.79
133637,-0.54,0.7,9.79
133671,-0.52,0.71,9.86
133707,-0.48,0.71,9.74
133741,-0.51,0.7,9.75
133779,-0.5,0.74,9.8
133815,-0.49,0.71,9.78
133849,-0.51,0.69,9.83
133886,-0.53,0.65,9.84
133922,-0.52,0.66,9.8
133957,-0.48,0.7,9.8
133991,-0.51,0.72,9.86
134029,-0.54,0.66,9.81
134065,-0.51,0.68,9.8
134097,-0.52,0.72,9.8
134135,-0.49,0.69,9.83
134170,-0.49,0.69,9.8
134206,-0.54,0.68,9.86
134241,-0.52,0.68,9.8
134279,-0.51,0.7,9.82
134313,-0.49,0.7,9.81
134347,-0.51,0.65,9.84
134382,-0.55,0.84,9.79
134420,-0.45,0.63,9.84
134456,-0.52,0.59,9.92
134491,-0.56,0.73,9.77
134529,-0.49,0.68,9.77
134563,-0.48,0.7,9.93
134597,-0.54,0.72,9.76
134632,-0.49,0.69,9.86
134670,-0.51,0.71,9.85
134706,-0.55,0.7,9.81
134740,-0.51,0.7,9.79
134813,-0.52,0.67,9.79
134847,-0.5,0.7,9.79
134882,-0.49,0.68,9.82
134918,-0.5,0.66,9.83
134956,-0.51,0.67,9.78
134990,-0.52,0.72,9.78
135025,-0.53,0.73,9.88
135061,-0.53,0.68,9.87
135097,-0.46,0.69,9.74
135133,-0.51,0.76,9.87
135168,-0.56,0.71,9.81
135205,-0.47,0.65,9.81
135240,-0.55,0.7,9.76
135275,-0.53,0.7,9.85
135311,-0.48,0.7,9.82
135347,-0.52,0.72,9.83
135382,-0.48,0.69,9.82
135417,-0.48,0.7,9.82
135454,-0.52,0.71,9.81
135490,-0.51,0.7,9.85
135525,-0.53,0.7,9.83
135561,-0.49,0.7,9.82
135597,-0.47,0.7,9.8
135632,-0.52,0.7,9.84
135667,-0.51,0.69,9.84
135701,-0.5,0.68,9.8
135739,-0.49,0.69,9.82
135774,-0.51,0.7,9.82
135809,-0.48,0.69,9.86
135845,-0.51,0.71,9.79
135881,-0.52,0.69,9.83
135951,-0.51,0.71,9.79
135986,-0.51,0.7,9.83
136024,-0.51,0.7,9.82
136059,-0.51,0.7,9.8
136093,-0.53,0.72,9.8
136131,-0.49,0.7,9.82
136166,-0.51,0.71,9.82
136200,-0.52,0.71,9.81
136236,-0.54,0.7,9.8
136273,-0.47,0.68,9.82
136308,-0.51,0.7,9.81
136343,-0.53,0.72,9.77
136378,-0.48,0.67,9.82
136416,-0.49,0.71,9.83
136451,-0.52,0.71,9.81
136485,-0.51,0.69,9.82
136523,-0.47,0.69,9.83
136559,-0.53,0.72,9.82
136593,-0.51,0.7,9.77
136628,-0.5,0.69,9.78
136666,-0.52,0.72,9.85
136699,-0.52,0.73,9.79
136735,-0.49,0.68,9.81
136773,-0.53,0.69,9.84
136809,-0.54,0.71,9.81
136843,-0.51,0.69,9.8
136878,-0.5,0.7,9.8
136916,-0.53,0.7,9.83
136950,-0.53,0.7,9.8
136985,-0.5,0.7,9.85
137021,-0.51,0.7,9.82
137059,-0.5,0.72,9.81
137127,-0.53,0.7,9.83
137163,-0.52,0.71,9.82
137199,-0.53,0.73,9.8
137235,-0.48,0.69,9.78
137271,-0.5,0.71,9.82
137306,-0.53,0.71,9.82
137344,-0.47,0.7,9.78
137378,-0.51,0.67,9.83
137414,-0.52,0.71,9.82
137450,-0.52,0.71,9.83
137486,-0.52,0.7,9.8
137521,-0.52,0.72,9.82
137555,-0.52,0.73,9.79
137593,-0.52,0.69,9.79
137628,-0.5,0.69,9.83
137664,-0.51,0.71,9.8
137697,-0.51,0.71,9.83
137735,-0.51,0.7,9.77
137771,-0.52,0.71,9.82
137805,-0.52,0.69,9.83
137843,-0.53,0.7,9.79
137878,-0.51,0.71,9.81
137914,-0.51,0.7,9.79
137948,-0.48,0.72,9.8
137986,-0.5,0.7,9.82
138021,-0.52,0.69,9.82
138056,-0.51,0.7,9.84
138094,-0.52,0.72,9.79
138129,-0.51,0.7,9.82
138164,-0.52,0.71,9.87
138198,-0.48,0.68,9.83
138271,-0.51,0.69,9.81
138306,-0.5,0.69,9.83
138341,-0.52,0.72,9.84
138376,-0.53,0.71,9.83
138414,-0.56,0.68,9.99
138447,-0.49,0.68,9.77
138483,-0.52,0.7,9.84
138521,-0.51,0.72,9.82
138556,-0.49,0.66,9.78
138591,-0.53,0.72,9.82
138626,-0.53,0.71,9.8
138663,-0.51,0.67,9.84
138697,-0.49,0.68,9.76
138732,-0.52,0.74,9.85
138770,-0.5,0.69,9.82
138805,-0.51,0.69,9.83
138840,-0.5,0.68,9.81
138874,-0.51,0.7,9.83
138913,-0.52,0.73,9.82
138947,-0.5,0.7,9.8
138982,-0.51,0.69,9.8
139020,-0.54,0.72,9.79
139055,-0.49,0.71,9.84
139090,-0.53,0.7,9.77
139125,-0.5,0.72,9.78
139163,-0.52,0.71,9.78
139197,-0.49,0.7,9.79
139232,-0.51,0.7,9.79
139267,-0.51,0.7,9.83
139304,-0.53,0.7,9.79
139339,-0.5,0.7,9.84
139374,-0.5,0.71,9.81
139448,-0.51,0.73,9.81
139484,-0.51,0.72,9.82
139518,-0.52,0.69,9.82
139553,-0.51,0.7,9.82
139591,-0.53,0.7,9.78
139627,-0.51,0.71,9.79
139662,-0.49,0.72,9.79
139696,-0.57,0.71,9.84
139729,-0.5,0.7,9.79
139764,-0.51,0.69,9.82
139798,-0.54,0.71,9.78
139836,-0.51,0.69,9.79
139871,-0.5,0.67,9.8
139907,-0.51,0.71,9.8
139940,-0.5,0.69,9.78
139978,-0.53,0.7,9.81
140014,-0.51,0.7,9.83
140048,-0.52,0.68,9.8
140086,-0.5,0.69,9.81
140122,-0.52,0.7,9.81
140156,-0.56,0.69,9.92
140191,-0.48,0.66,9.84
140228,-0.54,0.7,9.81
140264,-0.5,0.71,9.85
140298,-0.49,0.7,9.78
140336,-0.53,0.69,9.86
140371,-0.51,0.71,9.83
140406,-0.48,0.73,9.8
140441,-0.53,0.7,9.83
140478,-0.52,0.7,9.8
140514,-0.51,0.71,9.78
140548,-0.5,0.71,9.79
140619,-0.48,0.7,9.81
140657,-0.54,0.7,9.83
140691,-0.52,0.69,9.94
140726,-0.53,0.71,9.77
140765,-0.53,0.7,9.79
140797,-0.51,0.71,9.84
140833,-0.54,0.69,9.74
140868,-0.49,0.7,9.78
140906,-0.51,0.71,9.83
140941,-0.49,0.7,9.78
140976,-0.5,0.68,9.81
141014,-0.5,0.71,9.78
141048,-0.53,0.73,9.79
141083,-0.55,0.71,9.84
141119,-0.52,0.71,9.8
141166,-0.52,0.69,9.8
141202,-0.52,0.7,9.79
141237,-0.54,0.72,9.79
141274,-0.52,0.71,9.83
141312,-0.48,0.69,9.82
141346,-0.52,0.7,9.79
141382,-0.54,0.7,9.81
141420,-0.49,0.73,9.82
141456,-0.53,0.7,9.8
141491,-0.51,0.71,9.77
141527,-0.5,0.7,9.83
141571,-0.52,0.72,9.81
141605,-0.5,0.71,9.82
141640,-0.51,0.71,9.79
141679,-0.53,0.71,9.85
141715,-0.49,0.69,9.82
141785,-0.53,0.71,9.8
141820,-0.5,0.7,9.82
141859,-0.52,0.7,9.82
141893,-0.53,0.68,9.78
141929,-0.52,0.71,9.81
141965,-0.51,0.69,9.8
142003,-0.51,0.69,9.83
142039,-0.53,0.69,9.81
142074,-0.51,0.7,9.82
142113,-0.52,0.71,9.81
142148,-0.54,0.7,9.82
142188,-0.48,0.68,9.86
142224,-0.53,0.69,9.83
142263,-0.5,0.7,9.78
142298,-0.49,0.7,9.8
142333,-0.54,0.73,9.8
142372,-0.49,0.7,9.77
142407,-0.51,0.69,9.8
142442,-0.53,0.74,9.77
142478,-0.52,0.72,9.77
142517,-0.52,0.7,9.81
142553,-0.5,0.69,9.82
142589,-0.51,0.69,9.76
142625,-0.49,0.71,9.72
142664,-0.55,0.71,9.73
142698,-0.56,0.69,9.86
142735,-0.53,0.71,9.83
142778,-0.51,0.7,9.82
142814,-0.52,0.7,9.83
142849,-0.5,0.7,9.8
142883,-0.53,0.7,9.8
142960,-0.46,0.69,9.57
142994,-0.42,0.72,9.99
143030,-0.51,0.71,9.93
143068,-0.49,0.64,9.86
143104,-0.48,0.66,9.75
143139,-0.55,0.71,9.69
143175,-0.51,0.72,9.78
143214,-0.54,0.72,9.76
143248,-0.51,0.7,9.75
143284,-0.52,0.68,9.83
143320,-0.53,0.72,9.77
143363,-0.5,0.69,9.82
143396,-0.52,0.7,9.81
143432,-0.53,0.71,9.81
143471,-0.5,0.69,9.81
143506,-0.52,0.7,9.82
143541,-0.51,0.71,9.79
143576,-0.5,0.7,9.81
143614,-0.53,0.7,9.78
143649,-0.5,0.71,9.83
143684,-0.52,0.7,9.83
143723,-0.52,0.7,9.79
143760,-0.52,0.7,9.8
143794,-0.52,0.71,9.78
143830,-0.53,0.69,9.8
143868,-0.52,0.71,9.82
143904,-0.52,0.7,9.83
143944,-0.5,0.71,9.84
143980,-0.54,0.72,9.81
144018,-0.51,0.69,9.81
144054,-0.5,0.72,9.83
144089,-0.5,0.7,9.77
144163,-0.53,0.71,9.8
144197,-0.53,0.7,9.81
144233,-0.52,0.68,9.78
144269,-0.51,0.7,9.83
144308,-0.53,0.71,9.78
144342,-0.52,0.68,9.79
144377,-0.51,0.73,9.84
144416,-0.54,0.69,9.81
144452,-0.51,0.7,9.83
144488,-0.51,0.7,9.82
144524,-0.52,0.71,9.81
144567,-0.49,0.7,9.82
144603,-0.52,0.71,9.78
144638,-0.52,0.69,9.78
144673,-0.5,0.69,9.8
144712,-0.53,0.71,9.85
144747,-0.52,0.7,9.81
144783,-0.51,0.7,9.85
144821,-0.54,0.72,9.78
144857,-0.52,0.7,9.84
144891,-0.53,0.69,9.81
144927,-0.51,0.69,9.77
144966,-0.52,0.7,9.76
145001,-0.61,0.76,9.89
145037,-0.57,0.71,9.84
145076,-0.5,0.68,9.81
145117,-0.58,0.74,9.88
145153,-0.54,0.73,9.83
145187,-0.52,0.68,9.79
145226,-0.54,0.69,9.82
145262,-0.5,0.71,9.82
145297,-0.5,0.69,9.79
145369,-0.43,0.65,9.86
145404,-0.56,0.58,9.76
145440,-0.51,0.69,9.84
145475,-0.47,0.58,9.79
145515,-0.48,0.62,9.81
145550,-0.48,0.62,9.77
145586,-0.5,0.62,9.82
145623,-0.46,0.61,9.85
145661,-0.51,0.59,9.82
145695,-0.49,0.61,9.8
145736,-0.47,0.59,9.81
145774,-0.47,0.61,9.81
145810,-0.49,0.61,9.82
145845,-0.48,0.6,9.8
145881,-0.44,0.57,9.79
145918,-0.49,0.55,9.71
145954,-0.44,0.57,9.67
145989,-0.45,0.59,9.85
146028,-0.48,0.6,9.81
146064,-0.47,0.62,9.71
146099,-0.44,0.6,9.74
146135,-0.48,0.61,9.81
146173,-0.48,0.58,9.8
146209,-0.47,0.6,9.8
146243,-0.5,0.62,9.88
146280,-0.45,0.59,9.88
146323,-0.46,0.58,9.81
146359,-0.5,0.59,9.83
146392,-0.46,0.6,9.76
146430,-0.48,0.59,9.81
146466,-0.49,0.62,9.78
146538,-0.49,0.59,9.8
146574,-0.49,0.6,9.84
146613,-0.49,0.59,9.78
146647,-0.47,0.59,9.79
146683,-0.5,0.6,9.8
146722,-0.47,0.59,9.8
146758,-0.49,0.62,9.81
146792,-0.47,0.6,9.78
146828,-0.48,0.61,9.82
146867,-0.46,0.59,9.82
146908,-0.45,0.62,9.81
146941,-0.48,0.59,9.81
146977,-0.48,0.58,9.83
147016,-0.47,0.62,9.8
147052,-0.46,0.62,9.79
147088,-0.46,0.61,9.8
147127,-0.49,0.61,9.82
147163,-0.47,0.62,9.83
147196,-0.47,0.61,9.78
147232,-0.47,0.59,9.84
147272,-0.47,0.59,9.83
147308,-0.5,0.62,9.82
147342,-0.47,0.59,9.81
147382,-0.46,0.59,9.87
147418,-0.5,0.64,9.83
147453,-0.46,0.6,9.8
147493,-0.49,0.6,9.8
147532,-0.49,0.6,9.79
147568,-0.47,0.59,9.82
147603,-0.5,0.61,9.85
147639,-0.47,0.6,9.78
147678,-0.45,0.6,9.79
147749,-0.46,0.58,9.87
147785,-0.47,0.59,9.76
147824,-0.47,0.62,9.79
147860,-0.48,0.61,9.8
147895,-0.47,0.6,9.8
147931,-0.49,0.61,9.83
147970,-0.44,0.59,9.82
148005,-0.47,0.59,9.79
148040,-0.48,0.6,9.8
148083,-0.49,0.61,9.8
148119,-0.47,0.61,9.8
148154,-0.49,0.6,9.79
148190,-0.47,0.6,9.79
148228,-0.46,0.62,9.82
148263,-0.48,0.58,9.83
148297,-0.47,0.59,9.8
148334,-0.48,0.57,9.82
148372,-0.46,0.61,9.82
148409,-0.48,0.61,9.82
148443,-0.46,0.58,9.76
148482,-0.46,0.59,9.77
148517,-0.49,0.6,9.8
148553,-0.49,0.61,9.82
148589,-0.47,0.61,9.8
148628,-0.47,0.59,9.82
148668,-0.46,0.59,9.81
148704,-0.48,0.58,9.82
148742,-0.48,0.59,9.8
148777,-0.48,0.59,9.8
148813,-0.5,0.61,9.81
148848,-0.45,0.59,9.81
148922,-0.48,0.61,9.82
148958,-0.46,0.59,9.8
148992,-0.49,0.61,9.77
149027,-0.49,0.61,9.84
149066,-0.45,0.59,9.82
149102,-0.47,0.6,9.82
149138,-0.47,0.6,9.81
149177,-0.47,0.6,9.83
149213,-0.47,0.61,9.85
149246,-0.47,0.62,9.79
149287,-0.46,0.59,9.76
149326,-0.46,0.61,9.79
149362,-0.47,0.61,9.84
149396,-0.47,0.59,9.78
149435,-0.47,0.6,9.81
149471,-0.46,0.59,9.81
149506,-0.46,0.59,9.8
149540,-0.48,0.59,9.77
149579,-0.48,0.62,9.79
149615,-0.47,0.61,9.8
149651,-0.46,0.59,9.81
149687,-0.48,0.61,9.81
149726,-0.47,0.59,9.83
149762,-0.47,0.59,9.81
149795,-0.48,0.61,9.8
149846,-0.47,0.6,9.79
149881,-0.45,0.58,9.79
149917,-0.48,0.59,9.82
149953,-0.48,0.61,9.79
149992,-0.46,0.59,9.79
150028,-0.47,0.59,9.8
150098,-0.48,0.59,9.78
150137,-0.46,0.61,9.78
150173,-0.46,0.59,9.83
150209,-0.48,0.59,9.81
150243,-0.5,0.58,9.82
150282,-0.48,0.59,9.82
150319,-0.49,0.6,9.81
150353,-0.48,0.62,9.79
150396,-0.47,0.58,9.8
150432,-0.47,0.6,9.81
150468,-0.47,0.59,9.83
150503,-0.47,0.61,9.8
150542,-0.47,0.61,9.76
150578,-0.47,0.58,9.82
150612,-0.46,0.59,9.8
150647,-0.47,0.58,9.79
150686,-0.48,0.6,9.8
150722,-0.48,0.59,9.77
150758,-0.42,0.58,9.77
150795,-0.72,0.32,9.76
150831,-0.61,0.66,9.85
150866,-0.53,0.61,9.8
150899,-0.55,0.57,9.76
150938,-0.5,0.71,9.79
150978,-0.5,0.73,9.77
151014,-0.54,0.71,9.81
151049,-0.51,0.7,9.79
151087,-0.51,0.72,9.79
151122,-0.52,0.67,9.82
151158,-0.53,0.7,9.81
151194,-0.52,0.67,9.77
151230,-0.51,0.71,9.78
151301,-0.52,0.7,9.79
151336,-0.53,0.71,9.83
151375,-0.55,0.7,9.8
151410,-0.52,0.7,9.84
151445,-0.51,0.69,9.82
151484,-0.51,0.69,9.82
151520,-0.54,0.7,9.82
151556,-0.51,0.72,9.81
151595,-0.53,0.7,9.78
151632,-0.54,0.71,9.79
151668,-0.5,0.7,9.79
151703,-0.52,0.71,9.78
151741,-0.51,0.7,9.81
151777,-0.52,0.68,9.8
151813,-0.51,0.67,9.82
151846,-0.52,0.71,9.78
151885,-0.53,0.7,9.84
151921,-0.51,0.69,9.8
151957,-0.51,0.7,9.8
151991,-0.48,0.71,9.75
152030,-0.51,0.73,9.82
152066,-0.51,0.69,9.82
152101,-0.54,0.73,9.85
152144,-0.53,0.71,9.79
152180,-0.53,0.7,9.8
152216,-0.54,0.72,9.81
152252,-0.51,0.69,9.73
152290,-0.52,0.7,9.75
152326,-0.54,0.71,9.84
152361,-0.54,0.72,9.84
152399,-0.52,0.69,9.76
152470,-0.51,0.72,9.68
152506,-0.47,0.72,9.68
152541,-0.52,0.71,9.76
152580,-0.57,0.7,9.86
152615,-0.53,0.66,9.74
152651,-0.54,0.73,9.81
152687,-0.51,0.7,9.79
152726,-0.52,0.7,9.8
152767,-0.55,0.71,9.8
152802,-0.52,0.72,9.79
152841,-0.52,0.68,9.84
152877,-0.52,0.7,9.79
152912,-0.54,0.71,9.83
152947,-0.5,0.71,9.82
152986,-0.53,0.7,9.84
153022,-0.53,0.7,9.8
153058,-0.55,0.73,9.82
153095,-0.52,0.7,9.77
153131,-0.51,0.69,9.78
153166,-0.52,0.69,9.8
153203,-0.53,0.71,9.84
153241,-0.55,0.7,9.81
153278,-0.49,0.69,9.79
153314,-0.51,0.71,9.81
153353,-0.52,0.71,9.8
153391,-0.5,0.7,9.81
153426,-0.53,0.71,9.82
153462,-0.51,0.7,9.84
153499,-0.52,0.7,9.81
153535,-0.53,0.7,9.81
153571,-0.52,0.71,9.82
153607,-0.53,0.69,9.8
153680,-0.51,0.67,9.79
153716,-0.53,0.72,9.82
153752,-0.52,0.7,9.8
153791,-0.5,0.71,9.78
153827,-0.54,0.7,9.8
153863,-0.54,0.69,9.82
153899,-0.54,0.69,9.81
153942,-0.53,0.72,9.79
153977,-0.52,0.7,9.79
154013,-0.53,0.7,9.81
154048,-0.54,0.7,9.82
154086,-0.53,0.7,9.84
154122,-0.5,0.71,9.8
154158,-0.5,0.7,9.8
154194,-0.55,0.69,9.85
154230,-0.52,0.71,9.82
154266,-0.51,0.68,9.79
154303,-0.52,0.7,9.76
154341,-0.56,0.73,9.8
154378,-0.55,0.68,9.82
154413,-0.53,0.7,9.8
154451,-0.52,0.69,9.79
154487,-0.5,0.71,9.77
154527,-0.56,0.7,9.83
154562,-0.51,0.7,9.82
154600,-0.52,0.68,9.8
154635,-0.53,0.7,9.8
154671,-0.51,0.71,9.8
154706,-0.51,0.71,9.8
154743,-0.53,0.72,9.79
154779,-0.52,0.72,9.8
154815,-0.53,0.7,9.82
154892,-0.53,0.71,9.8
154929,-0.54,0.7,9.83
154964,-0.51,0.7,9.79
154999,-0.54,0.69,9.79
155038,-0.52,0.7,9.8
155074,-0.53,0.71,9.83
155110,-0.53,0.71,9.81
155152,-0.51,0.73,9.82
155187,-0.51,0.72,9.78
155223,-0.52,0.7,9.82
155258,-0.51,0.68,9.8
155295,-0.52,0.71,9.79
155331,-0.53,0.71,9.83
155367,-0.52,0.68,9.84
155403,-0.53,0.68,9.82
155441,-0.54,0.71,9.78
155476,-0.53,0.72,9.79
155512,-0.51,0.68,9.78
155550,-0.53,0.7,9.81
155587,-0.52,0.7,9.81
155623,-0.52,0.71,9.81
155659,-0.51,0.71,9.81
155700,-0.54,0.69,9.79
155736,-0.52,0.69,9.82
155770,-0.54,0.7,9.81
155809,-0.55,0.69,9.81
155844,-0.51,0.69,9.82
155879,-0.55,0.72,9.82
155915,-0.54,0.71,9.8
155954,-0.52,0.69,9.83
155988,-0.51,0.73,9.78
156024,-0.53,0.72,9.82
156060,-0.51,0.7,9.81
156097,-0.52,0.71,9.79
156133,-0.51,0.71,9.78
156169,-0.52,0.72,9.84
156208,-0.55,0.7,9.8
156242,-0.56,0.71,9.78
156282,-0.53,0.7,9.81
156318,-0.54,0.69,9.84
156356,-0.54,0.69,9.8
156390,-0.53,0.71,9.77
156426,-0.53,0.71,9.81
156465,-0.54,0.72,9.84
156500,-0.52,0.7,9.81
156536,-0.52,0.7,9.84
156572,-0.52,0.67,9.82
156611,-0.54,0.72,9.8
156646,-0.53,0.67,9.81
156681,-0.54,0.7,9.79
156718,-0.54,0.69,9.79
156756,-0.51,0.71,9.81
156790,-0.53,0.7,9.79
156826,-0.52,0.71,9.81
156869,-0.55,0.71,9.8
156905,-0.52,0.7,9.81
156940,-0.53,0.71,9.88
156975,-0.54,0.7,9.79
157014,-0.53,0.69,9.78
157049,-0.53,0.68,9.8
157085,-0.51,0.74,9.82
157124,-0.51,0.69,9.81
157160,-0.52,0.71,9.8
157194,-0.54,0.71,9.78
157230,-0.51,0.7,9.81
157268,-0.52,0.7,9.85
157304,-0.56,0.69,9.82
157339,-0.51,0.72,9.82
157375,-0.48,0.7,9.79
157418,-0.54,0.71,9.81
157454,-0.56,0.7,9.81
157488,-0.51,0.67,9.86
157527,-0.52,0.7,9.76
157562,-0.53,0.75,9.84
157596,-0.51,0.71,9.81
157632,-0.49,0.7,9.81
157671,-0.55,0.71,9.98
157707,-0.49,0.63,9.93
157741,-0.48,0.7,9.71
157780,-0.55,0.76,9.77
157816,-0.53,0.69,9.84
157852,-0.49,0.67,9.81
157888,-0.55,0.71,9.83
157926,-0.51,0.69,9.84
157962,-0.52,0.69,9.82
158001,-0.54,0.71,9.83
158036,-0.51,0.67,9.82
158075,-0.51,0.7,9.8
158111,-0.53,0.7,9.81
158145,-0.51,0.69,9.78
158184,-0.56,0.7,9.83
158220,-0.52,0.71,9.8
158256,-0.53,0.71,9.8
158289,-0.52,0.69,9.78
158328,-0.56,0.72,9.81
158364,-0.52,0.69,9.81
158400,-0.54,0.71,9.82
158448,-0.52,0.7,9.82
158484,-0.5,0.71,9.77
158525,-0.54,0.7,9.8
158561,-0.53,0.73,9.8
158598,-0.54,0.69,9.81
158633,-0.53,0.7,9.83
158669,-0.54,0.7,9.83
158705,-0.54,0.7,9.77
158743,-0.52,0.68,9.79
158779,-0.52,0.68,9.81
158815,-0.51,0.7,9.81
158854,-0.52,0.71,9.82
158888,-0.53,0.7,9.8
158924,-0.53,0.68,9.82
158960,-0.48,0.7,9.7
158998,-0.53,0.72,9.79
159034,-0.56,0.71,9.83
159070,-0.5,0.67,9.81
159114,-0.54,0.72,9.81
159149,-0.54,0.71,9.8
159184,-0.52,0.7,9.81
159220,-0.52,0.72,9.77
159259,-0.52,0.72,9.83
159293,-0.52,0.7,9.78
159329,-0.54,0.72,9.79
159365,-0.55,0.7,9.81
159404,-0.52,0.69,9.81
159438,-0.51,0.71,9.79
159474,-0.53,0.69,9.8
159513,-0.56,0.71,9.81
159549,-0.53,0.7,9.8
159585,-0.54,0.7,9.83
159621,-0.56,0.73,9.86
159664,-0.51,0.7,9.82
159699,-0.53,0.69,9.79
159735,-0.53,0.69,9.82
159774,-0.53,0.7,9.82
159810,-0.52,0.7,9.8
159845,-0.52,0.71,9.8
159881,-0.52,0.69,9.77
159920,-0.54,0.75,9.79
159955,-0.62,0.42,9.68
159989,-0.48,0.77,9.82
160025,-0.45,0.61,9.78
160063,-0.5,0.61,9.79
160098,-0.5,0.63,9.83
160134,-0.47,0.62,9.81
160174,-0.5,0.6,9.82
160209,-0.46,0.62,9.8
160248,-0.48,0.58,9.72
160283,-0.46,0.61,9.85
160322,-0.48,0.62,9.8
160358,-0.47,0.61,9.76
160392,-0.48,0.6,9.78
160431,-0.5,0.62,9.82
160466,-0.5,0.64,10.19
160501,-0.45,0.63,9.87
160537,-0.55,0.6,9.88
160576,-0.44,0.62,9.86
160611,-0.47,0.61,9.88
160646,-0.5,0.63,9.83
160681,-0.48,0.6,9.91
160715,-0.44,0.58,9.75
160750,-0.49,0.62,9.83
160786,-0.47,0.59,9.77
160829,-0.48,0.62,9.83
160865,-0.51,0.62,9.77
160900,-0.47,0.59,9.76
160935,-0.47,0.63,9.78
160973,-0.51,0.59,9.83
161010,-0.5,0.59,9.83
161044,-0.46,0.6,9.81
161083,-0.48,0.63,9.8
161119,-0.46,0.59,9.83
161155,-0.5,0.56,9.86
161189,-0.49,0.61,9.77
161228,-0.51,0.6,9.82
161263,-0.46,0.6,9.82
161298,-0.46,0.61,9.76
161337,-0.5,0.59,9.79
161373,-0.45,0.6,9.82
161413,-0.5,0.61,9.82
161447,-0.48,0.59,9.83
161485,-0.44,0.62,9.71
161521,-0.5,0.61,9.43
161557,-0.49,0.62,9.85
161591,-0.48,0.6,9.77
161630,-0.5,0.6,9.85
161666,-0.51,0.61,9.79
161701,-0.45,0.57,9.82
161740,-0.48,0.61,9.81
161775,-0.47,0.61,9.82
161811,-0.45,0.59,9.81
161845,-0.47,0.6,9.83
161884,-0.5,0.59,9.82
161921,-0.5,0.59,9.77
161956,-0.48,0.61,9.79
161997,-0.48,0.6,9.8
162033,-0.5,0.61,9.82
162069,-0.49,0.6,9.82
162105,-0.49,0.59,9.79
162142,-0.45,0.61,9.78
162178,-0.48,0.61,9.8
162212,-0.49,0.6,9.8
162248,-0.5,0.58,9.83
162286,-0.47,0.61,9.78
162322,-0.5,0.58,9.84
162358,-0.47,0.61,9.8
162396,-0.48,0.59,9.8
162432,-0.48,0.6,9.83
162467,-0.49,0.6,9.83
162503,-0.47,0.58,9.82
162545,-0.49,0.61,9.8
162580,-0.49,0.6,9.81
162616,-0.49,0.61,9.82
162655,-0.49,0.59,9.79
162690,-0.46,0.59,9.79
162724,-0.48,0.59,9.8
162760,-0.49,0.6,9.81
162798,-0.49,0.61,9.8
162834,-0.48,0.59,9.77
162870,-0.49,0.6,9.83
162906,-0.48,0.61,9.78
162942,-0.47,0.59,9.78
162978,-0.46,0.6,9.82
163014,-0.48,0.59,9.82
163053,-0.47,0.59,9.78
163088,-0.49,0.59,9.82
163128,-0.46,0.59,9.83
163163,-0.47,0.58,9.8
163201,-0.47,0.6,9.8
163236,-0.46,0.6,9.77
163271,-0.47,0.59,9.78
163310,-0.48,0.61,9.82
163345,-0.48,0.61,9.81
163380,-0.51,0.59,9.82
163417,-0.48,0.61,9.82
163454,-0.47,0.57,9.81
163489,-0.46,0.6,9.79
163525,-0.49,0.61,9.8
163560,-0.46,0.6,9.82
163598,-0.48,0.6,9.81
163634,-0.48,0.59,9.81
163670,-0.48,0.6,9.81
163713,-0.47,0.59,9.81
163748,-0.48,0.61,9.82
163784,-0.48,0.59,9.81
163820,-0.46,0.59,9.81
163859,-0.47,0.6,9.81
163893,-0.47,0.59,9.79
163929,-0.47,0.58,9.8
163968,-0.48,0.59,9.82
164003,-0.46,0.59,9.8
164037,-0.48,0.6,9.8
164073,-0.45,0.59,9.81
164112,-0.48,0.58,9.81
164147,-0.48,0.59,9.82
164183,-0.46,0.61,9.81
164219,-0.48,0.6,9.83
164262,-0.49,0.62,9.81
164296,-0.49,0.57,9.8
164332,-0.47,0.6,9.8
164371,-0.46,0.58,9.87
164407,-0.47,0.59,9.85
164441,-0.46,0.58,9.78
164476,-0.48,0.59,9.82
164514,-0.48,0.59,9.84
164550,-0.47,0.58,9.83
164586,-0.5,0.59,9.82
164625,-0.48,0.59,9.8
164661,-0.48,0.61,9.83
164695,-0.47,0.6,9.79
164730,-0.46,0.58,9.82
164770,-0.48,0.59,9.82
164806,-0.46,0.6,9.82
164844,-0.47,0.61,9.76
164880,-0.48,0.6,9.83
164918,-0.48,0.59,9.81
164954,-0.47,0.58,9.81
164988,-0.49,0.61,9.8
165026,-0.48,0.57,9.81
165062,-0.49,0.6,9.79
165097,-0.49,0.59,9.8
165133,-0.47,0.6,9.77
165172,-0.48,0.59,9.82
165207,-0.48,0.6,9.78
165241,-0.46,0.59,9.79
165386,-0.51,0.61,9.79
165422,-0.46,0.6,9.81
165457,-0.47,0.61,9.84
165491,-0.51,0.6,9.81
165534,-0.48,0.6,9.79
165570,-0.47,0.57,9.85
165605,-0.51,0.6,9.79
165640,-0.45,0.62,9.82
165678,-0.46,0.6,9.81
165713,-0.5,0.58,9.83
165749,-0.47,0.62,9.82
165788,-0.5,0.6,9.8
165824,-0.51,0.63,9.83
165860,-0.44,0.6,9.8
165894,-0.48,0.58,9.84
165933,-0.5,0.56,9.9
165968,-0.46,0.58,9.83
166004,-0.5,0.59,9.8
166042,-0.48,0.58,9.77
166082,-0.47,0.59,9.78
166117,-0.5,0.6,9.86
166153,-0.49,0.59,9.78
166190,-0.48,0.6,9.77
166225,-0.46,0.6,9.77
166261,-0.47,0.6,9.83
166295,-0.5,0.61,9.79
166334,-0.49,0.6,9.82
166370,-0.47,0.58,9.82
166406,-0.51,0.59,9.83
166443,-0.45,0.58,9.78
166478,-0.47,0.61,9.82
166513,-0.5,0.6,9.83
166550,-0.48,0.61,9.84
166589,-0.45,0.58,9.77
166625,-0.48,0.61,9.83
166665,-0.49,0.59,9.73
166703,-0.46,0.59,9.8
166737,-0.49,0.6,9.78
166772,-0.48,0.59,9.82
166808,-0.5,0.63,9.82
166845,-0.46,0.58,9.77
166881,-0.52,0.52,9.84
166917,-0.32,0.54,9.78
166963,-0.51,0.66,9.77
166996,-0.59,0.52,9.74
167032,-0.52,0.69,9.77
167067,-0.5,0.71,9.81
167106,-0.55,0.7,9.81
167140,-0.54,0.71,9.77
167181,-0.49,0.67,9.82
167217,-0.51,0.68,9.83
167255,-0.54,0.68,9.85
167288,-0.5,0.71,9.79
167324,-0.54,0.71,9.82
167363,-0.56,0.7,9.81
167397,-0.52,0.72,9.77
167433,-0.54,0.68,9.82
167468,-0.54,0.7,9.81
167506,-0.52,0.72,9.79
167540,-0.52,0.68,9.82
167577,-0.51,0.69,9.77
167616,-0.51,0.71,9.84
167651,-0.51,0.66,9.74
167687,-0.56,0.71,9.77
167723,-0.55,0.74,9.81
167764,-0.53,0.72,9.82
167800,-0.53,0.71,9.81
167835,-0.5,0.7,9.84
167870,-0.54,0.71,9.78
167909,-0.52,0.7,9.81
167944,-0.52,0.66,9.96
167980,-0.52,0.66,9.84
168018,-0.57,0.71,9.81
168053,-0.51,0.71,9.75
168088,-0.52,0.74,9.76
168124,-0.55,0.77,9.7
168163,-0.54,0.7,9.77
168198,-0.5,0.71,9.8
168233,-0.55,0.7,9.89
168272,-0.51,0.7,9.83
168313,-0.52,0.69,9.86
168349,-0.52,0.71,9.86
168385,-0.51,0.69,9.81
168423,-0.51,0.69,9.82
168459,-0.51,0.73,9.81
168493,-0.51,0.7,9.82
168528,-0.49,0.69,9.82
168567,-0.49,0.7,9.82
168602,-0.51,0.71,9.82
168637,-0.49,0.69,9.78
168676,-0.56,0.73,9.82
168712,-0.56,0.71,9.76
168747,-0.49,0.69,9.58
168782,-0.49,0.76,9.91
168820,-0.55,0.72,9.88
168857,-0.5,0.7,9.84
168895,-0.51,0.7,9.82
168934,-0.52,0.68,9.84
168970,-0.56,0.65,9.78
169005,-0.51,0.69,9.77
169039,-0.54,0.73,9.79
169077,-0.51,0.7,9.77
169113,-0.51,0.71,9.84
169148,-0.53,0.72,9.81
169184,-0.52,0.67,9.81
169223,-0.51,0.68,9.77
169257,-0.53,0.7,9.79
169292,-0.52,0.7,9.85
169331,-0.48,0.69,9.81
169367,-0.54,0.7,9.8
169403,-0.52,0.69,9.8
169438,-0.51,0.68,9.78
169480,-0.55,0.75,9.81
169517,-0.46,0.67,9.79
169551,-0.53,0.72,9.76
169589,-0.55,0.74,9.79
169626,-0.48,0.69,9.79
169661,-0.53,0.71,9.84
169695,-0.52,0.7,9.79
169734,-0.5,0.68,9.8
169769,-0.55,0.72,9.84
169804,-0.54,0.7,9.77
169839,-0.46,0.67,9.78
169878,-0.52,0.67,9.81
169914,-0.53,0.74,9.78
169950,-0.51,0.72,9.83
169989,-0.53,0.69,9.73
170029,-0.4,0.72,9.87
170064,-0.5,0.68,9.77
170099,-0.58,0.68,9.85
170138,-0.52,0.69,9.8
170174,-0.53,0.73,9.71
170210,-0.48,0.75,9.75
170247,-0.5,0.71,9.77
170283,-0.51,0.72,9.88
170318,-0.53,0.7,9.84
170354,-0.55,0.69,9.8
170391,-0.5,0.69,9.77
170427,-0.56,0.71,9.81
170463,-0.52,0.71,9.72
170498,-0.5,0.71,9.8
170536,-0.54,0.72,9.79
170572,-0.51,0.7,9.87
170612,-0.5,0.68,9.81
170650,-0.54,0.7,9.82
170686,-0.52,0.68,9.84
170721,-0.49,0.64,9.82
170757,-0.53,0.75,9.85
170793,-0.52,0.72,9.82
170829,-0.51,0.71,9.75
170865,-0.55,0.71,9.8
170901,-0.54,0.71,9.84
170940,-0.46,0.69,9.82
170976,-0.51,0.66,9.84
171012,-0.57,0.75,9.84
171049,-0.48,0.69,9.78
171085,-0.53,0.73,9.81
171121,-0.53,0.74,9.86
171159,-0.52,0.68,9.79
171197,-0.56,0.74,9.82
171233,-0.49,0.66,9.81
171269,-0.52,0.7,9.8
171307,-0.48,0.68,9.83
171340,-0.59,0.68,9.79
171376,-0.5,0.68,9.86
171412,-0.46,0.68,9.78
171450,-0.61,0.76,9.82
171486,-0.43,0.63,9.82
171521,-0.4,0.58,9.75
171556,-0.62,0.83,9.76
171594,-0.56,0.71,9.78
171630,-0.39,0.62,9.78
171666,-0.55,0.75,9.94
171705,-0.53,0.7,9.85
171744,-0.51,0.68,9.76
171780,-0.51,0.67,9.78
171814,-0.53,0.73,9.75
171852,-0.57,0.76,9.81
171887,-0.43,0.63,9.76
171923,-0.55,0.7,9.83
171962,-0.6,0.75,9.85
171997,-0.44,0.66,9.77
172032,-0.49,0.73,9.79
172067,-0.53,0.73,9.82
172106,-0.47,0.63,9.81
172140,-0.5,0.67,9.79
172176,-0.53,0.76,9.82
172212,-0.53,0.68,9.76
172250,-0.46,0.72,9.78
172285,-0.51,0.69,9.79
172325,-0.49,0.72,9.81
172364,-0.55,0.71,9.83
172399,-0.53,0.7,9.8
172435,-0.51,0.68,9.81
172470,-0.52,0.7,9.79
172509,-0.52,0.68,9.8
172544,-0.5,0.7,9.79
172579,-0.52,0.69,9.79
172618,-0.51,0.7,9.81
172654,-0.52,0.77,9.84
172688,-0.53,0.65,9.77
172724,-0.45,0.67,9.78
172763,-0.54,0.63,9.78
172798,-0.46,0.72,9.91
172834,-0.57,0.71,9.78
172870,-0.5,0.68,9.8
172913,-0.52,0.72,9.86
172949,-0.54,0.74,9.8
172985,-0.54,0.72,9.8
173024,-0.54,0.74,9.86
173060,-0.55,0.69,9.85
173093,-0.52,0.63,9.8
173129,-0.51,0.7,9.8
173169,-0.53,0.71,9.84
173204,-0.5,0.7,9.91
173239,-0.54,0.69,9.84
173279,-0.55,0.69,9.76
173315,-0.48,0.72,9.83
173350,-0.59,0.74,9.83
173386,-0.44,0.69,9.85
173425,-0.56,0.66,9.93
173465,-0.55,0.7,9.92
173500,-0.46,0.68,9.74
173539,-0.54,0.69,9.77
173575,-0.5,0.7,9.75
173611,-0.48,0.68,9.79
173645,-0.5,0.7,9.77
173684,-0.53,0.7,9.86
173720,-0.49,0.7,9.82
173756,-0.52,0.69,9.82
173790,-0.49,0.69,9.78
173829,-0.5,0.71,9.82
173864,-0.52,0.71,9.81
173900,-0.51,0.71,9.74
173939,-0.52,0.69,9.79
173975,-0.47,0.69,9.81
174011,-0.52,0.7,9.8
174062,-0.49,0.69,9.81
174100,-0.53,0.72,9.77
174136,-0.49,0.7,9.68
174172,-0.5,0.68,9.59
174210,-0.53,0.76,9.76
174244,-0.53,0.71,9.78
174279,-0.5,0.69,9.8
174316,-0.49,0.71,9.87
174354,-0.51,0.69,9.79
174389,-0.52,0.76,9.8
174424,-0.5,0.7,9.77
174459,-0.51,0.7,9.8
174497,-0.52,0.71,9.78
174533,-0.49,0.69,9.85
174569,-0.51,0.7,9.82
174613,-0.49,0.68,9.81
174649,-0.52,0.7,9.83
174684,-0.49,0.69,9.81
174720,-0.5,0.69,9.83
174758,-0.54,0.69,9.8
174792,-0.46,0.69,9.8
174828,-0.52,0.7,9.83
174867,-0.5,0.7,9.83
174903,-0.49,0.7,9.79
174938,-0.48,0.71,9.79
174972,-0.52,0.7,9.82
175012,-0.48,0.7,9.75
175047,-0.52,0.7,9.76
175083,-0.48,0.75,9.8
175119,-0.54,0.71,9.79
175158,-0.49,0.7,9.82
175197,-0.5,0.71,9.83
175232,-0.51,0.72,9.8
175270,-0.5,0.69,9.83
175306,-0.49,0.71,9.79
175340,-0.52,0.72,9.75
175376,-0.51,0.73,9.78
175423,-0.49,0.7,9.83
175459,-0.49,0.69,9.81
175494,-0.48,0.73,9.8
175533,-0.52,0.7,9.84
175568,-0.48,0.72,9.84
175604,-0.5,0.73,9.83
175639,-0.49,0.7,9.77
175678,-0.51,0.7,9.79
175718,-0.49,0.7,9.79
175753,-0.49,0.71,9.78
175788,-0.5,0.7,9.77
175826,-0.5,0.7,9.84
175861,-0.52,0.71,9.82
175896,-0.48,0.65,9.81
175935,-0.48,0.77,9.86
175970,-0.63,0.67,9.82
176004,-0.5,0.62,9.75
176038,-0.48,0.73,9.81
176077,-0.51,0.7,9.86
176112,-0.49,0.71,9.82
176148,-0.56,0.91,9.9
176187,0.1,0.62,9.45
176223,-0.46,0.93,9.93
176258,-0.56,0.79,9.86
176295,-0.54,0.7,9.81
176334,-0.54,0.73,9.82
176369,-0.51,0.67,9.79
176405,-0.51,0.69,9.81
176439,-0.53,0.77,9.79
176478,-0.51,0.67,9.81
176514,-0.51,0.71,9.82
176549,-0.53,0.7,9.8
176588,-0.54,0.71,9.8
176624,-0.52,0.79,9.83
176660,-0.52,0.74,9.81
176693,-0.54,0.62,9.77
176733,-0.57,0.68,9.81
176769,-0.46,0.71,9.8
176802,-0.56,0.7,9.81
176844,-0.53,0.73,9.8
176880,-0.49,0.71,9.81
176916,-0.5,0.69,9.79
176952,-0.62,1.02,9.95
176990,-0.47,0.73,9.79
177026,-0.61,0.71,9.84
177060,-0.65,0.88,9.95
177095,-0.54,0.67,9.79
177134,-0.49,0.79,9.8
177170,-0.48,0.77,9.84
177203,-0.53,0.65,9.82
177241,-0.56,0.69,9.78
177276,-0.45,0.8,9.77
177312,-0.44,0.37,9.53
177346,-0.56,0.59,9.73
177385,-0.55,0.65,9.77
177425,-0.52,0.99,9.98
177461,-0.56,0.7,9.9
177498,-0.51,0.99,10.08
177532,-0.44,0.8,9.9
177569,-0.47,0.67,9.85
177605,-0.58,0.66,9.87
177642,-0.58,0.6,9.69
177677,-0.56,0.74,9.84
177713,-0.56,0.61,9.69
177746,-0.59,0.63,9.71
177785,-0.62,0.66,9.81
177821,-0.62,0.65,9.81
177857,-0.59,0.67,9.84
177894,-0.58,0.74,9.82
177930,-0.58,0.68,9.84
177966,-0.58,0.71,9.84
178006,-0.59,0.7,9.79
178042,-0.58,0.69,9.8
178078,-0.58,0.71,9.8
178114,-0.57,0.68,9.72
178153,-0.6,0.58,9.77
178188,-0.56,0.72,9.79
178224,-0.52,0.74,9.85
178258,-0.56,0.94,9.88
178295,-0.65,0.7,9.79
178331,-0.56,0.53,9.76
178366,-0.51,0.81,9.83
178400,-0.65,0.76,9.87
178439,-0.52,0.82,9.8
178475,-0.49,0.03,9.54
178510,-0.7,0.22,9.68
178551,-0.57,0.74,9.78
178586,-0.49,0.72,9.77
178622,-0.54,0.75,9.84
178657,-0.51,0.75,9.85
178695,-0.53,0.72,9.78
178731,-0.54,0.68,9.79
178766,-0.54,0.7,9.77
178800,-0.57,0.77,9.82
178833,-0.59,0.73,9.8
178869,-0.53,0.73,9.79
178906,-0.53,0.71,9.8
178942,-0.56,0.74,9.8
178978,-0.52,0.68,9.81
179014,-0.61,0.47,9.72
179048,-0.58,0.76,9.82
179087,-0.51,0.79,9.85
179123,-0.58,0.74,9.85
179161,-0.59,0.64,9.77
179197,-0.62,0.62,9.76
179232,-0.53,0.64,9.78
179268,-0.55,0.66,9.81
179302,-0.7,0.61,9.82
179340,-0.58,0.6,9.7
179376,-0.11,2.33,9.99
179411,-0.71,0.83,10.65
179447,-0.1,1.35,9.69
179483,0.01,0.87,8.82
179519,-0.14,0.51,8.89
179553,-0.86,-0.66,10.08
179592,-0.63,0.85,11.23
179628,-0.46,0.73,11.14
179663,-0.02,-1.06,10.88
179697,0.28,0.48,11.25
179740,0.81,-0.34,10.4
179776,2.12,0.18,10.6
179812,2.14,1.25,9.53
179849,2.35,-2.05,10.42
179885,3.63,-1.1,9.59
179920,3.78,-0.1,6.69
179957,6.96,-0.41,6.27
179991,6.35,-1.25,5.21
180027,6.67,-0.42,2.74
180063,7.89,-1.1,3.45
180100,8.13,-0.9,2.79
180135,7.98,-0.68,2.23
180172,8.94,-0.76,1.95
180210,9.21,-0.58,2.55
180244,8.59,-0.03,2.69
180285,9.02,0.08,2.82
180320,9.15,-0.11,3.19
180358,9.28,0.17,3.86
180390,8.54,0.15,4.25
180427,9.24,0.34,3.54
180465,8.72,0.02,2.63
180499,9.49,0.3,2.87
180535,9.19,0.27,2.77
180571,8.53,-0.13,2.92
180608,9.02,-0.06,3.36
180641,9.44,0.13,2.37
180677,8.99,0.37,2.77
180716,9.03,0.33,3.11
180750,9.0,0.14,2.81
180786,8.97,0.1,2.62
180822,8.93,0.21,2.34
180864,9.25,-0.08,1.76
180896,9.16,-0.01,2.14
180932,9.38,-0.07,2.35
180971,9.15,0.1,2.65
181005,9.17,0.38,3.19
181039,8.84,0.51,3.32
181074,8.8,0.49,3.07
181111,9.2,0.43,3.4
181145,8.68,0.2,3.29
181181,8.94,0.07,2.69
181221,8.74,0.26,2.84
181255,9.08,0.27,3.16
181288,9.18,0.4,3.12
181324,9.07,0.51,2.98
181361,9.2,0.45,2.81
181400,9.09,0.51,3.05
181435,9.19,0.95,2.68
181474,9.63,1.11,2.54
181509,10.31,1.06,2.51
181542,10.42,1.14,2.42
181578,10.12,1.58,2.07
181617,9.26,1.61,2.4
181651,9.49,2.4,2.85
181686,8.43,0.28,0.44
181725,7.72,1.79,2.81
181761,8.8,2.62,1.42
181794,8.64,0.55,1.56
181830,8.87,3.0,4.67
181870,11.19,10.79,1.08
181904,7.59,2.68,2.44
181939,7.48,0.76,6.16
181982,10.97,2.52,-1.14
182018,8.32,1.82,0.14
182051,9.65,4.55,1.45
182086,8.72,4.72,-0.18
182125,8.36,2.07,0.95
182160,6.67,6.25,2.53
182194,9.68,-0.45,-0.07
182233,9.08,2.67,1.02
182269,9.87,3.05,-1.52
182302,9.3,2.46,-1.65
182340,8.96,1.25,-0.38
182377,10.09,3.24,0.44
182412,8.44,3.96,0.09
182446,10.36,2.96,-0.35
182486,9.93,2.13,0.15
182525,8.95,5.23,-1.8
182561,8.66,4.17,-1.5
182597,8.58,4.0,1.75
182633,9.52,3.35,0.27
182669,9.44,3.15,1.97
182703,8.89,3.16,2.19
182740,8.81,3.72,1.46
182776,9.28,4.19,4.1
182812,9.51,1.62,2.42
182849,9.21,2.22,2.36
182885,10.22,2.11,-1.4
182920,8.86,1.29,0.98
182955,7.9,3.5,2.8
182991,8.6,2.0,0.08
183027,8.99,1.63,-5.42
183063,9.6,1.95,-2.36
183104,10.47,1.12,2.54
183138,9.54,1.56,0.06
183174,8.96,1.61,-1.4
183209,10.16,1.54,0.98
183245,8.92,1.06,0.04
183281,9.68,-0.15,0.72
183318,10.31,-0.28,-1.31
183355,14.5,-2.15,-3.44
183389,11.84,-0.13,2.58
183425,7.55,2.91,-2.08
183460,8.86,-4.46,-1.09
183497,10.18,-1.3,1.63
183533,7.3,1.27,-1.62
183569,11.47,2.0,-3.81
183619,10.14,1.32,2.07
183654,10.19,-0.03,-0.63
183688,8.4,0.14,3.69
183724,8.08,1.43,0.22
183762,9.58,2.46,-1.08
183796,7.26,1.77,1.05
183832,10.02,6.38,1.55
183871,9.28,-2.63,2.22
183906,9.63,-2.49,0.84
183940,9.54,0.66,3.71
183976,9.34,4.18,3.74
184015,6.45,0.57,9.99
184049,8.09,0.69,13.66
184085,5.48,0.37,10.27
184124,5.86,-0.4,2.38
184164,7.37,-0.16,2.4
184198,12.08,1.73,1.76
184237,7.98,-3.05,2.21
184272,8.12,-0.73,1.0
184307,9.52,1.23,0.97
184341,7.56,-0.71,-1.52
184380,8.76,-1.03,-4.6
184417,8.73,1.64,0.17
184451,9.15,4.76,-0.41
184488,9.53,2.97,-4.39
184525,10.55,9.72,-2.68
184561,7.46,-3.31,0.88
184598,8.48,0.33,3.47
184634,10.07,9.92,0.98
184670,6.32,-5.15,-14.53
184705,9.11,0.48,0.75
184745,8.6,3.35,-0.91
184781,9.85,3.66,-0.01
184817,9.98,1.64,-0.03
184854,9.71,2.27,1.28
184888,9.63,1.97,0.1
184924,9.96,1.72,0.72
184960,8.71,2.81,-1.45
184996,8.96,2.25,-1.18
185032,7.47,3.92,-2.23
185069,10.79,2.77,-0.6
185106,9.91,3.2,-0.65
185140,9.14,3.0,-0.88
185176,7.59,4.36,-1.59
185211,9.65,3.26,-0.53
185248,9.2,2.32,-0.75
185289,8.97,3.42,-1.0
185325,8.06,4.42,-3.53
185363,9.37,3.75,-2.39
185397,9.55,3.18,-2.07
185433,7.85,3.25,-2.89
185472,9.54,3.06,0.89
185506,8.65,3.17,0.51
185540,8.15,2.92,-1.12
185576,9.73,2.56,0.41
185615,9.56,0.02,0.54
185649,10.62,0.32,0.68
185684,8.01,-0.83,-1.07
185723,9.82,-0.51,1.22
185759,7.73,-1.61,0.34
185793,7.11,-1.36,0.13
185830,10.12,1.67,2.38
185874,9.51,-1.41,0.5
185910,9.75,0.37,1.59
185944,8.89,-1.45,0.42
185982,9.63,-2.05,2.68
186018,9.1,1.11,1.84
186052,9.51,2.29,0.27
186087,9.73,0.0,2.19
186125,9.85,2.31,-1.1
186161,9.88,-1.44,1.13
186194,6.57,-2.98,1.12
186233,9.0,1.17,2.27
186270,5.34,-2.65,-0.17
186304,7.36,0.12,5.45
186338,11.94,2.04,3.81
186378,9.44,2.13,1.49
186418,7.23,-0.04,0.41
186451,9.27,3.42,4.97
186489,8.15,4.1,5.81
186525,7.9,1.27,8.48
186561,8.06,2.33,4.96
186594,11.8,2.41,1.61
186633,6.89,2.64,5.91
186669,7.95,-3.43,-11.8
186702,12.31,-1.15,-0.99
186740,7.9,-0.58,4.16
186777,8.94,1.46,3.3
186813,10.06,2.46,4.12
186850,8.01,-1.24,3.47
186886,8.01,-2.71,3.42
186921,9.67,2.39,3.12
186956,9.0,1.75,3.41
186997,9.45,2.2,3.51
187032,8.9,1.83,4.03
187069,8.22,1.37,4.96
187105,8.97,1.45,2.76
187139,9.17,2.67,3.54
187174,9.54,2.28,2.67
187210,8.2,1.09,4.31
187247,8.6,1.6,4.77
187283,8.5,1.1,2.02
187319,8.53,1.44,5.07
187356,10.53,1.83,1.51
187389,8.06,1.83,3.98
187425,8.37,1.9,3.91
187461,9.43,2.18,3.62
187501,9.01,1.34,1.94
187536,7.08,1.25,5.92
187572,10.52,2.09,2.51
187609,9.47,1.65,2.75
187642,6.77,0.83,3.52
187678,7.4,1.83,3.6
187714,9.27,3.4,3.92
187751,8.95,1.35,0.77
187786,10.08,1.45,1.73
187822,9.25,1.77,2.23
187858,11.76,2.18,1.47
187892,7.77,0.4,4.49
187929,8.19,3.35,5.35
187965,8.56,1.83,2.64
188002,8.96,3.87,2.68
188037,10.57,8.6,2.33
188072,8.27,1.25,3.82
188115,10.29,0.12,1.06
188149,10.0,-1.77,0.86
188184,9.66,3.4,1.29
188223,10.0,7.19,-0.29
188259,10.13,12.12,3.35
188293,6.34,-2.87,-0.63
188328,8.39,5.36,0.56
188368,11.27,8.72,-3.95
188402,5.74,4.88,-3.7
188437,12.76,6.38,2.46
188476,16.4,3.96,-3.2
188512,6.15,1.12,0.69
188546,2.19,2.48,-2.03
188581,12.03,1.64,-2.99
188621,13.23,-1.13,-0.51
188660,10.39,2.99,-2.91
188694,8.31,2.24,0.76
188733,11.41,0.86,0.26
188769,8.34,3.35,-0.66
188802,10.59,1.84,-0.28
188840,10.27,-2.28,-1.91
188876,10.44,2.9,0.77
188911,8.84,0.55,-0.29
188946,8.14,0.87,-0.74
188985,7.3,0.33,-1.23
189021,7.81,-0.06,1.43
189054,9.64,0.76,0.98
189091,10.43,-1.0,0.97
189128,9.35,0.47,2.05
189164,8.14,0.22,2.94
189199,9.57,-0.03,2.37
189242,8.55,1.79,3.11
189278,8.41,-0.2,3.35
189314,10.43,2.83,4.64
189350,8.37,3.76,4.43
189385,6.36,1.8,8.23
189422,8.36,5.0,4.48
189456,9.71,1.89,3.66
189493,7.11,-11.31,-5.69
189529,9.21,-0.78,0.17
189565,10.73,2.85,0.0
189602,8.55,4.01,2.68
189637,7.77,4.02,0.59
189673,9.1,3.66,3.38
189712,9.11,7.63,-0.86
189746,7.92,3.03,3.11
189786,9.02,-3.14,0.01
189821,5.94,-1.88,3.04
189859,8.5,-3.62,0.76
189893,11.05,2.18,-1.26
189930,10.45,2.63,0.15
189969,8.79,1.71,1.95
190002,8.03,3.07,3.34
190036,10.32,1.23,0.12
190073,9.89,2.27,-0.6
190112,4.51,3.78,1.14
190146,9.57,3.27,0.53
190182,11.56,3.58,-0.14
190221,7.53,3.96,3.21
190257,7.84,6.27,1.24
190290,9.49,3.89,0.77
190326,9.39,2.21,-0.4
190369,9.6,5.95,1.2
190404,6.81,5.69,1.97
190438,6.71,5.07,4.87
190477,13.58,-2.1,-10.88
190513,8.65,7.62,1.92
190545,7.74,5.36,-0.29
190584,7.47,4.22,3.32
190620,9.15,2.32,-1.23
190654,9.48,3.18,1.47
190688,8.6,2.37,1.89
190728,10.73,1.79,-3.94
190764,9.65,1.72,-0.38
190797,10.75,0.76,0.12
190836,11.26,4.01,0.92
190873,8.85,3.22,-0.64
190912,8.24,3.12,-1.69
190946,12.79,3.04,-4.39
190985,7.72,4.09,-4.14
191021,7.88,-1.06,0.44
191054,9.32,3.82,-3.03
191090,8.13,1.81,-2.65
191127,9.91,0.0,-2.44
191162,9.58,1.61,-3.05
191196,8.64,3.0,-0.14
191235,9.15,0.96,2.8
191270,9.07,1.39,2.41
191305,8.76,-0.04,-0.58
191342,8.09,0.63,1.49
191378,7.96,2.29,-0.71
191415,10.61,2.84,-2.64
191449,9.54,0.76,1.35
191492,8.37,3.68,-0.26
191527,8.56,3.41,4.65
191563,10.04,5.3,2.64
191609,9.47,3.7,0.03
191642,9.33,4.15,2.66
191679,9.61,2.48,-1.08
191718,8.78,2.52,4.34
191752,8.22,2.63,3.67
191787,9.13,1.09,0.43
191822,9.32,1.0,3.55
191860,10.51,2.82,-0.21
191894,9.37,-0.16,1.27
191930,8.79,1.33,2.48
191974,8.28,2.07,-1.04
192009,10.23,2.37,2.45
192043,9.23,1.57,0.79
192079,6.12,-1.05,-4.46
192118,9.61,4.95,4.82
192152,9.84,1.39,3.32
192187,9.16,3.39,3.2
192225,8.58,1.98,2.42
192261,9.81,3.53,1.76
192294,9.07,2.24,0.84
192330,9.42,2.44,0.59
192370,5.6,4.31,7.76
192404,7.64,3.06,3.54
192438,10.93,4.11,2.14
192477,10.07,3.32,1.04
192513,9.43,8.95,3.39
192550,8.15,2.86,4.48
192585,11.32,3.53,0.47
192624,9.25,3.31,2.85
192660,9.76,-0.63,-2.45
192694,10.42,3.88,2.23
192733,7.63,1.52,5.4
192769,8.74,3.96,1.62
192802,7.08,3.5,3.18
192840,9.43,5.77,2.25
192876,8.02,4.14,3.19
192911,8.74,1.83,2.16
192945,6.11,1.27,3.18
192985,10.74,2.66,0.54
193020,9.58,2.24,0.89
193055,8.1,4.99,-2.81
193096,9.77,0.93,-2.2
193131,8.87,2.39,0.07
193168,9.48,5.79,0.91
193202,9.45,6.73,-0.84
193239,5.78,6.74,11.32
193274,3.19,4.72,-0.93
193310,4.71,5.75,-10.51
193347,9.8,7.84,-12.28
193383,8.15,0.84,-6.96
193419,8.62,5.53,-6.92
193457,6.2,10.46,0.74
193490,7.52,5.92,1.91
193527,6.58,5.42,4.98
193563,3.61,5.61,-1.77
193600,5.76,4.25,-1.61
193636,8.97,6.13,0.79
193676,5.84,8.99,-1.77
193715,5.05,4.2,-2.93
193748,7.52,0.19,5.94
193783,7.2,5.56,-3.77
193819,6.45,6.54,-0.51
193856,7.26,2.95,4.74
193890,12.8,1.04,-11.65
193927,9.13,1.23,-0.4
193966,9.85,4.27,1.18
193999,9.79,2.98,1.96
194034,11.1,0.8,-4.21
194073,4.84,8.84,-10.42
194109,7.36,11.56,22.71
194143,7.29,1.55,-10.82
194180,9.9,3.96,0.81
194223,7.71,4.17,6.17
194258,6.77,5.15,6.72
194292,8.35,5.17,6.29
194332,11.26,3.85,0.81
194368,9.27,2.88,-0.29
194401,7.15,4.51,0.45
194436,5.78,6.19,2.98
194475,3.76,5.2,3.98
194510,3.81,5.27,1.68
194544,2.57,0.37,6.75
194583,3.56,3.6,5.92
194619,5.83,4.02,5.38
194653,5.78,5.09,5.41
194688,3.3,5.69,9.76
194726,3.4,7.66,13.02
194763,2.95,2.34,8.82
194801,2.41,-1.08,13.57
194839,2.53,0.77,10.86
194875,1.98,3.04,9.88
194911,3.11,0.28,9.93
194945,4.53,3.41,8.79
194983,7.9,2.96,8.82
195019,-0.88,-0.31,9.48
195053,0.86,6.9,11.45
195090,0.87,2.09,7.4
195126,0.86,3.48,6.96
195162,0.93,3.54,11.18
195195,-0.21,0.69,9.85
195234,-0.2,0.62,9.82
195270,-0.22,0.69,9.82
195304,-0.2,0.64,9.78
195345,-0.21,0.67,9.81
195381,-0.2,0.63,9.8
195417,-0.17,0.68,9.81
195451,-0.17,0.68,9.78
195489,-0.19,0.67,9.79
195524,-0.19,0.64,9.81
195560,-0.19,0.65,9.81
195595,-0.18,0.7,9.84
195634,-0.19,0.68,9.85
195670,-0.2,0.63,9.83
195704,-0.2,0.69,9.7
195741,-0.2,0.76,10.02
195777,-0.23,0.64,9.87
195814,-0.17,0.65,9.8
195850,-0.17,0.67,9.83
195888,-0.19,0.64,9.83
195928,-0.19,0.64,9.85
195963,-0.18,0.66,9.84
196002,-0.18,0.64,9.82
196036,-0.17,0.66,9.82
196072,-0.17,0.65,9.84
196107,-0.2,0.65,9.84
196145,-0.21,0.68,9.85
196179,-0.18,0.66,9.84
196215,-0.16,0.62,9.82
196250,-0.23,0.69,9.83
196288,-0.2,0.74,9.81
196324,-0.09,0.55,9.81
196360,-0.22,0.63,9.77
196398,-0.22,0.71,9.77
196433,-0.11,0.68,9.77
196468,-0.22,0.68,9.84
196509,-0.21,0.67,9.84
196546,-0.16,0.66,9.82
196581,-0.19,0.64,9.81
196617,-0.21,0.66,9.79
196653,-0.22,0.68,9.82
196689,-0.2,0.66,9.84
196725,-0.19,0.62,9.87
196761,-0.19,0.68,9.8
196799,-0.18,0.77,9.78
196835,-0.2,0.67,9.78
196870,-0.19,0.59,9.81
196907,-0.19,0.64,9.82
196943,-0.2,0.63,9.8
196979,-0.2,0.7,9.79
197015,-0.17,0.7,9.77
197058,-0.18,0.69,9.62
197092,-0.21,0.67,10.07
197128,-0.19,0.61,9.73
197164,-0.2,0.67,9.79
197202,-0.18,0.67,9.82
197236,-0.2,0.66,9.79
197272,-0.19,0.63,9.86
197308,-0.17,0.64,9.81
197345,-0.21,0.64,9.82
197381,-0.22,0.66,9.81
197416,-0.17,0.69,9.8
197455,-0.2,0.66,9.84
197489,-0.16,0.69,9.8
197525,-0.2,0.65,10.15
197561,-0.14,0.68,9.65
197600,-0.27,0.63,9.79
197639,-0.12,0.69,9.72
197675,-0.3,0.61,9.79
197713,-0.1,0.76,9.78
197748,-0.09,0.74,9.91
197784,-0.35,0.55,9.87
197819,-0.17,0.67,9.8
197858,-0.15,0.72,9.84
197892,-0.24,0.63,9.81
197927,-0.16,0.64,9.86
197962,-0.15,0.7,9.82
198001,-0.23,0.61,9.85
198035,-0.17,0.65,9.85
198071,-0.19,0.71,9.85
198110,-0.19,0.65,9.85
198146,-0.16,0.69,9.85
198181,-0.22,0.66,9.83
198221,-0.17,0.68,9.83
198260,-0.17,0.67,9.76
198294,-0.2,0.66,9.8
198330,-0.18,0.67,9.78
198365,-0.16,0.7,9.83
198404,-0.19,0.67,9.84
198437,-0.17,0.68,9.8
198473,-0.2,0.65,9.84
198511,-0.19,0.66,9.82
198547,-0.28,0.65,10.34
198582,-0.21,0.73,10.07
198618,-0.18,0.73,9.63
198657,-0.2,0.64,9.79
198691,-0.2,0.66,9.77
198727,-0.17,0.68,9.86
198763,-0.17,0.68,9.93
198806,-0.2,0.67,9.94
198840,-0.16,0.66,9.78
198875,-0.18,0.67,9.8
198914,-0.2,0.66,9.82
198948,-0.16,0.68,9.82
198983,-0.16,0.64,9.81
199019,-0.19,0.67,9.84
199058,-0.18,0.67,9.86
199092,-0.21,0.64,9.78
199127,-0.21,0.67,9.79
199163,-0.18,0.66,9.85
199201,-0.21,0.66,9.84
199236,-0.19,0.67,9.79
199272,-0.15,0.72,9.81
199311,-0.18,0.63,9.82
199351,-0.21,0.66,9.82
199385,-0.18,0.65,9.81
199420,-0.16,0.69,9.8
199459,-0.23,0.67,9.82
199493,-0.17,0.66,9.81
199529,-0.18,0.66,9.84
199565,-0.2,0.68,9.85
199603,-0.19,0.66,9.84
199636,-0.18,0.67,9.83
199673,-0.19,0.64,9.79
199711,-0.17,0.66,9.82
199747,-0.19,0.63,9.83
199783,-0.18,0.67,9.8
199819,-0.18,0.67,9.84
199870,-0.21,0.66,9.79
199906,-0.17,0.66,9.82
199941,-0.19,0.64,9.84
199980,-0.24,0.66,9.83
200015,-0.16,0.67,9.82
200050,-0.18,0.66,9.82
200085,-0.19,0.65,9.82
200124,-0.18,0.67,9.8
200159,-0.18,0.67,9.82
200194,-0.21,0.65,9.8
200229,-0.15,0.67,9.81
200269,-0.24,0.88,10.22
200304,-0.21,0.66,9.86
200339,-0.16,0.68,9.77
200378,-0.22,0.6,9.76
200415,-0.16,0.65,9.8
200453,-0.18,0.69,9.81
200485,-0.2,0.69,9.81
200524,-0.16,0.71,9.82
200560,-0.17,0.72,9.85
200596,-0.18,0.68,9.83
200632,-0.16,0.69,9.85
200671,-0.19,0.72,9.81
200707,-0.18,0.72,9.83
200741,-0.2,0.7,9.86
200780,-0.16,0.72,9.83
200816,-0.17,0.73,9.89
200852,-0.2,0.67,9.84
200886,-0.21,0.72,9.79
200926,-0.17,0.73,9.85
200962,-0.2,0.7,9.83
200997,-0.18,0.72,9.84
201037,-0.15,0.72,9.8
201071,-0.18,0.68,9.83
201107,-0.15,0.73,9.81
201142,-0.18,0.7,9.79
201181,-0.22,0.68,9.85
201217,-0.18,0.71,9.82
201252,-0.18,0.7,9.85
201286,-0.2,0.69,9.81
201325,-0.14,0.72,9.82
201361,-0.15,0.71,9.84
201397,-0.21,0.71,9.77
201436,-0.13,0.71,9.81
201473,-0.19,0.71,9.8
201508,-0.17,0.69,9.8
201543,-0.16,0.71,9.82
201582,-0.18,0.7,9.82
201622,-0.18,0.75,9.81
201658,-0.18,0.76,9.87
201693,-0.17,0.7,9.82
201732,-0.16,0.7,9.81
201767,-0.21,0.71,9.81
201803,-0.19,0.7,9.77
201840,-0.19,0.68,9.78
202012,-0.18,0.71,9.78
202045,-0.18,0.73,9.77
202081,-0.24,0.9,9.88
202119,-0.25,0.87,9.93
202155,-0.2,0.8,9.79
202188,-0.24,0.74,9.79
202224,-0.26,0.78,9.85
202262,-0.21,0.72,9.8
202296,-0.14,0.75,9.81
202332,-0.21,0.72,9.79
202370,-0.2,0.73,9.8
202405,-0.18,0.76,9.81
202440,-0.27,0.65,9.84
202476,-0.13,0.63,9.76
202515,0.0,0.54,9.51
202552,-0.17,0.6,9.66
202586,-0.15,0.65,9.8
202630,-0.2,0.65,9.86
202665,-0.2,0.68,9.66
202700,-0.22,0.73,9.79
202735,-0.18,0.66,9.83
202773,-0.16,0.66,9.81
202809,-0.2,0.66,9.85
202845,-0.19,0.7,9.88
202884,-0.19,0.69,9.82
202919,-0.23,1.11,10.9
202955,-0.18,0.39,9.99
202990,-0.13,0.78,10.0
203029,-0.2,0.64,9.79
203066,-0.18,0.79,9.86
203102,-2.23,-2.35,10.12
203136,0.31,0.51,13.37
203180,-1.55,0.25,13.71
203215,1.01,5.27,15.06
203249,2.78,0.55,11.28
203286,4.47,0.9,12.8
203323,3.74,1.52,6.21
203359,4.48,-1.38,2.33
203396,9.71,-1.74,1.34
203431,10.41,-0.13,1.14
203466,11.69,-1.39,1.4
203501,9.73,-0.57,1.18
203538,7.95,0.45,-0.3
203574,7.66,1.57,4.07
203611,7.63,2.37,1.56
203648,7.24,1.76,1.58
203682,9.14,2.72,2.85
203719,8.53,1.26,1.01
203758,8.36,1.49,-1.4
203795,8.98,1.26,-0.44
203831,8.69,1.19,-2.06
203867,8.65,0.58,-1.12
203904,10.02,1.53,-0.22
203936,9.84,1.45,0.08
203972,9.04,1.3,-0.79
204008,8.77,1.65,-0.58
204045,8.94,1.75,0.05
204081,8.6,1.5,0.13
204116,10.03,1.67,0.84
204153,9.61,1.81,0.12
204187,9.32,2.53,-0.07
204224,9.81,0.84,-0.64
204260,9.8,2.06,0.2
204301,11.54,3.12,1.79
204335,9.28,0.24,0.82
204370,8.07,2.33,1.06
204409,9.4,-1.06,-6.97
204443,9.77,0.94,0.1
204478,9.73,1.39,-0.47
204515,8.93,-0.11,-1.76
204552,9.55,-0.17,-0.29
204585,9.28,-0.91,0.79
204621,8.58,0.48,2.55
204660,8.87,4.9,-0.73
204694,9.43,0.93,-0.55
204731,9.75,1.23,0.78
204767,9.5,-0.27,1.41
204804,8.95,0.98,5.26
204837,7.97,-1.7,2.14
204878,9.66,0.07,-1.53
204917,9.73,4.52,0.78
204952,9.23,4.82,0.19
204985,9.27,-0.07,2.39
205022,9.6,0.27,0.9
205060,9.66,1.11,0.83
205093,8.68,0.82,2.46
205129,9.76,0.85,2.61
205169,8.39,-0.6,3.45
205204,10.57,0.44,0.1
205238,9.34,-1.01,1.31
205274,8.87,0.49,1.85
205313,9.28,0.44,0.03
205346,9.17,2.17,-1.08
205382,9.35,0.3,0.27
205425,9.32,0.73,1.49
205461,9.46,1.27,0.83
205495,9.67,1.79,0.15
205531,9.54,1.35,-0.05
205569,9.76,0.78,0.18
205603,9.53,1.73,-0.04
205637,9.25,1.67,0.62
205676,9.41,0.25,1.54
205713,9.55,0.71,1.18
205746,9.73,0.89,0.46
205782,9.23,0.97,1.42
205820,8.9,0.5,0.92
205856,9.73,0.6,0.7
205890,9.31,4.32,0.74
205929,9.96,3.95,-2.02
205966,8.86,3.53,-0.23
206005,8.72,0.54,-0.88
206038,9.02,-2.23,-3.39
206076,9.32,3.28,3.46
206113,11.8,0.44,3.17
206147,10.68,3.2,-0.56
206185,10.59,2.64,3.89
206221,12.67,-1.15,2.26
206257,12.68,1.56,-0.73
206294,9.62,-2.34,-0.55
206330,6.97,-1.29,-0.03
206366,8.81,-0.31,-1.77
206400,9.05,-1.02,-2.37
206437,8.43,-0.48,0.25
206473,9.82,2.27,-0.37
206510,9.73,0.57,-1.04
206551,9.46,0.94,0.87
206584,9.62,1.54,0.15
206620,6.57,-4.46,-0.36
206656,12.41,4.01,2.34
206687,7.81,1.94,-0.51
206723,9.31,1.97,0.35
206758,8.51,0.82,2.51
206795,7.47,1.93,1.53
206831,8.93,9.26,1.26
206867,12.32,-6.37,0.51
206905,9.55,0.19,0.42
206939,7.55,1.41,1.74
206976,10.42,2.0,-0.48
207012,10.68,3.19,1.7
207049,9.55,2.09,2.17
207083,9.52,-1.12,1.5
207120,6.39,1.17,1.17
207163,10.0,1.36,2.61
207197,8.15,0.85,3.1
207232,8.86,3.35,0.38
207267,9.66,3.6,1.15
207304,10.33,5.29,6.49
207338,6.39,-1.81,-4.53
207374,10.02,12.94,7.55
207413,7.06,3.07,4.17
207448,8.71,5.48,10.34
207481,5.98,1.85,-0.67
207518,8.21,2.56,-1.08
207556,8.15,2.92,4.19
207590,10.48,2.32,0.89
207626,9.31,3.87,3.76
207666,6.45,-1.69,1.25
207705,10.84,0.45,-0.68
207737,13.27,13.23,7.05
207776,10.16,6.28,2.22
207813,9.44,2.91,-1.11
207847,10.18,2.55,-1.52
207882,9.84,4.18,1.29
207921,9.7,5.24,-7.62
207956,9.22,3.3,-5.05
207990,9.21,4.81,-1.31
208029,9.37,0.82,3.44
208065,9.27,2.49,0.79
208100,8.33,2.18,0.82
208145,9.49,2.88,3.59
208181,8.9,2.03,4.04
208222,9.04,2.91,1.91
208257,6.0,0.2,-1.99
208293,10.31,2.18,4.95
208329,8.87,3.13,-0.49
208365,9.14,4.77,1.09
208402,12.21,0.89,-4.27
208436,8.34,4.23,-2.46
208472,9.01,3.6,1.98
208507,4.76,-4.43,-0.73
208544,9.35,3.53,-5.16
208580,8.93,-1.89,-0.58
208616,12.3,11.48,-4.1
208653,9.57,2.08,-3.92
208687,8.6,2.07,-2.17
208723,9.26,4.98,0.0
208760,8.84,4.52,-0.1
208800,10.36,-2.22,-1.69
208834,9.18,7.31,0.0
208871,12.33,0.9,-2.29
208909,7.56,2.88,2.07
208943,10.17,-2.07,-2.03
208978,9.84,1.93,1.64
209015,9.17,1.82,2.1
209052,9.84,2.26,1.79
209085,8.88,1.76,4.02
209122,9.71,0.18,4.21
209161,8.53,1.65,3.23
209195,8.81,1.23,4.4
209230,10.42,0.92,2.87
209266,7.13,3.55,1.18
209304,6.45,0.51,7.86
209342,7.52,3.87,4.22
209378,8.18,2.15,1.85
209417,5.52,5.92,7.63
209452,9.33,2.46,1.93
209484,6.71,-0.08,2.87
209524,11.04,2.32,-0.9
209560,10.07,-0.65,-0.17
209594,7.32,-0.02,3.89
209630,10.18,3.77,-1.34
209669,11.79,2.04,-6.3
209704,9.7,0.04,-1.7
209738,9.17,2.28,0.6
209778,10.1,3.5,-1.83
209814,9.73,1.98,-2.33
209849,5.79,2.85,0.05
209883,13.15,1.74,-0.19
209927,7.91,-5.81,-0.54
209963,7.69,1.87,0.5
209996,9.65,-0.03,-1.34
210034,10.46,-0.29,-1.1
210070,7.6,-1.6,3.67
210106,10.42,-0.2,0.24
210143,10.58,2.71,-4.35
210179,9.22,-2.55,-1.27
210214,9.21,1.44,1.07
210248,11.03,1.53,0.48
210286,9.7,0.3,-0.19
210322,9.3,-0.16,-0.81
210358,11.02,0.52,-2.74
210396,9.36,-0.11,0.1
210430,10.45,0.37,0.11
210471,8.3,-0.72,0.24
210509,7.97,1.25,-0.35
210543,9.28,-0.07,1.43
210579,8.82,1.94,-0.57
210615,7.06,-1.83,-0.3
210652,10.82,-0.26,-0.63
210685,11.85,4.22,0.81
210721,7.94,3.28,0.97
210760,9.0,0.53,1.09
210794,9.33,5.17,1.82
210830,8.26,3.18,1.59
210866,7.89,2.81,1.07
210904,9.72,5.2,1.39
210937,9.19,4.32,0.18
210973,8.38,5.24,1.4
211017,9.25,2.56,-3.16
211053,9.69,2.93,0.57
211086,9.17,5.44,1.94
211122,7.79,5.01,-0.1
211155,9.14,5.05,1.13
211189,9.86,4.3,1.94
211224,9.19,4.51,1.54
211264,8.99,3.27,0.13
211297,9.39,4.2,1.57
211332,8.7,4.94,4.98
211367,8.57,2.64,0.8
211406,8.07,3.72,1.49
211440,8.93,4.18,4.05
211476,9.62,2.86,2.72
211516,10.4,6.24,5.79
211550,8.34,3.33,2.95
211585,8.11,2.03,-0.43
211624,8.8,3.05,1.72
211663,7.56,9.92,-1.02
211697,9.69,2.68,3.65
211732,9.23,3.09,1.17
211771,9.07,3.79,1.06
211807,9.55,5.25,-2.76
211841,9.4,4.96,1.89
211879,8.61,5.34,4.29
211915,10.74,5.0,-1.07
211950,7.46,3.68,0.14
211984,10.65,4.18,-1.85
212024,9.92,5.15,0.52
212060,9.6,5.86,0.06
212093,8.53,4.83,0.42
212133,9.79,4.41,-0.6
212173,8.72,6.23,0.87
212210,7.64,4.63,-0.81
212244,9.73,3.57,-1.86
212282,7.08,7.94,0.23
212319,9.02,3.92,-2.14
212354,10.77,3.0,-0.81
212390,8.37,5.89,2.32
212426,7.04,3.69,-1.26
212462,8.25,3.47,-0.98
212496,9.1,2.64,1.86
212534,9.77,0.32,0.42
212571,8.89,2.81,-0.39
212606,6.6,4.63,-0.04
212644,11.11,1.38,1.77
212680,6.75,2.06,2.82
212716,10.47,3.17,2.77
212758,10.3,1.57,3.09
212792,8.52,3.89,2.83
212828,10.27,-3.87,5.12
212864,4.42,1.61,3.97
212900,9.44,6.11,-1.49
212934,9.81,1.72,1.71
212971,10.35,3.42,1.69
213010,9.47,4.47,-4.74
213044,8.59,1.4,-1.41
213080,8.19,4.4,-1.72
213118,8.19,3.38,-1.76
213154,10.14,4.93,-2.52
213188,8.58,1.73,-1.15
213224,10.08,4.99,-2.55
213264,8.5,4.01,-1.62
213302,8.19,5.01,-2.69
213336,9.52,5.76,-0.96
213374,7.45,5.92,-0.27
213410,6.41,6.24,2.43
213444,9.32,5.2,-0.36
213480,7.24,5.01,1.11
213518,8.11,4.72,0.79
213554,9.39,4.13,0.07
213587,8.49,3.68,0.4
213626,8.15,4.4,2.42
213663,10.23,3.71,0.93
213697,10.7,1.6,0.83
213735,8.09,2.98,-0.66
213771,8.25,1.76,0.59
213807,8.98,3.19,2.08
213841,10.0,4.12,0.63
213884,7.69,-0.05,1.38
213920,8.62,0.59,1.23
213956,9.16,3.71,2.75
213993,10.06,2.92,-0.18
214029,10.24,1.93,-2.02
214065,10.41,3.44,1.12
214098,9.52,3.43,-0.4
214135,7.81,2.17,-1.65
214171,9.17,4.67,0.3
214207,9.26,2.42,-2.48
214244,8.21,4.65,3.2
214280,8.75,6.37,0.82
214316,9.02,4.79,2.68
214350,8.98,6.16,1.11
214387,7.58,3.91,0.08
214427,8.82,3.62,1.7
214463,8.07,5.91,0.69
214500,8.64,-2.16,-5.77
214534,6.43,6.69,0.32
214569,9.89,5.03,-3.31
214608,9.47,4.89,1.2
214642,7.6,3.42,-3.23
214678,8.6,1.11,1.22
214714,9.49,0.14,2.16
214753,9.91,0.92,0.07
214787,8.8,0.03,3.09
214823,10.13,0.4,2.37
214862,9.37,0.13,1.47
214897,9.38,2.52,1.02
214931,9.28,3.39,1.4
214968,8.75,2.81,3.72
215011,8.15,3.03,2.61
215045,11.65,3.38,-1.84
215079,10.11,2.39,2.19
215118,6.18,4.1,-1.25
215153,9.47,2.71,-1.8
215187,13.01,0.56,-9.21
215223,9.05,3.98,1.4
215263,7.95,5.05,-2.24
215297,7.43,3.77,-3.6
215331,10.0,2.74,-0.92
215370,8.48,4.1,-0.13
215406,8.69,3.87,0.01
215441,7.49,4.21,0.27
215480,11.06,2.62,-2.29
215516,9.7,4.16,2.05
215556,7.57,4.59,0.0
215589,7.24,1.01,-1.55
215628,10.27,2.68,-0.98
215663,11.32,3.52,0.46
215697,7.73,2.81,2.28
215734,7.96,2.22,1.31
215770,12.18,4.2,-0.19
215805,10.03,1.32,4.7
215840,8.81,1.69,-5.39
215879,10.07,1.29,3.24
215915,9.64,2.62,2.29
215950,10.05,1.28,2.23
215987,7.56,2.68,2.34
216023,8.67,1.47,1.3
216059,11.7,0.24,1.19
216108,9.18,4.65,1.6
216141,7.49,4.11,1.06
216177,7.65,3.41,1.27
216213,9.49,4.22,2.25
216250,7.95,4.74,5.71
216283,9.97,2.83,-3.67
216320,8.6,5.1,0.78
216358,10.98,5.12,-4.67
216392,5.1,2.38,9.12
216428,6.05,5.37,3.15
216464,8.15,12.8,-3.78
216502,10.78,1.1,-5.81
216536,9.54,4.37,-1.74
216571,7.55,4.77,1.86
216615,8.1,5.49,-5.98
216651,7.56,1.58,-3.12
216684,8.52,5.3,-1.79
216724,5.36,-1.05,-1.78
216760,8.32,3.55,2.19
216794,8.59,5.39,6.52
216828,10.65,4.45,-2.37
216867,9.95,4.93,-0.07
216903,9.68,2.91,-0.66
216937,10.12,5.46,0.51
216976,7.22,0.72,-0.54
217012,7.33,5.05,5.26
217047,8.88,6.88,-1.87
217083,7.38,3.28,-2.69
217120,9.36,7.46,3.57
217156,10.94,10.53,1.17
217194,7.89,4.6,-0.97
217232,5.62,1.16,-1.69
217268,10.01,6.82,-0.65
217304,8.0,5.63,-6.92
217340,5.73,6.53,-1.1
217376,8.72,8.97,6.54
217412,9.09,4.58,-3.68
217446,8.29,4.64,-0.42
217483,8.81,7.32,0.29
217520,6.52,3.64,0.39
217555,7.97,6.33,1.01
217592,8.48,3.95,1.14
217628,9.92,3.37,3.55
217664,9.44,4.24,4.95
217700,8.3,3.56,4.57
217741,10.07,2.15,2.66
217777,4.75,9.01,5.15
217812,7.4,9.97,6.11
217848,8.61,-1.04,-2.69
217882,10.67,2.36,0.43
217919,10.08,3.05,-1.09
217954,6.94,3.26,1.45
217991,8.41,3.52,0.51
218027,9.21,4.86,1.06
218062,9.61,2.36,-0.4
218099,7.82,4.36,-0.95
218133,10.55,3.28,1.61
218170,10.21,2.51,0.43
218206,9.05,3.33,2.82
218243,6.9,5.62,2.5
218278,8.03,3.76,2.84
218318,9.55,2.78,-0.37
218357,7.98,3.22,1.09
218390,7.47,2.75,0.07
218426,8.76,3.09,-0.15
218462,9.68,2.65,3.71
218499,9.99,-0.56,0.13
218532,9.76,0.3,2.53
218569,9.39,1.36,0.02
218608,9.3,2.26,3.7
218642,8.15,1.73,0.64
218678,8.32,3.51,4.34
218714,9.93,0.93,2.02
218745,7.76,2.83,3.58
218780,9.35,0.49,3.54
218817,9.34,2.59,1.87
218856,8.38,2.63,6.27
218894,9.58,0.14,2.11
218929,8.0,2.44,2.42
218963,8.85,0.74,2.31
219001,7.2,3.43,2.57
219034,8.77,1.1,2.84
219070,9.62,0.47,3.92
219109,9.39,0.98,0.35
219143,7.64,1.04,5.65
219177,9.15,0.64,3.16
219213,9.52,-0.2,1.49
219251,10.73,-1.7,3.03
219285,9.5,-1.29,2.58
219322,8.56,0.61,1.69
219362,7.95,-1.76,0.58
219396,11.65,1.62,-3.38
219430,9.79,0.25,0.28
219473,7.53,-4.57,4.42
219509,11.5,-6.53,-1.02
219543,3.53,0.65,2.5
219578,7.97,2.46,-1.9
219617,8.96,-0.63,-3.35
219653,11.02,3.14,-3.43
219686,9.52,0.36,-2.3
219725,10.68,4.37,-2.0
219761,10.71,2.76,-4.91
219796,10.67,3.78,-3.68
219833,8.8,2.65,-6.44
219870,9.72,-1.29,-2.99
219906,6.75,4.1,-3.76
219939,10.64,1.79,-0.54
219981,10.02,-0.64,-1.42
220017,4.54,0.55,6.58
220053,9.26,3.02,-1.48
220090,8.47,1.03,-2.53
220126,8.34,-1.36,-0.55
220162,7.37,0.66,0.72
220198,9.18,3.87,0.23
220232,6.49,3.06,-1.46
220268,7.79,1.12,0.77
220304,7.64,2.96,2.35
220341,6.72,1.54,2.39
220377,7.04,1.59,2.52
220412,4.65,0.49,2.98
220450,6.98,0.3,7.25
220484,7.78,0.36,4.97
220520,5.86,-0.2,10.28
220557,6.74,-4.94,10.19
220598,4.78,-0.03,7.03
220632,3.89,-0.77,8.71
220667,2.83,1.64,11.41
220706,1.83,-1.72,9.23
220739,1.15,-2.91,8.47
220775,0.88,-2.84,10.34
220811,2.23,-0.8,10.49
220848,0.37,-1.95,9.92
220881,-0.87,-1.32,11.32
220918,-0.55,-2.16,10.8
220957,0.26,-2.73,11.2
220991,-0.05,-2.01,10.89
221027,-1.24,1.03,5.96
221063,-2.01,-6.62,18.06
221101,-0.1,0.52,7.94
221139,-1.05,-2.53,5.69
221175,6.23,6.68,15.46
221214,1.3,1.61,11.23
221249,-0.25,1.23,11.38
221283,-1.2,2.11,10.63
221319,-0.67,-0.45,9.6
221358,-0.78,-0.32,10.62
221391,0.22,0.57,10.37
221426,-0.62,-1.22,9.28
221465,1.24,1.49,11.11
221501,-1.46,-1.13,10.6
221535,-0.68,-0.74,10.73
221572,0.54,-1.5,7.4
221611,1.88,2.66,10.0
221645,-0.95,-1.04,10.09
221679,0.22,0.83,5.55
221722,-0.45,-0.95,7.85
221759,-0.13,0.93,9.96
221795,-0.16,0.84,9.97
221829,-0.15,0.73,9.82
221867,-0.14,0.81,9.9
221902,-0.23,0.79,10.08
221937,-0.15,0.73,9.88
221975,-0.2,0.67,9.78
222011,-0.19,0.69,9.83
222047,-0.12,0.8,9.83
222081,-0.22,0.7,9.79
222119,-0.17,0.67,9.79
222155,-0.15,0.75,9.77
222191,-0.15,0.71,9.78
222227,-0.19,0.69,9.79
222270,-0.14,0.74,9.85
222306,-0.17,0.7,9.82
222341,-0.21,0.72,9.8
222380,-0.14,0.73,9.79
222415,-0.18,0.71,9.84
222450,-0.18,0.71,9.8
222484,-0.16,0.73,9.79
222523,-0.17,0.73,9.82
222559,-0.17,0.72,9.78
222594,-0.18,0.71,9.82
222628,-0.16,0.72,9.78
222667,-0.16,0.72,9.83
222702,-0.16,0.7,9.83
222737,-0.2,0.72,9.81
222776,-0.16,0.69,9.79
222812,-0.16,0.73,9.84
222852,-0.18,0.72,9.83
222886,-0.17,0.7,9.85
222924,-0.2,0.71,9.77
222960,-0.15,0.74,9.84
222996,-0.22,0.57,9.8
223033,-0.19,0.72,9.84
223069,-0.16,0.7,9.79
223105,-0.19,0.72,9.84
223139,-0.18,0.71,9.8
223178,-0.15,0.71,9.78
223213,-0.18,0.68,9.77
223249,-0.18,0.7,9.84
223283,-0.15,0.7,9.81
223322,-0.18,0.72,9.83
223358,-0.17,0.74,9.81
223394,-0.17,0.69,9.82
223435,-0.16,0.7,9.83
223471,-0.15,0.71,9.82
223506,-0.19,0.7,9.81
223542,-0.18,0.7,9.8
223579,-0.18,0.69,9.79
223616,-0.17,0.7,9.79
223650,-0.16,0.7,9.78
223685,-0.19,0.7,9.78
223724,-0.16,0.7,9.88
223760,-0.18,0.7,9.85
223796,-0.15,0.73,9.81
223834,-0.18,0.72,9.81
223870,-0.17,0.7,9.81
223906,-0.18,0.71,9.81
223942,-0.16,0.7,9.78
223984,-0.15,0.7,9.79
224020,-0.17,0.72,9.77
224056,-0.16,0.69,9.82
224095,-0.18,0.7,9.82
224129,-0.18,0.7,9.77
224164,-0.17,0.71,9.79
224200,-0.17,0.71,9.82
224246,-0.17,0.69,9.81
224281,-0.17,0.71,9.78
224317,-0.15,0.71,9.81
224353,-0.19,0.69,9.82
224393,-0.19,0.71,9.88
224428,-0.15,0.71,9.82
224463,-0.17,0.7,9.85
224506,-0.17,0.7,9.82
224542,-0.17,0.68,9.82
224577,-0.15,0.74,9.79
224612,-0.19,0.71,9.79
224651,-0.2,0.69,9.84
224687,-0.15,0.73,9.79
224722,-0.16,0.72,9.82
224758,-0.18,0.69,9.79
224797,-0.17,0.73,9.86
224831,-0.14,0.76,9.75
224868,-0.19,0.68,9.81
224907,-0.26,0.61,9.88
224943,-0.01,0.9,9.74
224977,-0.22,0.7,9.79
225013,-0.31,0.49,9.8
225053,-0.07,0.81,9.79
225093,-0.16,0.76,9.84
225127,-0.24,0.59,9.83
225166,-0.12,0.76,9.78
225201,-0.15,0.75,9.81
225235,-0.18,0.65,9.82
225271,-0.18,0.7,9.82
225309,-0.18,0.71,9.83
225345,-0.16,0.72,9.82
225379,-0.17,0.72,9.79
225416,-0.17,0.72,9.88
225454,-0.16,0.7,9.78
225489,-0.16,0.69,9.88
225525,-0.15,0.71,9.81
225564,-0.18,0.69,9.77
225599,-0.12,0.72,9.83
225634,-0.18,0.71,9.78
225673,-0.18,0.67,9.82
225712,-0.15,0.71,9.77
225747,-0.21,0.7,10.0
225781,-0.21,0.65,9.75
225820,-0.19,0.71,9.7
225856,-0.15,0.71,9.77
225892,-0.18,0.7,9.83
225926,-0.17,0.7,9.75
225965,-0.18,0.71,9.81
225999,-0.17,0.72,9.84
226035,-0.18,0.71,9.79
226071,-0.15,0.73,9.78
226110,-0.17,0.7,9.82
226147,-0.12,0.74,9.8
226181,-0.16,0.71,9.78
226225,-0.17,0.69,9.78
226260,-0.16,0.72,9.83
226295,-0.16,0.7,9.8
226330,-0.18,0.69,9.81
226369,-0.15,0.71,9.8
226405,-0.18,0.72,9.83
226441,-0.14,0.73,9.82
226476,-0.15,0.71,9.82
226514,-0.17,0.68,9.82
226550,-0.15,0.71,9.83
226585,-0.19,0.71,9.83
226624,-0.17,0.72,9.8
226660,-0.16,0.71,9.82
226696,-0.17,0.73,9.82
226731,-0.15,0.71,9.79
226769,-0.14,0.71,9.79
226809,-0.17,0.72,9.85
226845,-0.16,0.7,9.82
226879,-0.18,0.69,9.8
226918,-0.19,0.69,9.79
226954,-0.11,0.69,9.91
226990,-0.19,0.76,9.73
227027,-0.12,0.7,9.8
227063,-0.17,0.73,9.85
227099,-0.15,0.68,9.81
227134,-0.19,0.7,9.76
227173,-0.15,0.73,9.8
227209,-0.17,0.7,9.81
227245,-0.18,0.7,9.82
227282,-0.13,0.73,9.77
227318,-0.19,0.69,9.85
227355,-0.16,0.73,9.82
227395,-0.11,0.71,9.79
227432,-0.18,0.7,9.79
227468,-0.18,0.71,9.78
227504,-0.11,0.75,9.84
227539,-0.17,0.73,9.77
227577,-0.18,0.71,9.78
227613,-0.15,0.71,9.83
227649,-0.16,0.7,9.81
227687,-0.19,0.72,9.8
227723,-0.17,0.75,9.77
227759,-0.16,0.73,9.83
227794,-0.16,0.71,9.81
227832,-0.12,0.71,9.8
227868,-0.17,0.69,9.83
227905,-0.18,0.72,9.8
227941,-0.17,0.72,9.81
227983,-0.16,0.7,9.79
228019,-0.17,0.73,9.79
228055,-0.16,0.69,9.82
228092,-0.19,0.69,9.81
228127,-0.15,0.73,9.79
228163,-0.15,0.71,9.81
228199,-0.17,0.68,9.83
228237,-0.16,0.7,9.79
228273,-0.16,0.75,9.8
228308,-0.18,0.68,9.82
228344,-0.16,0.69,9.85
228382,-0.15,0.72,9.83
228418,-0.16,0.7,9.83
228454,-0.18,0.73,9.8
228493,-0.16,0.73,9.77
228532,-0.18,0.7,9.79
228568,-0.15,0.69,9.81
228603,-0.15,0.69,9.85
228642,-0.18,0.71,9.8
228676,-0.18,0.72,9.81
228712,-0.16,0.73,9.83
228751,-0.16,0.69,9.84
228787,-0.17,0.66,9.79
228823,-0.15,0.72,9.8
228858,-0.17,0.74,9.81
228897,-0.16,0.7,9.85
228932,-0.17,0.73,9.94
228969,-0.13,0.69,9.75
229005,-0.16,0.7,9.84
229044,-0.13,0.73,9.82
229079,-0.16,0.71,9.79
229118,-0.19,0.7,9.86
229157,-0.14,0.77,9.73
229193,-0.2,0.72,9.73
229227,-0.16,0.73,9.82
229263,-0.13,0.7,9.76
229302,-0.19,0.65,9.95
229338,-0.13,0.73,9.85
229373,-0.15,0.71,9.79
229408,-0.19,0.72,9.82
229448,-0.11,0.7,9.77
229482,-0.16,0.74,9.81
229518,-0.17,0.69,9.84
229557,-0.19,0.73,9.81
229594,-0.14,0.71,9.82
229627,-0.15,0.71,9.77
229664,-0.17,0.71,9.77
229706,-0.1,0.7,9.77
229743,-0.19,0.7,9.78
229776,-0.21,0.71,9.93
229813,-0.07,0.7,9.95
229852,-0.15,0.71,9.71
229888,-0.2,0.67,9.8
229922,-0.19,0.76,9.77
229961,-0.18,0.75,9.85
229997,-0.14,0.74,9.82
230032,-0.15,0.67,9.88
230068,-0.16,0.64,9.88
230107,-0.16,0.71,9.82
230142,-0.19,0.76,9.84
230177,-0.15,0.75,9.8
230216,-0.16,0.72,9.84
230257,-0.17,0.67,9.84
230293,-0.13,0.7,9.84
230327,-0.16,0.74,9.77
230366,-0.19,0.71,9.85
230402,-0.17,0.74,9.81
230437,-0.19,0.7,9.8
230473,-0.14,0.68,9.8
230511,-0.16,0.7,9.8
230548,-0.15,0.69,9.81
230582,-0.14,0.71,9.75
230621,-0.15,0.72,9.79
230657,-0.19,0.69,9.79
230693,-0.14,0.73,9.8
230727,-0.15,0.71,9.82
230766,-0.15,0.71,9.79
230803,-0.16,0.7,9.8
230843,-0.15,0.7,9.78
230877,-0.14,0.74,9.67
230916,-0.17,0.75,9.79
230951,-0.2,0.73,9.78
230987,-0.14,0.75,9.92
231025,-0.18,0.73,9.92
231061,-0.19,0.66,9.89
231097,-0.11,0.92,10.06
231132,-0.08,0.2,9.49
231171,-1.09,1.24,11.74
231207,0.9,1.18,8.53
231241,0.35,5.35,7.97
231279,-4.49,8.59,4.89
231315,-5.37,5.03,13.81
231352,-3.9,8.77,10.04
231386,-4.1,8.28,5.28
231430,-4.08,7.14,4.24
231465,-2.35,10.61,3.75
231501,-2.51,10.37,1.44
231538,-2.64,8.83,-0.74
231573,-5.01,9.22,1.41
231609,-2.71,11.23,3.16
231645,-2.73,6.81,2.31
231682,1.33,10.11,-2.95
231717,0.92,8.89,-2.61
231754,0.97,9.63,-0.88
231791,0.42,8.69,0.01
231825,-0.45,8.46,-1.58
231861,0.26,9.56,-2.09
231898,0.54,10.78,-2.05
231934,-0.23,10.5,-1.66
231974,0.76,12.33,-1.43
232010,1.17,11.59,0.34
232049,0.75,11.52,-1.99
232083,-1.69,9.36,0.64
232119,-1.36,9.61,3.36
232159,0.0,10.77,0.09
232192,0.17,9.47,-4.84
232225,1.73,10.66,0.04
232262,0.05,8.57,3.22
232300,0.95,10.23,0.35
232334,0.51,9.51,-0.36
232370,0.44,10.12,0.1
232409,0.86,10.01,-0.22
232443,0.9,10.08,0.95
232477,1.13,10.13,-1.49
232514,0.5,10.59,-0.59
232557,-0.1,9.78,1.28
232590,-0.21,10.84,0.69
232625,-1.18,8.61,0.57
232673,1.49,11.43,2.68
232709,-0.13,12.07,5.41
232742,-0.64,10.31,-2.47
232776,0.23,9.45,-3.97
232815,-0.23,9.33,-2.29
232852,-1.8,10.44,5.86
232886,0.84,9.56,2.39
232925,-0.9,8.49,0.9
232961,-1.06,9.53,-0.42
232996,-2.13,10.9,2.18
233030,-2.13,13.26,4.13
233073,-0.79,12.34,-0.34
233109,-0.73,10.49,0.45
233143,-0.05,6.41,-2.25
233180,-0.7,9.87,-4.64
233216,1.12,11.41,-4.17
233252,0.93,10.89,1.13
233289,-2.65,9.99,0.43
233324,1.32,10.49,-5.88
233360,1.13,11.18,-1.76
233396,-0.78,11.66,-0.17
233434,0.45,8.74,-3.02
233469,3.4,10.02,-1.5
233505,2.57,12.4,0.76
233542,3.26,10.71,-7.73
233577,-1.92,7.1,-6.78
233617,-0.69,11.39,2.32
233653,1.46,12.0,-1.07
233690,1.44,10.27,-0.43
233724,0.8,8.62,0.27
233760,3.62,9.68,2.19
233798,3.48,9.57,-5.68
233832,0.49,11.65,-1.68
233868,-0.73,4.54,2.59
233905,4.23,10.09,-5.48
233942,5.19,13.01,-1.98
233975,4.41,11.22,-4.62
234012,1.1,8.9,-2.42
234051,1.47,11.55,0.8
234085,1.7,10.56,1.33
234121,2.97,14.44,-2.79
234165,-0.79,6.95,-0.31
234201,0.39,9.8,-0.62
234234,0.32,5.93,-2.09
234270,1.77,10.04,2.36
234309,0.28,7.71,2.78
234345,2.48,9.28,2.78
234379,-1.79,10.4,2.15
234418,-0.15,8.75,1.72
234455,-2.44,10.13,3.01
234488,-3.98,13.1,-0.74
234523,-2.45,15.75,1.12
234562,-1.74,13.93,3.84
234598,-0.45,12.05,7.63
234632,-4.02,8.32,7.84
234672,3.19,3.42,-10.05
234707,3.26,9.41,0.47
234747,2.22,13.8,9.41
234780,-4.74,11.68,3.53
234819,-2.59,9.51,-0.65
234855,0.94,8.67,2.0
234889,-0.07,11.88,-8.87
234927,-4.4,13.35,-0.5
234962,-2.62,8.04,5.63
234998,-3.09,10.87,10.56
235035,-1.39,12.02,3.47
235072,0.56,13.32,-0.29
235108,3.29,7.24,-12.34
235143,-2.98,7.27,-6.14
235181,-9.25,11.88,2.27
235216,-3.81,12.07,6.69
235253,-0.16,11.15,5.34
235294,-0.03,11.62,-3.62
235328,-0.6,13.2,-1.99
235364,-2.45,8.02,-3.72
235400,-2.29,9.7,3.61
235437,-3.5,8.2,-0.19
235472,-3.21,9.3,1.06
235508,-4.16,6.2,5.74
235546,0.49,12.11,-14.75
235580,-2.14,12.8,-0.62
235616,-4.65,9.53,-2.33
235656,-3.37,10.53,10.43
235689,-1.84,12.1,-1.4
235724,1.5,9.91,-5.82
235760,-0.5,5.86,-5.66
235799,1.09,11.71,3.32
235834,2.41,11.96,-4.02
235874,-0.46,7.84,-2.34
235913,-3.27,9.52,-1.12
235949,3.84,5.4,-14.01
235982,-0.66,16.01,-0.97
236018,-0.3,12.99,7.46
236057,-4.01,7.17,-4.82
236092,-1.3,9.04,-6.39
236126,0.58,11.72,-2.58
236165,0.27,12.5,4.57
236201,2.31,8.26,-7.01
236235,0.2,7.91,-6.33
236271,0.77,8.56,0.91
236310,1.0,8.21,0.4
236346,0.44,10.19,1.33
236380,1.29,10.98,-0.94
236424,-0.88,7.4,1.89
236460,-0.69,10.11,-4.25
236494,2.92,8.99,0.06
236528,-1.26,13.09,4.05
236567,1.39,11.45,-0.75
236603,-1.58,11.13,1.47
236638,0.04,9.5,2.54
236676,-1.23,13.3,-0.53
236711,0.22,11.74,1.25
236747,1.14,9.61,-2.44
236781,1.37,11.12,0.98
236821,0.12,10.01,-1.08
236857,-0.81,8.85,-3.46
236891,1.3,8.69,-0.67
236928,1.95,9.91,-0.13
236964,2.79,11.16,-6.15
237004,1.3,10.55,-5.62
237038,-1.22,11.23,-1.96
237076,-2.37,10.04,-2.27
237112,-1.59,7.67,0.6
237148,-0.5,16.36,17.4
237185,5.06,10.05,-6.25
237220,-0.11,8.31,-0.81
237256,-1.63,5.97,-11.76
237294,-4.12,8.52,0.37
237328,-1.51,12.28,-0.27
237364,-1.89,13.16,3.97
237401,-0.8,13.19,7.8
237438,-3.77,13.08,5.7
237472,-3.04,9.04,2.55
237509,-0.55,6.13,-8.65
237552,0.09,16.27,3.75
237586,-2.94,9.78,10.3
237621,-5.09,8.53,0.51
237657,-1.87,7.44,-5.35
237696,-1.46,7.2,5.09
237729,-1.35,10.71,-0.61
237765,0.76,12.58,-4.6
237804,-2.26,7.44,-6.43
237839,-3.27,13.99,-1.06
237873,-4.79,11.81,5.14
237910,-3.41,9.87,6.2
237948,-0.85,9.89,0.31
237983,-1.42,8.85,-2.39
238019,-0.33,11.95,-2.9
238059,-0.95,9.1,-3.17
238095,-2.77,8.11,-2.86
238134,-2.91,14.48,3.12
238172,0.34,10.08,-1.02
238208,-3.83,6.2,-4.74
238244,-3.14,13.02,-1.94
238278,-1.88,12.22,1.22
238317,-0.9,10.54,-0.49
238354,-2.1,11.91,1.45
238388,-1.12,8.62,0.6
238426,0.62,11.12,0.47
238619,-2.81,10.81,-1.78
238656,-6.87,7.95,-0.17
238692,-4.16,10.58,0.0
238728,0.09,8.05,-3.9
238765,-1.73,12.26,1.9
238800,-3.46,9.56,-2.17
238837,-3.6,7.82,-4.36
238872,-7.18,7.95,-2.56
238908,-1.93,9.53,2.3
238947,-0.52,14.12,3.83
238981,-1.39,6.08,-9.22
239016,-5.1,9.42,-2.68
239053,-1.84,12.6,3.22
239090,-3.62,10.94,1.95
239124,-2.51,10.42,-2.55
239160,-2.49,12.28,-11.36
239204,-5.87,11.16,3.1
239238,-2.93,8.31,3.99
239272,-0.18,10.69,-2.8
239307,0.13,11.14,-4.61
239346,-0.09,10.96,-4.75
239380,-0.45,6.05,-5.38
239416,-1.57,9.71,-0.85
239455,-0.55,10.99,1.37
239490,-0.52,11.45,2.16
239523,-1.08,10.53,0.63
239559,-1.47,7.98,-2.62
239599,-0.44,8.82,-2.7
239633,-0.74,9.91,1.78
239669,-2.1,12.38,4.41
239708,0.91,12.41,-1.2
239744,0.5,11.33,-6.69
239782,-0.81,8.34,0.0
239821,1.72,12.11,-0.77
239856,-3.4,10.99,-3.29
239891,-1.52,7.62,1.26
239925,-2.11,10.52,-0.67
239965,-1.45,11.73,2.31
240001,0.83,12.73,-0.27
240034,-1.66,10.29,2.21
240073,-2.27,8.65,3.0
240109,0.39,10.88,-3.07
240145,-1.97,11.08,-0.04
240179,0.99,9.85,-2.46
240219,-0.85,9.01,1.31
240254,0.42,9.16,0.36
240288,-2.77,11.44,3.58
240329,0.44,11.39,-6.06
240365,-0.42,10.55,-4.95
240402,-3.55,8.57,2.7
240436,-5.59,10.85,4.33
240474,-2.25,9.16,1.15
240509,-1.01,12.23,6.04
240545,-1.12,10.58,-2.89
240582,-1.84,7.17,-11.58
240618,-4.34,10.17,7.85
240654,-1.53,10.6,7.87
240691,-1.39,8.61,-1.23
240726,-1.99,7.85,-1.57
240761,-2.2,11.98,5.66
240798,-3.57,10.42,-2.65
240848,-0.43,11.76,4.57
240882,-0.24,8.21,2.82
240918,-3.84,10.28,2.64
240957,-6.18,10.7,2.89
240993,-4.4,11.32,10.69
241027,-4.04,5.74,6.55
241062,-2.56,10.58,2.41
241101,-0.85,10.64,1.99
241135,-1.88,10.09,4.23
241170,-2.12,8.79,4.66
241209,-0.65,10.8,1.52
241245,-0.56,9.12,-5.88
241280,0.73,8.01,3.32
241315,-2.77,13.49,3.93
241355,-3.52,8.53,3.77
241390,0.41,6.65,1.35
241428,0.55,10.3,-0.05
241467,-0.2,10.74,2.53
241503,0.1,11.91,2.34
241537,2.57,9.55,-4.14
241571,0.33,14.29,-1.42
241610,-2.18,11.41,6.04
241646,-1.54,13.42,3.21
241681,0.65,4.15,-4.92
241720,-3.39,9.81,-4.31
241756,-4.89,13.81,-0.33
241792,-1.9,11.29,11.0
241828,-0.86,8.95,0.3
241864,-1.62,10.63,0.19
241900,-1.6,10.52,-0.86
241935,-1.23,8.38,5.39
241977,-2.63,11.42,-1.53
242014,-3.22,9.73,-0.07
242050,-2.33,9.17,2.53
242086,-2.84,9.4,1.64
242121,-2.54,10.89,1.58
242157,-3.38,8.9,-1.58
242192,-2.79,8.9,-1.42
242229,-1.26,12.3,-1.86
242265,-1.41,11.37,-2.56
242301,-3.08,11.97,-1.67
242338,-2.82,8.63,-0.77
242372,-0.77,7.42,-0.93
242409,0.23,9.98,1.3
242445,-0.05,9.37,-1.1
242482,1.47,10.93,-6.84
242518,0.25,11.18,0.3
242557,0.24,11.56,3.67
242596,-0.02,11.58,0.66
242629,0.5,10.15,-2.42
242665,-0.73,9.89,-6.84
242705,1.36,8.62,0.39
242740,2.26,11.66,-5.33
242774,-0.07,11.24,-1.53
242810,-0.37,11.91,3.63
242849,1.38,9.98,0.21
242883,1.89,9.07,-4.84
242919,2.84,8.34,-4.81
242958,1.32,9.95,3.22
242993,2.34,10.14,-2.07
243027,1.97,9.3,-4.45
243063,2.38,11.0,-2.3
243107,-1.63,9.5,-2.13
243143,1.41,9.89,-3.72
243176,1.37,9.62,2.92
243216,1.37,11.72,4.12
243252,-0.01,10.72,0.47
243286,-1.11,11.62,-2.96
243320,0.21,10.48,-4.09
243359,-0.37,11.4,2.89
243395,-2.03,8.93,1.28
243429,-1.21,8.15,-1.78
243468,-0.1,13.05,-0.75
243505,1.33,10.34,1.64
243538,-0.31,9.61,1.43
243572,1.93,10.43,-4.71
243612,2.95,7.93,-4.69
243649,-1.8,11.61,2.11
243687,-6.3,14.13,5.8
243724,0.55,9.7,2.21
243760,1.11,8.51,4.12
243795,2.26,10.94,-1.96
243829,1.24,10.66,-4.27
243862,0.91,11.56,-0.51
243899,0.87,12.31,4.52
243933,1.4,11.78,0.98
243972,0.52,10.11,-1.59
244007,1.16,7.98,-2.12
244043,0.11,9.12,2.27
244080,0.81,12.31,-1.92
244117,-0.93,7.18,-5.81
244153,-1.58,10.89,2.24
244188,-1.78,10.19,3.32
244225,-0.44,7.43,2.51
244265,1.22,13.71,-2.55
244301,-0.4,11.84,-0.51
244338,-0.62,9.65,-0.27
244371,-1.28,10.63,2.37
244408,-0.91,11.39,4.62
244444,0.49,11.03,-2.59
244480,-0.63,10.52,-0.08
244516,-1.49,11.13,2.58
244552,-0.01,8.61,1.66
244589,2.99,14.26,-10.13
244623,1.37,5.87,-7.48
244660,-1.05,12.58,-2.4
244696,-4.12,10.63,0.39
244732,-4.24,-2.52,6.59
244768,1.07,12.92,-4.66
244807,0.53,13.2,3.48
244846,-1.85,8.48,4.75
244880,-0.72,8.8,-6.33
244916,1.53,10.1,-1.64
244955,-1.32,10.87,0.44
244990,-0.91,10.17,-3.79
245024,-1.92,10.08,-3.45
245061,-1.97,12.02,0.34
245100,-1.22,10.64,0.8
245135,-0.15,10.54,-0.72
245170,0.79,9.36,-5.5
245209,-0.2,11.11,-0.22
245245,-1.2,9.7,0.94
245279,-1.8,7.91,-2.59
245315,0.07,9.58,-2.12
245354,-0.48,10.85,2.87
245394,-2.36,7.4,4.56
245428,-3.31,8.71,2.46
245467,-3.94,8.69,0.38
245502,-4.82,6.44,0.44
245536,-3.53,7.27,0.68
245573,-1.42,7.37,0.91
245609,0.67,9.87,-0.63
245646,-0.7,7.11,6.89
245680,-0.23,6.79,0.73
245719,-2.58,3.44,8.25
245754,-2.77,7.04,18.39
245789,-0.66,6.31,8.52
245827,-0.84,1.62,8.76
245863,-2.03,-0.02,17.41
245900,-0.33,5.27,11.2
245934,1.38,3.5,10.02
245976,1.29,-1.66,8.11
246012,-1.38,1.34,12.43
246048,0.57,3.73,10.34
246085,-2.25,0.26,0.25
246120,-5.47,-6.98,-7.53
246156,3.83,5.98,8.56
246195,-0.36,3.82,9.29
246228,-3.67,0.22,12.38
246264,0.57,4.76,10.82
246300,0.0,2.65,9.32
246338,0.29,4.23,9.23
246372,-1.68,2.48,10.17
246409,0.22,2.23,9.33
246445,0.0,2.39,9.37
246475,-0.93,2.3,10.6
246512,-0.4,3.87,13.57
246553,-0.12,0.74,9.71
246592,-0.2,0.55,9.61
246627,-0.22,0.7,9.8
246662,-0.23,0.7,9.77
246697,-0.22,0.68,9.77
246736,-0.21,0.7,9.84
246770,-0.19,0.69,9.8
246805,-0.2,0.67,9.82
246843,-0.18,0.7,9.74
246878,-0.18,0.6,9.65
246914,-0.19,0.68,9.76
246950,-0.22,0.67,9.79
246988,-0.19,0.69,9.82
247023,-0.2,0.68,9.83
247059,-0.2,0.67,9.86
247102,-0.19,0.62,9.7
247138,-0.19,0.64,9.72
247172,-0.21,0.68,9.84
247207,-0.2,0.7,9.81
247245,-0.22,0.68,9.84
247281,-0.19,0.67,9.78
247317,-0.21,0.66,9.78
247353,-0.21,0.67,9.79
247391,-0.2,0.68,9.81
247426,-0.18,0.7,9.8
247460,-0.21,0.69,9.8
247499,-0.18,0.67,9.83
247535,-0.18,0.64,9.8
247570,-0.21,0.66,9.86
247606,-0.19,0.7,9.79
247645,-0.18,0.68,9.87
247685,-0.22,0.68,9.83
247718,-0.19,0.68,9.8
247754,-0.2,0.67,9.76
247793,-0.22,0.64,9.81
247827,-0.17,0.7,9.81
247863,-0.19,0.67,9.78
247901,-0.22,0.68,9.81
247937,-0.22,0.65,9.79
247970,-0.18,0.66,9.77
248007,-0.22,0.63,9.79
248046,-0.21,0.67,9.81
248081,-0.18,0.7,9.8
248117,-0.2,0.68,9.81
248156,-0.21,0.67,9.79
248192,-0.21,0.66,9.79
248226,-0.22,0.65,9.81
248266,-0.19,0.66,9.79
248305,-0.19,0.69,9.81
248341,-0.2,0.68,9.8
248375,-0.2,0.67,9.78
248412,-0.2,0.67,9.81
248451,-0.2,0.66,9.81
248486,-0.21,0.68,9.8
248520,-0.18,0.67,9.8
248560,-0.2,0.68,9.83
248596,-0.2,0.67,9.8
248632,-0.2,0.69,9.8
248667,-0.22,0.68,9.78
248707,-0.21,0.68,9.81
248742,-0.2,0.67,9.83
248777,-0.22,0.67,9.83
248813,-0.21,0.66,9.81
248857,-0.17,0.68,9.81
248892,-0.21,0.66,9.81
248928,-0.2,0.69,9.82
248975,-0.2,0.67,9.79
249012,-0.2,0.67,9.81
249048,-0.2,0.69,9.79
249083,-0.19,0.68,9.81
249120,-0.18,0.65,9.78
249157,-0.2,0.68,9.79
249193,-0.2,0.65,9.77
249232,-0.22,0.69,9.8
249267,-0.2,0.68,9.77
249303,-0.2,0.65,9.82
249339,-0.2,0.7,9.82
249380,-0.21,0.67,9.8
249416,-0.21,0.67,9.78
249452,-0.2,0.67,9.9
249488,-0.2,0.67,9.78
249526,-0.21,0.67,9.78
249562,-0.22,0.69,9.81
249597,-0.22,0.68,9.83
249636,-0.17,0.68,9.8
249670,-0.22,0.69,9.78
249706,-0.19,0.67,9.78
249742,-0.18,0.67,9.82
249780,-0.23,0.65,9.84
249817,-0.19,0.67,9.79
249852,-0.19,0.67,9.79
249888,-0.2,0.67,9.8
249930,-0.19,0.69,9.8
249966,-0.2,0.69,9.8
250001,-0.21,0.64,9.83
250041,-0.18,0.7,9.82
250075,-0.21,0.65,9.8
250110,-0.21,0.65,9.8
250146,-0.2,0.7,9.8
250185,-0.2,0.66,9.83
250219,-0.2,0.65,9.77
250256,-0.18,0.68,9.77
250295,-0.2,0.65,9.79
250331,-0.22,0.68,9.78
250366,-0.18,0.69,9.77
250402,-0.19,0.68,9.87
250441,-0.19,0.66,9.81
250477,-0.21,0.67,9.8
250517,-0.19,0.68,9.77
250553,-0.19,0.7,9.85
250592,-0.18,0.68,9.81
250627,-0.23,0.66,9.8
250662,-0.2,0.66,9.81
250701,-0.2,0.69,9.82
250737,-0.21,0.68,9.78
250772,-0.22,0.71,9.79
250808,-0.18,0.69,9.8
250847,-0.22,0.66,9.8
250883,-0.21,0.63,9.79
250917,-0.2,0.67,9.77
250953,-0.21,0.66,9.8
250992,-0.21,0.68,9.83
251029,-0.17,0.68,9.8
251065,-0.24,0.66,9.79
251108,-0.21,0.69,9.83
251144,-0.2,0.66,9.81
251180,-0.22,0.65,9.83
251214,-0.19,0.66,9.79
251253,-0.19,0.68,9.8
251289,-0.22,0.68,9.79
251324,-0.23,0.72,9.75
251363,-0.21,0.68,9.82
251399,-0.21,0.66,9.79
251436,-0.21,0.65,9.8
251469,-0.2,0.66,9.73
251508,-0.19,0.7,9.79
251545,-0.23,0.67,9.81
251581,-0.18,0.67,9.82
251616,-0.21,0.68,9.77
251660,-0.22,0.67,9.78
251696,-0.19,0.71,9.81
251730,-0.22,0.7,9.76
251769,-0.21,0.66,9.78
251805,-0.19,0.66,9.77
251841,-0.21,0.66,9.81
251876,-0.21,0.7,9.8
251914,-0.17,0.67,9.78
251951,-0.18,0.67,9.82
251986,-0.23,0.66,9.83
252021,-0.18,0.65,9.78
252060,-0.17,0.68,9.81
252096,-0.23,0.67,9.8
252133,-0.22,0.66,9.82
252171,-0.19,0.7,9.78
252207,-0.18,0.7,9.86
252247,-0.18,0.67,9.8
252282,-0.2,0.68,9.86
252319,-0.2,0.67,9.78
252355,-0.23,0.68,9.81
252391,-0.21,0.67,9.82
252430,-0.2,0.64,9.81
252465,-0.19,0.66,9.8
252500,-0.21,0.67,9.8
252537,-0.22,0.7,9.82
252574,-0.18,0.67,9.78
252610,-0.21,0.69,9.84
252647,-0.19,0.67,9.81
252683,-0.18,0.67,9.81
252721,-0.23,0.67,9.77
252756,-0.2,0.69,9.84
252792,-0.2,0.7,9.79
252836,-0.21,0.66,9.8
252870,-0.17,0.68,9.79
252906,-0.27,0.68,9.84
252942,-0.21,0.69,9.86
252980,-0.21,0.71,9.8
253016,-0.27,0.66,9.84
253051,-0.19,0.7,9.81
253087,-0.16,0.69,9.74
253124,-0.24,0.64,9.79
253160,-0.17,0.65,9.79
253197,-0.2,0.7,9.81
253236,-0.24,0.65,9.81
253271,-0.18,0.72,9.81
253306,-0.21,0.68,9.8
253342,-0.21,0.65,9.82
253386,-0.2,0.66,9.81
253420,-0.22,0.67,9.8
253457,-0.17,0.62,9.59
253495,-0.19,0.73,9.63
253531,-0.18,0.65,9.77
253565,-0.18,0.67,9.73
253601,-0.22,0.57,9.64
253640,-0.2,0.69,9.8
253676,-0.17,0.67,9.79
253712,-0.22,0.69,9.78
253748,-0.19,0.64,9.78
253787,-0.21,0.66,9.86
253821,-0.22,0.69,9.79
253857,-0.23,0.69,9.77
253897,-0.2,0.68,9.81
253933,-0.21,0.7,9.8
253972,-0.21,0.67,9.78
254008,-0.21,0.67,9.77
254047,-0.21,0.69,9.83
254082,-0.2,0.67,9.79
254116,-0.22,0.69,9.82
254152,-0.18,0.67,9.82
254191,-0.2,0.66,9.81
254226,-0.2,0.7,9.76
254262,-0.24,0.69,9.79
254302,-0.17,0.68,9.78
254338,-0.2,0.65,9.82
254371,-0.21,0.67,9.76
254408,-0.17,0.69,9.8
254447,-0.21,0.68,9.8
254483,-0.21,0.66,9.81
254518,-0.18,0.68,9.8
254562,-0.21,0.67,9.79
254598,-0.19,0.69,9.82
254633,-0.21,0.69,9.82
254667,-0.19,0.65,9.79
254706,-0.25,0.61,9.87
254742,-0.19,0.76,9.91
254778,-0.17,0.63,9.7
254814,-0.2,0.68,9.77
254853,-0.23,0.66,9.85
254888,-0.18,0.6,9.67
254923,-0.27,0.67,9.75
254963,-3.56,-1.72,9.16
254999,-1.23,-1.15,8.33
255034,2.23,1.8,9.89
255068,-4.42,-7.58,8.49
255112,-1.98,5.04,16.2
255148,0.67,1.63,10.37
255181,4.09,2.27,8.71
255219,3.43,5.5,9.15
255255,3.96,2.01,9.93
255291,3.22,1.49,10.31
255325,12.04,1.33,-6.49
255364,7.95,4.36,8.85
255399,6.86,3.93,10.24
255434,6.1,3.59,3.8
255471,6.06,4.6,2.69
255507,7.42,7.98,8.86
255544,5.73,7.48,8.9
255578,4.41,5.22,6.23
255617,2.52,5.64,4.26
255653,2.95,6.61,6.86
255692,5.51,9.15,8.26
255729,4.13,8.15,-0.01
255765,1.17,8.54,0.02
255801,2.69,7.47,4.51
255836,3.42,9.45,1.94
255873,2.84,8.72,1.78
255909,-4.58,6.04,-1.09
255945,-2.22,9.16,1.78
255982,-1.14,11.82,2.86
256017,-1.57,10.17,3.12
256054,-1.92,9.7,0.94
256090,-2.55,9.43,0.63
256126,-3.07,9.97,1.8
256162,-1.97,10.67,3.53
256199,-0.82,7.04,-8.26
256240,-2.33,10.06,3.32
256274,-2.08,10.53,1.51
256310,-0.42,9.03,-0.13
256346,-0.15,10.77,-1.12
256382,-1.04,9.98,-1.27
256416,-1.17,9.83,-0.87
256452,-0.51,10.84,-1.26
256491,-0.9,10.42,-0.03
256525,-0.18,10.81,-0.4
256561,-0.25,10.76,-0.79
256601,-0.42,10.42,-1.57
256635,0.46,10.49,-1.33
256669,-0.84,10.81,-1.27
256706,-0.77,10.48,-0.86
256745,-0.27,10.25,-1.79
256779,-0.26,9.95,-1.37
256819,-0.78,10.83,0.05
256858,-0.36,10.38,-1.37
256894,-0.33,10.48,-1.99
256928,-0.09,9.96,-1.49
256963,-0.18,10.35,-1.14
257002,-0.07,10.53,-0.33
257038,-0.18,10.05,-1.47
257072,0.06,10.5,-1.17
257111,-1.19,11.28,-0.37
257147,0.52,9.6,-0.99
257181,0.14,11.29,-0.35
257216,-0.77,8.3,-2.41
257256,-0.33,10.12,1.75
257291,-0.82,10.25,-0.23
257326,0.29,11.07,-1.98
257376,-1.05,11.22,1.25
257412,-1.68,11.0,5.37
257447,-1.52,9.7,-5.35
257484,-0.45,11.27,0.43
257518,-1.45,11.05,3.45
257554,-1.64,9.71,3.66
257590,-2.76,9.25,-0.41
257627,1.86,10.3,-4.59
257664,-2.59,8.7,3.72
257699,-2.77,6.77,0.12
257736,0.52,10.43,-1.28
257770,0.3,11.06,1.15
257807,-1.27,10.2,0.95
257844,-2.24,12.18,1.72
257885,0.1,6.1,-2.27
257918,2.4,13.89,3.11
257954,0.39,3.74,0.02
257993,-4.47,9.17,-4.28
258027,-0.89,9.44,-2.61
258063,1.62,12.15,-0.62
258099,1.84,11.29,-1.37
258137,-0.03,12.31,4.22
258170,3.65,11.42,-2.27
258207,0.24,11.74,9.1
258246,1.53,6.31,-6.76
258281,-2.71,8.68,-5.67
258316,4.43,9.35,9.41
258355,5.01,13.82,4.09
258391,-2.8,8.71,5.7
258424,2.5,9.0,-2.9
258465,1.62,10.9,1.21
258504,2.92,8.46,-0.51
258539,0.99,11.09,-1.11
258573,2.52,9.05,-1.92
258612,2.35,4.41,1.54
258648,-0.23,14.29,3.77
258682,0.78,10.03,-3.2
258716,0.75,9.77,-4.84
258756,2.45,9.96,-9.66
258792,1.62,9.88,-3.61
258826,2.47,10.64,0.47
258865,-1.43,2.06,14.16
258900,0.96,11.33,-1.96
258936,2.21,8.6,-3.64
258973,0.42,10.32,0.38
259014,2.51,9.75,-0.09
259050,4.56,10.9,0.19
259084,-0.83,9.1,-3.02
259121,2.52,9.52,-3.76
259158,4.23,9.86,10.34
259193,1.92,11.21,-3.96
259230,2.01,10.2,-3.91
259265,3.24,11.97,4.17
259301,1.02,9.62,-2.67
259337,3.01,9.04,-0.03
259374,1.64,8.88,2.85
259410,1.73,8.16,5.03
259446,3.47,10.54,3.48
259483,2.13,9.6,3.03
259517,2.16,9.4,5.08
259554,-0.15,8.61,3.29
259594,1.04,6.74,3.13
259625,6.04,10.31,-2.05
259661,1.35,6.9,-1.11
259698,0.82,13.63,4.26
259735,-0.75,9.61,2.18
259769,2.94,14.53,2.24
259805,-2.87,8.1,0.11
259844,2.28,8.37,5.95
259877,-0.39,11.28,-2.12
259914,-1.33,10.18,-5.38
259950,1.38,7.13,1.48
259988,1.64,15.61,6.53
260022,-1.08,17.68,-3.33
260059,-3.73,6.25,-0.61
260099,-4.34,6.25,6.21
260132,-0.11,11.94,-4.43
260170,1.97,13.26,-5.87
260207,1.06,15.45,5.75
260246,1.1,10.89,0.61
260280,3.36,8.65,-6.42
260315,3.21,9.85,-0.71
260354,3.65,11.64,8.46
260389,2.53,11.22,3.96
260423,0.77,9.08,-0.08
260462,2.16,10.84,2.14
260498,1.64,10.4,8.87
260532,0.46,8.57,1.31
260567,1.93,8.75,0.37
260605,1.29,11.99,5.12
260642,2.36,8.04,-1.51
260676,3.08,9.05,1.49
260720,-1.41,11.31,5.57
260756,3.28,10.49,-9.77
260792,1.48,9.82,-3.68
260826,-3.4,7.75,5.61
260865,3.48,11.69,-3.8
260900,1.63,11.13,-0.4
260936,1.84,9.41,1.4
260973,1.75,12.28,-1.03
261009,0.21,11.29,-0.08
261045,-3.83,8.55,5.0
261082,1.68,12.1,-1.05
261116,1.84,13.32,0.6
261152,-1.67,7.97,-2.36
261189,-0.78,10.17,-2.86
261226,3.21,9.19,-1.29
261265,2.67,10.11,2.84
261300,4.57,9.69,-0.46
261339,2.58,10.75,-3.93
261371,5.11,11.85,6.25
261408,1.28,11.77,7.29
261444,1.09,9.55,4.7
261481,0.77,10.41,3.6
261516,1.47,7.92,-0.72
261552,2.36,8.45,2.66
261591,0.44,9.38,0.26
261624,2.66,8.78,3.64
261660,0.58,9.45,2.62
261696,-0.26,12.11,-1.48
261734,2.48,10.35,-3.12
261768,1.68,11.74,-2.74
261805,1.69,10.03,-1.62
261848,2.49,9.73,-3.48
261881,2.17,11.04,-2.68
261915,-2.89,4.17,13.72
261952,-0.61,10.17,2.45
261985,2.7,12.17,-6.95
262020,1.41,7.12,-1.88
262055,2.63,10.1,1.86
262094,-1.42,13.15,-3.19
262129,3.91,5.44,-4.26
262164,2.07,8.15,-3.0
262203,1.15,10.09,0.96
262239,0.33,11.75,-1.42
262274,0.85,10.53,0.41
262309,6.67,9.5,3.55
262349,3.17,10.84,-1.84
262384,3.73,9.88,0.9
262418,4.96,9.86,6.45
262462,0.4,11.9,0.64
262498,8.91,4.92,-11.02
262532,-5.11,12.71,15.66
262568,2.36,10.89,6.01
262605,3.47,10.78,-3.49
262642,1.52,7.76,-0.95
262676,2.15,13.91,12.08
262715,1.23,10.8,-0.07
262751,3.97,6.24,-3.49
262788,1.96,12.13,2.54
262824,-0.77,8.03,14.75
262860,0.15,10.51,3.93
262897,2.1,11.19,-3.19
262932,0.76,6.66,0.21
262969,0.97,12.6,2.86
263010,1.68,12.07,1.85
263046,-1.79,8.41,5.23
263083,0.47,9.07,-4.82
263116,-2.19,3.37,4.82
263152,1.73,10.76,10.69
263191,-1.26,13.9,4.79
263225,-3.91,6.77,11.33
263261,2.32,12.7,-4.62
263297,0.04,7.33,0.38
263333,-4.06,6.57,3.93
263367,-2.3,9.36,-1.36
263404,0.03,13.06,12.59
263443,-0.56,8.87,0.61
263478,-4.64,9.01,-3.76
263514,-2.27,8.52,5.29
263549,-2.25,10.26,5.7
263591,-1.84,9.5,3.36
263625,-0.93,9.44,4.13
263661,-2.81,6.62,0.56
263700,-5.46,10.77,4.7
263736,-5.74,9.95,5.08
263770,-0.27,10.46,-7.28
263805,-2.14,11.72,5.04
263845,-6.37,7.71,4.98
263879,-5.05,9.88,7.29
263914,-6.09,12.17,6.9
263953,-7.13,6.42,-4.14
263990,-2.76,7.19,-0.62
264024,6.86,11.24,-16.22
264062,-3.51,9.84,-4.17
264099,-0.57,10.54,13.51
264139,-1.86,9.74,12.17
264173,-1.8,10.71,2.73
264212,-2.65,10.19,0.45
264248,1.92,13.29,-4.92
264282,1.19,10.33,-2.31
264318,-0.43,8.29,-0.53
264354,0.26,11.19,1.96
264391,0.99,9.62,-6.04
264425,-5.32,8.49,5.44
264464,-3.72,10.4,3.32
264500,-0.64,12.33,-4.8
264536,-3.77,11.03,0.73
264573,-3.09,9.5,0.53
264609,0.56,14.73,-9.01
264646,-3.6,8.46,-0.47
264680,-5.08,7.0,1.79
264722,-1.26,11.97,0.05
264758,-0.35,12.05,7.25
264795,-3.3,8.19,2.59
264832,-6.33,9.61,0.25
264865,-0.47,6.33,-15.6
264902,-0.3,13.92,2.19
264940,2.0,9.09,2.18
264975,2.05,13.14,5.44
265011,6.27,12.62,-5.31
265048,4.32,9.35,-2.31
265084,0.75,10.85,2.01
265118,-0.72,7.74,-1.9
265154,-1.72,4.12,0.11
265194,-4.22,12.78,5.86
265230,-3.77,16.5,6.94
265265,-3.36,10.09,-6.71
265300,5.0,8.12,-15.1
265349,-1.97,11.11,13.59
265384,-3.76,9.21,2.8
265418,-4.53,8.81,0.15
265457,0.06,11.83,-5.4
265494,1.4,10.9,-5.27
265529,-0.11,8.57,-4.04
265567,0.56,14.11,11.6
265603,-4.0,12.03,4.63
265639,1.65,8.68,-5.9
265673,0.25,5.32,2.56
265712,-2.8,3.99,14.18
265748,0.69,7.28,8.87
265788,8.71,6.25,-2.04
265825,4.66,3.53,10.9
265861,0.75,2.9,12.26
265896,0.98,3.35,10.62
265931,2.19,5.37,9.87
265968,1.53,4.11,11.54
266004,-0.14,0.81,13.3
266040,1.18,3.05,3.54
266077,0.91,4.44,9.79
266113,0.64,1.78,9.79
266148,0.63,5.06,4.92
266184,3.32,1.81,-7.11
266221,2.52,4.25,4.1
266257,-0.66,-6.61,4.63
266294,-0.85,-1.77,10.01
266336,-0.56,0.78,9.78
266369,-0.88,-0.34,9.59
266405,-0.38,1.38,9.87
266441,-0.33,0.97,9.85
266478,-0.75,0.79,9.95
266513,-1.39,-0.1,9.37
266549,-0.37,0.47,9.33
266586,-1.09,0.41,9.8
266619,1.56,1.34,10.28
266656,-0.45,1.19,10.34
266693,-0.76,0.81,10.14
266730,-0.67,0.36,9.5
266765,-0.78,0.16,9.25
266801,-0.75,0.65,9.89
266840,-0.7,0.39,9.42
266873,-0.67,-0.03,8.81
266914,-0.77,0.54,9.67
266950,-0.72,0.72,9.82
266988,-0.72,0.74,9.75
267022,0.67,3.3,10.47
267058,0.87,1.16,9.77
267098,-1.57,-0.23,11.48
267131,-0.1,1.85,10.03
267165,-1.28,-0.94,8.43
267201,-0.68,0.9,9.88
267240,-0.78,0.36,9.63
267277,-0.76,0.69,9.78
267312,-0.72,0.77,9.82
267351,-0.75,0.67,9.89
267386,-0.72,0.7,9.74
267420,-0.76,0.77,9.83
267456,-0.75,0.7,9.8
267499,-0.71,0.7,9.79
267535,-0.74,0.72,9.8
267569,-0.72,0.72,9.77
267604,-0.75,0.71,9.78
267642,-0.73,0.74,9.78
267678,-0.73,0.7,9.8
267713,-1.12,-0.07,9.78
267752,-0.81,0.54,9.74
267788,-0.57,0.69,9.74
267822,-0.74,0.47,9.74
267857,-0.68,0.91,9.81
267896,-0.71,0.79,9.78
267932,-0.74,0.74,9.8
267966,-0.71,0.71,9.77
268005,-0.57,0.55,9.68
268046,-0.73,0.73,9.8
268082,-0.75,0.64,9.79
268115,-0.57,0.9,9.85
268154,-0.81,0.36,9.65
268190,-0.69,0.73,9.76
268224,-0.72,0.7,9.83
268263,-0.76,0.47,9.64
268299,-0.76,0.66,9.82
268333,-0.76,0.59,9.77
268366,-0.73,0.7,9.86
268405,-0.73,0.69,9.79
268440,-0.66,1.09,10.18
268476,-0.71,0.82,10.06
268512,-0.72,0.59,9.8
268551,-0.75,0.64,9.81
268587,-0.74,0.59,9.75
268625,-0.75,0.6,9.83
268664,-0.79,0.59,9.82
268699,-0.75,0.49,9.58
268734,-0.7,0.68,9.79
268768,-0.75,0.64,9.93
268807,-0.74,0.47,9.52
268843,-0.72,0.54,9.85
268876,-0.71,0.46,9.63
268914,-0.75,0.56,9.79
268950,-0.72,0.59,9.9
268986,-0.74,0.49,9.77
269020,-0.7,0.21,9.27
269059,-0.68,0.63,10.02
269095,-0.66,0.08,9.09
269130,-0.69,0.39,9.75
269171,-0.75,0.51,10.03
269207,-0.74,0.3,9.57
269244,-0.74,0.38,9.71
269277,-0.75,0.5,10.04
269315,-0.71,0.35,9.63
269350,-0.73,0.36,9.76
269386,-0.76,0.45,9.91
269424,-0.71,0.33,9.66
269460,-0.77,0.35,9.66
269496,-0.75,0.58,10.09
269530,-0.75,0.42,9.83
269566,-0.68,0.14,9.27
269603,-0.9,1.15,11.29
269640,-0.74,0.31,9.39
269674,-0.7,0.38,9.44
269713,-0.73,0.87,10.31
269754,-0.77,0.58,9.81
269790,-0.75,0.52,9.67
269827,-0.75,0.91,10.31
269861,-0.73,0.18,9.24
269897,-0.84,1.04,10.67
269933,-0.73,0.63,9.77
269970,-0.78,0.28,9.77
270006,-0.77,0.6,9.71
270043,-0.7,0.61,9.66
270080,-0.78,0.36,9.77
270113,-0.79,0.67,9.83
270149,-0.68,0.62,9.87
270185,-0.74,0.45,9.81
270223,-0.77,0.55,9.73
270259,-0.74,0.59,9.77
270295,-0.72,0.55,9.69
270339,-0.75,0.54,9.72
270371,-0.77,0.59,9.82
270407,-0.74,0.5,9.73
270443,-0.72,0.53,9.67
270482,-0.75,0.51,9.69
270517,-0.75,0.75,10.11
270553,-0.77,0.56,9.78
270587,-0.75,0.46,9.67
270626,-0.73,0.59,9.77
270661,-0.77,0.56,9.77
270697,-0.78,0.52,9.82
270737,-0.76,0.48,9.78
270771,-0.96,1.02,10.66
270807,-0.68,0.62,9.94
270843,-0.68,1.26,11.44
270884,-0.8,0.14,9.13
270918,-0.71,0.54,10.0
270955,-0.69,-0.02,8.62
270994,-0.82,0.23,9.27
271029,-0.77,0.72,10.04
271063,-0.6,0.64,9.81
271098,-0.69,0.56,9.83
271137,-0.75,0.62,9.85
271171,-0.79,0.68,9.85
271207,-0.74,0.65,9.94
271246,-1.11,-0.41,8.43
271280,-0.69,1.02,10.51
271313,-0.7,0.17,9.12
271350,-0.52,0.36,9.4
271389,-0.71,0.54,9.89
271425,-0.7,0.88,10.37
271465,-0.74,0.67,9.85
271505,-0.71,0.63,9.83
271541,-0.7,0.59,9.74
271577,-0.71,0.62,9.85
271610,-0.74,0.59,9.75
271649,-0.68,0.7,9.88
271685,-0.67,0.67,9.85
271719,-0.76,0.68,9.79
271755,-0.74,0.65,9.81
271794,-0.59,0.74,9.81
271831,-0.72,0.62,9.85
271864,-0.72,0.7,9.92
271903,-0.74,0.59,9.78
271940,-0.71,0.48,9.73
271974,-0.74,0.54,9.77
272010,-0.75,0.51,9.63
272054,-0.71,0.67,9.85
272089,-0.7,0.67,9.84
272122,-0.67,0.66,9.77
272161,-0.69,0.59,9.7
272196,-0.27,1.54,9.5
272232,-0.64,0.03,8.86
272266,-0.77,0.56,9.78
272305,-0.72,0.81,9.94
272340,-0.7,0.64,9.83
272376,-0.75,0.64,9.82
272415,-0.75,0.57,9.65
272451,-0.67,0.56,9.65
272487,-0.77,1.23,10.57
272521,-0.71,0.45,9.73
272560,-0.7,0.73,9.99
272600,-0.64,0.71,9.9
272635,-0.82,0.23,9.76
272669,-0.15,1.33,9.42
272708,-0.71,0.37,10.38
272744,-0.59,0.54,9.2
272778,-1.65,-3.1,8.56
272816,-0.55,-1.32,8.94
272851,-0.61,-1.31,8.29
272887,-0.81,0.92,12.47
272921,-0.64,-0.12,10.3
272961,0.85,0.14,9.77
272997,-0.81,-0.88,7.77
273032,-1.85,-0.4,12.13
273069,-0.46,-0.05,8.34
273105,-0.72,-2.54,5.44
273141,-1.76,-1.55,10.12
273180,-0.61,-0.25,9.54
273217,-0.66,0.65,11.35
273253,-0.54,-0.65,8.93
273289,-0.35,-0.74,8.17
273326,-0.66,1.06,11.9
273360,-0.56,-0.37,8.49
273396,-0.52,-0.15,9.01
273431,-0.16,1.18,11.24
273468,0.55,0.6,9.33
273504,-0.41,0.41,10.04
273540,-0.8,1.37,9.01
273586,-2.47,-2.33,7.7
273620,-0.71,1.18,11.38
273656,-0.8,0.52,9.71
273697,-0.71,0.47,9.54
273735,-0.9,0.47,9.68
273768,-2.29,-0.07,9.26
273804,-0.58,0.59,9.89
273843,0.1,0.67,9.86
273878,-0.62,0.95,9.91
273911,-0.48,0.79,9.76
273947,-0.65,0.23,9.57
273985,1.11,1.8,9.84
274018,-1.5,0.46,9.9
274055,-0.63,0.76,9.82
274091,-0.68,1.09,10.27
274127,-0.81,0.63,9.9
274162,1.08,2.25,9.85
274198,-0.91,1.15,8.01
274242,-2.83,11.71,11.29
274276,-4.43,-1.73,6.33
274310,-1.86,-0.24,10.12
274345,0.93,3.24,12.05
274383,-0.1,2.65,9.85
274417,-0.13,-0.03,10.36
274453,-1.75,-0.11,9.89
274493,-2.93,0.22,9.16
274527,-2.47,2.93,10.28
274562,-0.76,-3.08,8.15
274601,-2.38,-0.58,8.13
274637,0.54,3.49,12.24
274671,-2.51,-5.17,7.17
274708,-1.7,1.17,11.58
274747,2.28,1.82,10.63
274784,-1.86,0.31,12.8
274822,-2.67,4.34,9.52
274861,-1.7,-1.65,8.84
274896,-0.48,-0.17,10.82
274932,0.25,1.59,11.04
274966,-0.3,0.59,9.57
275005,0.94,-3.9,9.71
275202,0.35,0.68,9.05
275239,-1.69,0.42,10.86
275273,0.54,0.69,10.17
275312,0.85,1.28,9.38
275348,-1.39,-0.83,8.87
275384,-1.13,0.36,9.11
275420,-0.85,0.45,10.05
275456,-0.15,1.01,9.28
275492,-0.21,1.47,11.19
275526,-1.28,-0.18,10.11
275564,-0.47,1.18,11.2
275601,1.17,1.25,10.31
275637,5.56,5.16,5.88
275674,-0.96,1.57,12.23
275709,-1.83,1.49,13.75
275745,-1.3,0.38,12.15
275780,-0.06,0.65,8.44
275821,0.25,4.0,9.24
275857,-2.07,1.32,9.32
275893,-1.68,-1.76,9.7
275930,-1.01,-1.26,11.39
275963,-0.71,1.71,10.63
275999,-1.58,-1.93,9.54
276035,-0.68,0.25,9.65
276072,-0.31,0.67,9.84
276108,-0.39,0.68,9.77
276144,-0.31,0.99,9.9
276177,-0.27,0.71,9.79
276214,-0.39,0.38,9.61
276250,-0.44,0.59,9.84
276286,0.38,1.41,9.99
276323,-0.46,0.87,10.16
276363,-0.99,-0.28,10.33
276399,2.47,4.79,9.41
276434,-0.89,4.43,9.39
276471,-4.33,-0.3,9.03
276507,-1.42,-0.98,9.31
276543,-0.12,-0.86,9.07
276580,-0.61,0.18,11.0
276614,0.34,3.64,9.61
276649,-0.79,2.95,10.37
276685,-0.43,2.7,9.39
276722,-1.46,1.29,10.09
276759,-2.59,-2.32,10.17
276795,-2.61,-2.95,9.62
276833,-0.44,0.97,9.83
276867,-1.0,0.14,9.7
276903,-0.57,0.78,9.82
276943,0.89,2.61,10.03
276980,0.26,4.13,8.79
277014,-3.32,-1.29,9.39
277051,0.91,1.53,9.27
277089,-1.19,0.0,9.3
277123,-0.64,0.62,10.1
277158,-0.77,1.34,10.49
277194,-3.4,6.66,7.19
277232,-0.45,2.44,10.29
277266,-1.5,2.8,8.14
277302,-1.11,0.85,9.99
277342,-1.73,-1.57,8.52
277376,-1.71,0.97,9.45
277410,-1.64,4.07,9.09
277447,-3.52,-7.34,7.79
277490,-1.22,0.18,10.74
277524,1.29,1.62,10.73
277559,-3.45,-1.17,9.49
277598,-3.42,1.8,7.44
277634,-1.28,0.25,8.41
277667,4.19,-6.27,8.3
277703,-0.59,-1.34,10.58
277742,-4.47,3.24,14.99
277777,-0.67,4.59,9.44
277811,0.74,0.05,9.43
277851,-1.5,-1.23,10.34
277888,1.64,2.77,9.79
277921,1.12,2.78,9.04
277957,-2.81,-0.93,10.1
277996,-0.05,0.24,11.18
278032,1.26,1.57,10.01
278070,0.79,2.11,9.26
278109,-12.23,-0.76,24.63
278145,0.72,-0.79,4.78
278178,-0.08,2.86,12.68
278212,-0.23,1.82,11.59
278251,-0.33,0.6,9.79
278288,-0.23,0.54,9.56
278321,-0.23,0.76,9.65
278356,-0.15,1.1,9.93
278395,-0.14,1.16,10.05
278431,-0.17,1.13,10.09
278465,0.55,2.72,10.14
278505,0.82,2.1,8.69
278541,0.68,0.59,8.94
278575,-0.19,1.15,9.92
278609,-0.17,1.03,9.79
278653,-0.12,0.9,9.76
278689,0.48,3.68,10.63
278723,0.16,2.09,9.98
278761,-0.98,-1.58,9.86
278797,-0.18,0.37,11.63
278833,1.39,0.06,8.41
278866,-2.07,-5.64,6.37
278905,-0.17,0.93,10.79
278942,0.0,0.36,10.94
278976,0.04,0.04,9.35
279010,-0.73,1.17,11.44
279050,-0.39,-0.26,9.96
279086,0.0,0.75,9.9
279119,0.33,1.59,11.56
279159,-0.62,-0.21,10.49
279199,-0.1,-1.18,8.11
279235,0.29,-0.27,9.83
279269,-0.35,-0.83,9.76
279308,-0.52,-1.23,9.02
279344,0.26,-1.27,8.19
279377,-0.06,-0.31,9.57
279414,-0.1,0.89,12.56
279450,2.33,1.97,11.27
279487,-0.39,0.95,11.69
279521,-0.36,1.57,12.47
279560,0.2,-0.39,8.14
279596,0.11,-0.9,7.47
279631,-0.22,0.99,11.44
279669,-0.07,0.0,9.04
279705,-0.14,0.19,9.32
279741,-0.76,2.87,15.88
279779,-0.18,1.32,11.3
279816,-0.1,1.01,10.11
279852,-0.07,0.38,9.22
279887,0.32,-0.2,7.76
279921,0.55,1.07,9.98
279960,1.14,1.0,9.26
279996,-2.65,-3.22,7.51
280033,-0.14,0.66,11.19
280069,2.86,1.31,7.33
280105,-1.22,-2.49,8.87
280141,-2.88,0.26,10.39
280176,-0.7,-0.19,9.2
280213,0.18,1.6,11.47
280249,0.47,0.05,8.67
280285,-1.47,-0.65,9.83
280327,0.71,0.78,9.79
280359,0.9,1.34,9.77
280396,-3.79,3.57,8.97
280432,-0.3,0.05,9.86
280468,3.18,9.28,7.9
280504,-1.94,6.05,10.97
280541,-3.43,2.76,8.57
280578,-3.0,-4.65,9.95
280611,-1.68,-0.19,10.3
280648,-3.06,-1.97,10.67
280684,-1.79,-4.2,9.17
280721,0.82,-0.39,9.8
280757,-1.63,4.17,8.86
280793,-5.71,-6.61,11.01
280832,-0.77,1.23,9.66
280865,-1.62,0.55,9.89
280906,-0.5,6.81,8.03
280942,-0.63,0.46,10.39
280979,-0.77,1.56,9.95
281013,0.42,-0.29,10.2
281049,-1.06,2.28,9.78
281088,-3.46,4.36,9.62
281121,-1.78,0.61,10.37
281157,0.06,-1.19,9.74
281193,0.57,1.55,8.98
281232,-0.75,2.35,9.1
281266,1.3,-4.63,8.9
281302,0.31,2.49,11.1
281338,-3.28,1.76,10.43
281375,-1.57,1.98,11.28
281409,1.79,3.74,7.13
281446,0.82,2.21,9.77
281501,-0.66,1.82,10.28
281537,-4.93,-0.95,6.77
281571,-4.51,-2.5,11.43
281607,0.92,-1.33,6.86
281646,-1.41,2.29,16.0
281680,0.55,2.53,12.94
281714,0.0,0.43,9.8
281754,0.61,0.34,6.82
281790,0.78,1.33,12.12
281824,-0.48,-2.45,4.97
281859,0.45,1.94,12.9
281897,-1.45,-1.82,8.66
281934,0.0,-0.12,10.46
281968,0.09,-0.31,9.93
282020,0.13,-0.75,9.37
282056,1.19,0.07,8.93
282092,1.56,-0.1,9.15
282126,0.07,-0.12,8.0
282163,0.44,0.66,9.26
282199,-0.35,-0.93,8.07
282235,-0.14,0.15,7.15
282271,0.87,3.03,10.69
282307,0.7,2.46,9.98
282343,-0.85,-0.74,10.46
282377,-0.84,-3.96,9.97
282415,-0.03,-3.26,7.32
282451,-2.22,-3.26,8.94
282487,-0.14,-0.2,11.21
282525,-0.02,-2.17,7.2
282563,0.51,0.08,9.43
282599,-1.73,-1.32,9.4
282635,-0.18,0.25,9.26
282672,-0.44,-0.91,6.84
282706,-0.3,0.65,9.78
282742,-0.12,0.68,9.66
282778,-0.16,0.75,9.8
282814,-0.18,0.7,9.83
282850,0.26,1.27,10.33
282885,0.18,0.43,9.32
282921,0.63,0.64,8.8
282956,0.28,0.87,9.77
282993,0.11,1.78,11.73
283028,0.25,-0.01,6.39
283065,-3.2,-1.88,8.41
283102,-0.78,1.96,12.73
283143,2.03,3.42,9.53
283180,-3.72,-2.36,15.44
283213,0.07,0.48,9.32
283249,0.25,1.11,9.68
283285,1.7,1.27,10.7
283322,0.76,3.8,5.31
283357,-3.38,6.44,14.32
283393,-7.32,-0.52,11.83
283430,-1.38,-3.23,7.74
283464,-0.11,6.24,9.28
283501,-3.35,-0.74,9.67
283537,-1.85,1.54,12.41
283575,0.41,2.55,10.25
283609,-3.17,1.7,6.94
283645,-5.03,-1.74,10.25
283688,-1.21,2.56,10.6
283722,-3.24,0.32,6.48
283757,-0.64,-6.21,13.25
283793,1.69,5.85,10.12
283831,-2.12,-4.81,8.12
283865,-0.01,1.09,8.41
283900,-1.66,-0.65,9.98
283940,0.64,-0.01,10.1
283974,0.47,0.67,10.45
284008,-0.2,0.37,7.9
284045,0.36,1.34,10.53
284084,-1.3,-1.97,6.44
284118,0.95,2.07,13.12
284154,-0.77,-2.08,12.56
284193,0.08,2.84,18.47
284229,1.59,-2.49,6.25
284267,-1.6,-3.51,8.77
284304,-1.01,-2.1,9.92
284343,0.58,-0.37,12.02
284378,-0.24,-2.43,10.07
284411,0.09,-3.66,8.21
284450,0.38,-1.78,10.34
284486,-0.8,-2.54,10.24
284520,0.04,-1.86,9.85
284556,-0.75,-4.04,7.77
284595,0.71,-1.21,8.39
284631,0.09,-0.18,10.62
284664,0.2,-1.74,8.98
284704,0.1,-0.99,9.98
284740,0.46,-2.07,6.78
284774,1.39,2.83,9.19
284808,-1.44,0.07,11.94
284852,-0.62,-1.69,10.88
284888,0.01,0.35,9.0
284921,0.25,0.81,9.67
284959,-1.38,-2.07,11.76
284995,0.91,-0.07,7.17
285031,-1.36,0.12,10.38
285065,0.14,-0.89,7.12
285104,-0.33,0.65,10.25
285139,-0.48,2.29,14.55
285173,-16.48,-12.48,25.04
285211,0.19,0.2,8.19
285247,-0.26,0.79,9.74
285284,0.0,1.43,10.03
285318,-0.15,1.43,10.06
285358,-0.1,1.22,9.81
285398,0.04,0.42,9.39
285433,-0.1,0.43,9.38
285467,-0.35,2.19,11.06
285505,-0.08,0.83,9.64
285541,-0.12,1.23,9.88
285575,-0.12,1.53,9.88
285612,-0.11,1.95,9.99
285647,0.02,5.69,10.27
285684,-0.22,6.26,9.72
285717,-1.22,2.21,10.61
285757,-0.5,-1.32,9.52
285793,1.0,4.04,9.84
285829,-4.55,1.01,8.81
285865,-1.89,1.98,9.13
285901,0.1,0.53,10.36
285938,1.48,-1.22,8.94
285976,-1.32,-1.36,8.5
286013,1.01,0.55,9.9
286049,0.35,2.93,9.39
286085,-1.9,-1.81,10.76
286121,-1.55,2.1,9.59
286156,-2.02,-1.89,10.58
286192,-0.31,-1.6,7.29
286228,-1.71,-3.83,12.36
286265,0.77,-4.88,5.34
286302,3.52,17.44,14.2
286338,-0.07,-3.81,7.28
286374,-0.7,-1.31,10.09
286408,1.66,-2.75,9.76
286445,0.09,4.14,7.31
286481,0.57,-1.23,8.53
286522,1.44,-3.03,6.57
286557,2.23,0.23,10.08
286593,-0.32,-0.42,8.05
286630,0.13,1.2,10.29
286664,-0.13,1.07,10.19
286700,-0.24,1.05,10.47
286736,0.69,0.78,8.82
286774,0.18,0.45,9.25
286808,-0.72,-1.66,5.63
286843,-0.41,-0.2,9.34
286882,0.36,1.24,5.73
286916,-3.21,0.94,13.55
286953,0.4,0.47,10.13
286989,3.23,2.58,10.78
287027,0.77,0.55,10.21
287060,-0.15,0.13,10.29
287101,0.61,0.0,8.83
287137,-0.44,0.24,10.52
287174,-0.2,0.68,9.89
287207,-0.23,2.73,13.07
287244,-0.07,1.36,9.98
287282,-0.18,0.75,9.78
287319,-0.27,0.54,9.63
287354,-0.19,0.72,9.85
287390,0.42,1.4,8.72
287427,-0.42,3.02,10.75
287461,-0.15,1.1,9.47
287498,-1.32,-2.07,10.11
287537,-0.17,0.76,9.8
287570,-0.12,0.79,9.72
287606,-0.15,0.77,10.04
287642,-0.23,1.04,10.18
287684,-0.17,0.94,10.04
287719,0.12,2.0,11.75
287755,-0.4,-0.34,9.2
287791,1.38,2.33,9.8
287827,0.0,-1.14,9.62
287861,-0.68,-2.42,7.45
287897,-0.73,-2.3,8.23
287937,-1.57,-0.7,10.55
287971,0.17,-0.82,7.55
288006,-0.17,0.53,10.37
288041,-0.16,0.29,9.62
288079,-0.14,-0.13,8.08
288113,-0.19,1.0,10.13
288149,-0.21,0.93,10.03
288189,-0.19,0.91,9.95
288229,-0.17,0.83,9.8
288263,-0.15,0.83,9.79
288297,-0.17,0.89,9.87
288336,-0.22,0.52,9.74
288369,-0.09,0.36,9.73
288405,-0.03,1.86,9.67
288441,-0.11,2.29,9.85
288478,-0.16,2.14,9.73
288512,0.04,2.16,9.65
288547,-0.27,1.47,10.32
288587,-0.32,0.31,10.52
288621,-0.2,1.27,10.07
288656,-0.18,0.84,9.77
288692,-0.18,0.86,9.81
288731,-0.16,0.84,9.81
288765,-0.15,0.81,9.81
288805,-0.15,0.81,9.8
288843,-0.15,0.82,9.78
288879,-0.16,0.81,9.83
288913,-0.18,0.84,9.77
288949,-0.1,0.96,9.85
288989,4.13,6.34,9.86
289022,-5.99,-2.63,11.61
289056,-4.62,5.38,8.83
289096,0.67,2.01,10.49
289132,-1.01,-0.64,9.56
289166,-2.45,4.97,10.42
289203,-4.37,3.31,9.34
289242,-3.74,6.79,9.73
289277,-2.14,0.38,8.72
289312,-8.96,-4.62,19.18
289356,-0.97,2.8,9.43
289392,-0.78,6.7,8.99
289428,-0.5,-0.55,10.11
289462,-0.99,0.34,9.92
289502,-0.02,2.2,9.32
289538,-0.34,0.48,9.86
289571,-0.56,0.96,9.81
289608,-0.65,1.02,9.81
289644,-0.47,0.8,9.74
289679,-0.43,0.78,9.8
289713,-0.68,0.25,9.73
289752,-0.08,2.04,9.73
289788,-0.59,0.84,9.8
289824,-0.61,0.89,9.83
289858,-0.64,0.72,9.77
289898,-0.58,-0.72,10.05
289939,-1.46,1.75,11.34
289973,0.53,4.22,8.94
290009,1.24,3.65,9.22
290045,-0.64,0.67,9.88
290080,-0.59,0.63,9.79
290114,-0.67,0.65,9.78
290153,-0.63,0.64,9.77
290188,-0.97,-0.15,9.86
290222,-0.6,0.43,9.72
290268,0.58,2.92,9.67
290304,-0.65,0.38,9.71
290340,-0.57,0.77,9.77
290374,-0.59,1.03,9.84
290411,-0.55,0.96,9.75
290452,-0.54,0.99,9.83
290487,-0.55,0.97,9.78
290526,-0.56,0.93,9.77
290560,-0.57,0.99,9.82
290595,-0.56,0.96,9.81
290631,-0.58,0.98,9.79
290670,-0.56,1.0,9.81
290705,-0.56,1.01,9.8
290740,-0.59,0.99,9.8
290777,-0.57,0.97,9.79
290813,-0.56,0.99,9.8
290849,-0.57,0.97,9.8
290885,-0.53,0.96,9.82
290924,-0.58,1.0,9.78
290958,-0.6,0.9,9.78
290994,-0.52,0.93,9.8
291034,-0.51,0.95,9.77
291073,-0.59,0.99,9.81
291106,-0.56,0.94,9.78
291141,-0.55,0.99,9.79
291179,-0.56,0.97,9.8
291214,-0.57,0.99,9.79
291250,-0.57,0.95,9.79
291286,-0.56,0.96,9.79
291323,-0.57,0.93,9.82
291358,-0.53,0.93,9.76
291394,-0.56,0.96,9.76
291430,-0.58,0.96,9.8
291467,-0.57,0.99,9.82
291504,-0.55,0.92,9.8
291539,-0.5,0.92,9.82
291582,-0.6,1.05,9.72
291618,-0.56,0.83,9.82
291653,-0.59,0.92,9.79
291689,-0.6,1.07,9.79
291727,-0.48,0.93,9.75
291761,-0.5,0.94,9.73
291796,-0.45,0.93,9.75
291836,-0.62,1.0,9.74
291871,-0.6,0.8,9.8
291906,-0.61,0.96,9.71
291941,-0.55,1.04,9.82
291980,-0.49,0.97,9.76
292017,-0.52,0.83,9.64
292052,-0.64,0.98,9.78
292087,-0.6,1.01,9.88
292127,-0.58,0.93,9.75
292165,-0.46,0.92,9.86
292201,-0.29,0.99,9.69
292240,-0.56,1.02,9.83
292276,-0.62,0.92,9.74
292311,-0.79,0.84,9.87
292346,-0.49,1.0,9.78
292385,-0.54,0.98,9.85
292419,-0.52,0.92,9.75
292454,-0.67,0.92,9.79
292493,-0.58,0.96,9.79
292529,-0.54,0.93,9.84
292563,-0.49,0.96,9.75
292599,-0.57,0.95,9.81
292639,-0.55,0.88,9.76
292674,-0.64,0.97,9.81
292709,-0.6,0.95,9.75
292749,-0.5,0.9,9.81
292789,-0.57,1.01,9.82
292824,-0.54,0.9,9.79
292857,-0.58,0.9,9.78
292896,-0.64,1.01,9.84
292932,-0.55,0.93,9.86
292968,-0.51,0.92,9.76
293004,-0.63,0.98,9.79
293042,-0.55,0.81,9.79
293078,-0.53,0.85,9.83
293113,-0.62,1.04,9.8
293152,-0.53,0.9,9.77
293188,-0.53,0.85,9.78
293224,-0.61,1.03,9.81
293258,-0.54,0.94,9.77
293302,-0.53,0.86,9.79
293337,-0.57,0.93,9.8
293372,-0.6,0.98,9.77
293406,-0.56,0.97,9.79
293445,-0.49,0.86,9.77
293481,-0.6,1.01,9.84
293517,-0.58,0.98,9.75
293556,-0.53,0.9,9.78
293592,-0.58,0.99,9.86
293627,-0.57,0.96,9.76
293663,-0.53,0.93,9.82
293702,-0.56,1.01,9.79
293738,-0.54,0.94,9.8
293774,-0.6,0.92,9.8
293812,-0.6,0.98,9.79
293848,-0.57,0.99,9.77
293889,-0.59,0.94,9.82
293923,-0.52,0.99,9.75
293961,-0.55,0.98,9.84
293997,-0.57,0.94,9.81
294033,-0.58,0.83,9.78
294069,-0.58,0.93,9.8
294106,-0.52,0.93,9.84
294142,-0.58,0.97,9.77
294178,-0.53,0.96,9.79
294217,-0.55,0.9,9.77
294253,-0.61,0.96,9.75
294289,-0.57,0.95,9.82
294325,-0.56,0.93,9.8
294363,-0.56,1.02,9.82
294398,-0.54,0.93,9.78
294438,-0.58,0.89,9.79
294477,-0.6,0.98,9.82
294512,-0.54,0.94,9.81
294548,-0.53,0.91,9.81
294585,-0.62,1.0,9.81
294624,-0.55,0.91,9.81
294658,-0.53,0.95,9.77
294694,-0.57,0.99,9.78
294730,-0.54,0.96,9.81
294769,-0.66,0.96,9.8
294804,-0.54,0.89,9.79
294840,-0.54,0.93,9.8
294879,-0.56,0.97,9.79
294916,-0.49,0.92,9.8
294951,-0.56,0.95,9.8
294987,-0.57,0.93,9.79
295031,-0.58,0.93,9.77
295066,-0.56,0.96,9.8
295102,-0.56,0.97,9.77
295141,-0.57,0.95,9.77
295177,-0.56,0.92,9.82
295212,-0.52,0.96,9.74
295247,-0.55,0.93,9.78
295286,-0.58,0.95,9.79
295322,-0.57,0.93,9.8
295356,-0.54,0.94,9.82
295393,-0.56,0.96,9.77
295432,-0.58,0.93,9.78
295468,-0.54,0.93,9.78
295502,-0.53,0.86,9.77
295541,-0.57,0.96,9.79
295578,-0.56,0.96,9.79
295618,-0.56,0.92,9.82
295653,-0.56,0.95,9.79
295692,-0.56,0.93,9.77
295728,-0.54,0.93,9.82
295762,-0.57,0.96,9.82
295801,-0.55,0.93,9.82
295837,-0.54,0.97,9.77
295873,-0.56,0.93,9.81
295908,-0.52,0.95,9.83
295947,-0.56,0.99,9.79
295984,-0.6,0.96,9.77
296019,-0.57,0.93,9.78
296054,-0.55,0.94,9.81
296093,-0.56,0.99,9.79
296129,-0.57,0.89,9.8
296163,-0.58,0.84,9.79
296206,-0.47,1.01,9.77
296242,-0.48,1.19,9.77
296278,-0.83,-0.02,9.62
296311,-0.61,1.04,9.83
296350,-0.56,0.84,9.88
296386,-0.45,0.81,9.77
296420,-0.56,0.64,9.76
296457,-0.65,0.74,9.79
296493,-0.66,0.93,9.81
296528,-0.67,0.93,9.82
296564,-0.6,0.82,9.79
296603,-0.51,1.03,9.77
296639,-0.46,1.04,9.83
296676,-0.46,1.03,9.8
296713,-0.54,1.01,9.92
296753,-0.62,0.82,9.77
296788,-0.62,1.01,9.85
296824,-0.55,0.93,9.81
296861,-0.49,1.12,9.79
296897,-0.57,0.91,9.82
296933,-0.61,0.69,9.79
296966,-0.48,0.87,9.74
297005,-0.62,0.79,9.75
297041,-0.64,0.53,9.76
297076,-0.27,1.17,9.74
297113,-0.7,0.01,9.74
297149,-0.58,0.78,9.8
297185,-0.56,0.82,9.81
297222,-0.58,0.76,9.77
297259,-0.46,1.13,9.78
297295,-0.56,0.95,9.82
297335,-0.55,1.06,9.83
297374,-0.58,0.94,9.81
297408,-0.56,0.89,9.76
297444,-0.56,0.93,9.81
297480,-0.57,0.99,9.77
297519,-0.52,1.03,9.75
297553,-0.51,1.0,9.81
297589,-0.53,0.91,9.79
297625,-0.59,0.9,9.78
297662,-0.55,0.92,9.81
297699,-0.57,0.96,9.79
297735,-0.57,0.95,9.8
297772,-0.55,0.96,9.84
297805,-0.34,1.32,9.77
297841,-0.68,0.58,9.77
297877,-0.6,0.82,9.8
297918,-0.28,1.21,9.74
297953,-0.58,0.8,9.77
297990,-0.57,0.87,9.8
298028,-0.55,0.93,9.79
298063,-0.59,0.81,9.77
298099,-0.58,0.87,9.79
298134,-0.59,0.88,9.81
298171,-0.56,0.91,9.81
298205,-0.56,0.94,9.77
298242,-0.54,0.92,9.79
298279,-0.57,0.98,9.81
298315,-0.6,0.8,9.77
298351,-0.58,0.91,9.8
298387,-0.56,0.88,9.82
298426,-0.56,0.95,9.81
298466,-0.61,0.32,9.74
298501,-0.6,0.78,9.75
298536,-0.57,0.99,9.81
298574,-0.54,0.93,9.79
298609,-0.56,0.88,9.78
298644,-0.57,0.9,9.8
298692,-0.58,0.92,9.8
298728,-0.58,0.94,9.81
298764,-0.56,0.9,9.8
298801,-0.56,0.88,9.77
298839,-0.57,0.92,9.81
298874,-0.56,0.94,9.8
298909,-0.56,0.94,9.78
298948,-0.55,0.9,9.77
298988,-0.55,0.92,9.84
299025,-0.56,0.89,9.77
299059,-0.55,0.91,9.78
299098,-0.55,0.95,9.8
299133,-0.55,0.91,9.79
299170,-0.56,0.92,9.8
299204,-0.56,0.94,9.8
299243,-0.56,0.89,9.8
299279,-0.54,0.91,9.79
299315,-0.53,0.97,9.77
299354,-0.55,0.86,9.76
299390,-0.58,0.98,9.8
299426,-0.58,0.9,9.84
299460,-0.6,0.89,9.82
299499,-0.55,0.94,9.71
299535,-0.54,0.91,9.79
299576,-0.5,0.85,9.79
299614,-0.51,0.89,9.7
299650,-0.61,0.86,9.82
299684,-0.63,0.93,9.89
299721,-0.56,0.89,9.8
299758,-0.53,0.94,9.8
299794,-0.49,0.96,9.83
299830,-0.56,0.92,9.83
299866,-0.62,0.91,9.83
299905,-0.56,0.9,9.76
299940,-0.58,0.88,9.83
299976,-0.55,0.92,9.82
300016,-0.53,0.86,9.76
300051,-0.55,0.92,9.81
300088,-1.65,-1.49,9.88
300123,-0.47,1.12,9.8
300165,-0.42,1.8,9.7
300200,-0.56,0.03,9.88
300236,-0.64,-7.32,9.34
300273,-0.77,4.14,9.69
300307,-3.56,-2.89,9.77
300343,-0.59,1.83,8.49
300380,-1.92,1.71,7.98
300417,-1.77,0.87,8.48
300451,0.06,-5.22,11.78
300487,-4.98,-0.62,10.42
300526,-4.42,1.29,9.76
300560,0.19,3.25,11.02
300596,1.2,-0.59,8.03
300633,-1.2,1.24,9.23
300669,-1.54,5.91,10.62
300707,0.65,3.57,10.02
300744,-0.43,0.29,10.01
300783,-1.87,1.04,10.12
300817,-1.31,1.84,10.07
300852,-0.87,3.46,9.64
300888,-1.54,0.81,9.56
300925,-0.25,-2.13,10.34
300959,0.45,1.18,8.98
300995,-0.57,1.46,10.0
301035,-2.79,0.66,9.39
301070,-0.97,1.9,9.3
301104,-0.65,1.33,9.05
301139,-1.78,3.78,9.75
301178,1.56,0.44,8.88
301213,-0.68,1.3,10.75
301249,-0.6,1.08,9.95
301292,-0.79,0.7,9.85
301328,0.09,1.39,10.23
301362,-0.35,1.22,10.12
301399,-0.52,0.75,9.7
301437,-0.38,1.71,11.28
301472,-0.28,0.77,9.72
301506,-0.12,-0.28,8.33
301546,-0.4,-0.71,8.52
301582,-0.4,1.19,11.48
301616,-0.37,0.52,10.28
301650,-0.24,-1.4,6.05
301690,-2.55,7.05,24.47
301726,-0.52,1.1,10.78
301760,-0.42,0.25,9.23
301800,-0.42,1.1,9.71
301840,-0.5,0.37,9.67
301876,-0.55,2.61,9.99
301908,-0.49,2.1,9.89
301947,-0.39,-2.31,8.9
301984,-0.92,-0.97,8.85
302018,-0.24,-1.03,6.11
302055,-0.42,-0.45,8.67
302092,-0.39,-1.2,9.53
302128,-0.61,2.58,10.66
302161,-3.94,-12.67,5.27
302200,-11.12,2.95,9.8
302237,-4.08,1.13,12.11
302272,-0.22,6.67,11.19
302310,-0.02,2.63,10.11
302346,1.25,0.52,8.31
302383,-2.17,0.93,10.54
302420,-0.12,4.7,12.45
302457,-0.93,1.53,9.65
302493,-0.4,1.01,9.66
302529,-0.41,1.79,10.05
302566,-0.45,1.79,9.77
302601,-0.65,-0.07,10.07
302637,-0.55,1.42,9.94
302672,-0.5,1.8,9.74
302709,-0.5,2.24,9.67
302745,-0.32,1.88,9.67
302782,-0.17,2.87,9.39
302819,-0.49,2.02,9.42
302854,-0.59,0.76,9.98
302889,3.35,5.62,9.76
302926,-0.34,-0.25,9.14
302967,-4.41,-0.04,9.9
303002,-0.48,0.43,11.33
303038,-4.53,-4.33,8.97
303077,2.69,4.83,8.62
303111,1.05,-0.9,12.09
303147,-2.99,-0.76,13.53
303185,1.54,3.05,8.48
303221,-0.83,-2.3,10.34
303255,0.87,-5.15,1.42
303292,0.37,0.71,9.98
303331,-3.59,3.38,9.57
303365,-0.3,4.66,11.6
303400,-5.67,-2.88,4.23
303439,0.08,0.91,9.87
303475,-0.71,0.86,10.21
303510,-0.83,0.04,10.24
303550,-0.17,1.14,9.74
303589,-0.95,-1.98,8.95
303625,-1.04,-0.39,12.67
303659,-0.1,-0.54,9.2
303697,0.99,2.29,10.37
303733,-0.4,-0.22,9.43
303768,-0.91,0.84,11.73
303802,-0.7,1.79,12.98
303842,-0.81,0.23,10.08
303878,0.0,3.36,12.05
303911,-0.39,-0.5,8.01
303951,0.12,5.43,13.64
303987,-0.97,-0.96,10.63
304023,-0.98,-2.69,7.7
304058,-1.47,-3.14,8.08
304102,-1.55,-0.95,8.61
304138,-1.85,1.19,12.23
304173,-0.07,2.69,9.38
304209,0.54,3.71,10.97
304245,0.69,3.38,11.2
304281,-0.6,-1.0,8.93
304316,-0.11,-1.61,7.82
304354,-0.34,-1.17,9.23
304390,-0.22,-0.91,9.37
304425,-0.56,-1.42,8.27
304459,-0.51,-0.02,10.27
304499,-0.31,0.07,9.3
304535,-2.07,-4.92,8.86
304570,-0.86,-3.52,3.44
304607,-2.37,6.28,4.69
304644,-0.49,-1.96,10.43
304685,-1.65,1.89,11.07
304722,-1.02,6.01,9.34
304756,-1.06,-0.86,10.27
304792,-1.61,2.17,9.43
304829,-0.42,3.84,11.58
304866,2.71,-1.06,6.78
304901,0.16,-2.85,10.72
304936,-2.69,3.27,9.2
304975,0.74,1.42,10.57
305009,-0.05,0.96,8.23
305045,-2.56,1.44,10.55
305082,-1.12,-0.18,9.34
305119,1.71,-0.98,9.92
305153,1.38,-1.26,9.9
305189,-2.37,0.59,10.1
305225,-1.41,0.29,10.11
305267,-0.57,2.13,9.96
305301,1.08,0.82,10.15
305338,0.14,-0.28,10.09
305376,-1.57,0.82,8.83
305410,-1.58,1.18,9.12
305445,-0.81,1.4,9.5
305485,1.08,-1.0,10.24
305520,-2.68,2.14,9.36
305554,-2.12,0.18,10.34
305591,-1.85,0.8,10.06
305630,-0.08,-0.8,9.97
305664,-0.81,-0.22,9.21
305699,1.13,-1.96,10.79
305738,-1.44,-3.49,9.88
305775,-4.56,-1.73,7.57
305813,-4.66,2.51,10.72
305849,-3.49,0.96,8.96
305888,1.43,7.4,9.67
305924,-1.13,1.58,9.6
305957,0.78,-0.8,9.68
305996,2.59,1.82,10.68
306033,-2.54,0.08,8.51
306067,-3.88,1.56,9.53
306102,-1.06,0.02,9.91
306141,-0.33,1.26,9.77
306177,-0.36,1.59,9.78
306211,-0.83,0.38,9.84
306250,-1.12,-0.35,9.78
306286,-1.02,1.34,11.35
306322,-1.46,0.32,10.68
306356,-0.53,2.39,10.65
306400,-0.07,1.29,8.95
306436,-1.28,-0.11,9.76
306469,0.22,2.69,9.38
306506,-0.14,2.74,10.44
306542,-0.42,1.3,9.73
306579,-0.67,1.2,10.58
306613,-1.08,0.34,10.02
306652,-0.31,0.62,9.88
306688,-0.64,-4.81,10.4
306724,0.93,1.26,6.34
306761,-1.02,-2.4,10.18
306797,-0.75,-1.52,9.94
306833,-0.81,5.97,9.44
306868,-0.78,1.34,9.46
306918,-1.48,1.37,10.01
306951,0.01,0.12,10.12
306988,-3.26,3.58,10.12
307026,-1.22,0.57,10.13
307060,0.18,2.13,9.8
307096,-0.32,1.0,9.7
307133,-0.9,-1.01,10.26
307171,-0.79,0.38,9.97
307205,0.73,2.7,9.09
307240,1.26,3.43,9.84
307280,-0.78,1.77,10.02
307314,-0.47,1.17,9.92
307350,1.29,-0.67,9.87
307386,-1.68,-0.77,9.93
307424,0.61,-2.21,10.02
307463,-1.16,4.33,9.32
307499,0.5,0.23,9.79
307534,-1.12,0.07,9.57
307571,-0.21,0.93,10.46
307605,-0.67,2.59,10.6
307641,-1.75,-0.16,9.34
307680,-0.57,2.41,9.93
307715,0.68,1.28,11.28
307749,0.8,3.42,13.52
307788,-3.04,-1.29,7.96
307824,0.11,-2.79,8.19
307858,-1.54,1.45,13.44
307895,-0.79,-3.58,8.17
307935,-0.97,-5.6,7.17
307970,0.14,-2.13,9.99
308003,0.05,-1.79,11.13
308047,-0.67,-3.82,9.75
308082,-0.5,-4.15,7.51
308117,-0.68,-3.28,9.03
308151,0.28,-1.74,8.54
308191,-0.5,-2.49,7.96
308227,-0.52,-0.71,10.14
308260,-0.3,-0.34,8.58
308299,-0.55,0.98,10.6
308335,-0.07,4.54,13.02
308371,-0.5,1.25,10.0
308406,-0.54,0.83,9.68
308446,-0.47,1.06,9.83
308482,-0.47,1.25,9.98
308516,-0.47,1.01,9.82
308554,-0.44,1.21,9.92
308594,-0.47,1.1,9.86
308631,-0.47,0.99,9.78
308665,-0.95,0.74,9.82
308702,-0.82,0.62,10.19
308739,-2.03,-5.14,11.07
308773,-2.96,1.42,10.14
308811,-2.06,-1.06,6.7
308847,-6.87,1.24,9.88
308883,4.49,5.47,10.4
308917,2.49,5.8,6.0
308954,-1.95,3.22,9.21
308990,-1.25,1.21,10.02
309027,-0.91,0.34,9.86
309064,-1.23,0.6,9.82
309099,-3.94,-0.73,9.41
309136,1.6,2.47,10.43
309175,-1.69,-1.05,9.47
309212,-0.91,1.96,10.28
309248,-1.85,-0.23,9.19
309283,-1.82,-0.33,8.28
309321,0.94,3.09,10.45
309354,-0.79,-0.43,9.1
309391,-1.24,-0.7,9.29
309427,-0.66,0.0,10.2
309464,-1.22,0.89,9.37
309498,-1.86,-0.61,8.34
309534,-0.74,1.06,9.87
309572,-0.24,0.84,10.64
309606,0.16,0.93,12.15
309643,-0.43,-6.83,14.64
309680,-0.28,-2.22,10.22
309721,-3.34,-0.94,9.59
309754,-3.9,4.9,11.65
309791,-6.38,2.92,8.96
309830,-0.67,0.3,9.48
309864,0.18,0.82,9.41
309899,-2.78,-2.09,2.28
309935,3.07,-2.37,3.74
309972,-1.24,0.6,10.82
310006,0.0,-0.08,9.04
310042,-2.07,3.71,11.1
310082,-3.21,-2.4,11.69
310116,1.62,-4.51,8.49
310151,-1.97,-3.53,9.96
310187,-1.07,-0.87,11.27
310226,1.3,0.31,10.41
310260,-1.72,-3.43,8.54
310300,-1.44,0.22,8.75
310340,0.27,-0.41,8.56
310376,-1.01,-0.96,8.7
310410,-3.34,-1.16,8.16
310446,-3.8,-3.02,12.57
310484,-0.79,3.86,7.13
310521,4.27,-4.27,11.31
310555,-0.16,-0.16,9.68
310595,-2.79,2.71,8.31
310631,-1.27,-3.14,10.85
310666,-1.14,3.57,12.81
310700,0.04,5.22,6.59
310739,0.31,1.36,11.35
310775,-2.92,2.91,11.07
310810,-3.38,-2.4,11.47
310853,1.19,0.92,5.1
310890,-1.0,-0.3,8.27
310926,1.48,1.68,8.24
310960,0.53,1.15,11.2
311000,0.6,4.18,8.05
311035,0.28,2.05,8.06
311070,-0.92,0.81,11.28
311107,-0.69,2.15,8.84
311144,-0.65,0.69,9.47
311180,-0.51,-0.6,9.41
311214,-0.28,-1.14,9.98
311251,-0.42,1.08,9.77
311288,-0.41,1.08,9.93
311324,-0.37,1.02,9.78
311363,-0.38,1.04,9.77
311398,-0.41,1.12,9.9
311438,-0.4,1.05,9.78
311474,-0.42,1.07,9.86
311513,-0.42,0.79,9.54
311547,-1.6,-0.04,10.56
311583,-3.6,-6.87,11.19
311787,-0.12,-1.87,8.23
311824,-1.46,-4.38,8.51
311858,-6.99,3.15,11.0
311894,-2.51,-0.88,8.3
311932,-0.26,-5.55,7.65
311967,-2.84,-1.31,11.5
312001,-2.78,1.76,9.52
312041,-1.91,0.15,10.89
312077,1.99,-7.32,9.69
312111,-0.18,-1.71,7.71
312147,-1.8,1.34,11.61
312186,0.42,-2.18,8.93
312222,-1.08,0.85,8.86
312256,2.58,13.49,20.01
312295,0.39,3.76,11.02
312332,-0.31,-0.3,10.12
312366,-1.33,2.17,10.29
312403,-1.56,-0.99,8.64
312442,-0.46,2.3,10.0
312479,-2.38,1.33,9.97
312513,-1.35,0.87,9.58
312551,0.1,0.48,9.93
312587,1.27,1.58,9.66
312623,0.81,0.33,9.76
312656,-0.92,0.93,10.06
312695,0.36,3.47,9.19
312731,-1.08,0.6,9.7
312765,-3.57,-2.49,11.18
312803,-2.23,-2.53,10.35
312839,-0.59,0.54,9.76
312876,-0.48,0.56,9.75
312911,-0.56,0.72,9.84
312954,-0.55,0.66,9.81
312990,-0.53,0.61,9.77
313026,-0.53,0.65,9.81
313062,-0.54,0.67,9.82
313100,-0.55,0.68,9.83
313137,-0.55,0.65,9.79
313171,-0.54,0.68,9.77
313209,-0.52,0.65,9.77
313245,-0.49,0.69,9.72
313281,-0.53,0.68,9.82
313315,-0.12,0.48,9.34
313352,-0.5,0.85,9.97
313389,-0.36,0.7,9.71
313425,-0.59,0.72,9.87
313464,-0.64,0.78,10.07
313499,-0.49,0.69,9.63
313539,-0.66,0.75,9.91
313574,0.16,2.49,9.77
313611,0.22,2.17,10.24
313647,-1.93,-1.12,9.62
313682,-0.4,1.19,10.01
313716,-0.58,0.66,9.73
313754,-0.64,0.78,9.8
313790,-0.62,0.68,9.77
313826,-0.71,0.51,9.77
313863,-0.5,1.0,9.79
313897,-0.43,0.76,9.7
313933,-4.93,-6.44,10.8
313968,-0.08,1.27,10.07
314005,-1.96,1.59,10.0
314042,0.81,5.72,9.97
314079,0.89,0.13,9.79
314120,0.61,1.18,9.88
314153,-0.55,2.33,9.76
314189,-0.76,0.24,9.76
314225,1.01,1.87,9.89
314262,-1.57,0.53,9.62
314297,-0.75,1.02,9.73
314333,-0.78,0.67,9.71
314371,-0.78,0.75,9.81
314404,-0.43,1.1,9.72
314440,-1.18,-0.45,9.79
314477,-0.24,1.9,9.52
314514,-0.79,1.24,9.87
314549,-0.55,0.95,9.77
314585,-0.49,1.01,9.74
314619,-0.52,1.0,9.79
314651,-0.66,1.02,9.88
314691,-0.58,1.15,9.79
314727,-0.6,1.17,9.78
314763,-0.64,0.94,9.83
314798,-0.55,1.2,9.78
314833,-0.63,1.04,9.83
314869,-0.56,1.09,9.71
314906,-0.64,1.04,9.87
314942,-0.61,1.2,9.8
314978,-0.64,1.22,9.79
315015,-0.57,1.1,9.77
315048,-0.54,1.24,9.76
315084,-0.54,1.18,9.81
315119,-0.55,1.15,9.79
315156,-0.54,1.16,9.76
315192,-0.58,1.02,9.77
315231,-0.58,1.13,9.67
315265,-0.76,1.09,9.84
315302,-0.83,0.75,10.01
315338,-0.63,0.93,9.89
315374,-0.69,1.02,9.75
315412,-0.71,0.89,9.95
315447,-0.59,1.04,9.82
315483,-0.79,0.77,9.99
315517,-0.65,0.94,9.89
315554,-0.69,0.68,9.75
315589,-0.7,0.86,9.81
315624,-0.66,0.67,9.83
315663,-0.67,0.72,9.79
315698,-0.69,0.77,9.81
315734,-0.8,0.81,10.15
315768,-0.67,0.66,9.84
315809,-0.63,0.98,9.81
315845,-0.56,1.0,9.72
315881,-0.63,0.8,9.75
315918,-0.69,0.86,9.77
315952,-0.74,0.7,9.76
315987,-0.66,0.86,9.77
316023,-0.72,0.7,9.99
316060,-0.66,0.73,9.66
316096,-0.72,0.77,9.8
316132,-0.72,0.71,9.79
316167,-0.74,0.74,9.79
316205,-0.69,0.67,9.73
316240,-0.69,0.58,9.7
316277,-0.78,0.79,9.75
316314,-0.62,0.76,9.71
316352,-0.68,0.78,9.83
316389,-0.76,0.82,9.8
316425,-0.67,0.66,9.77
316463,-0.68,0.78,9.83
316497,-0.27,2.14,9.74
316533,-0.69,0.58,9.6
316572,-0.49,1.14,9.9
316606,-0.56,1.03,9.76
316642,-0.68,0.72,9.75
316679,-0.6,0.58,9.66
316716,-0.32,1.04,9.82
316749,-0.64,1.35,9.75
316785,-0.5,-0.82,9.59
316822,-0.3,1.45,9.73
316859,-0.55,1.13,9.62
316895,-0.62,0.99,9.64
316936,-0.72,0.84,9.9
316973,-0.55,1.09,9.77
317006,-0.62,1.06,9.78
317042,-0.78,1.05,9.89
317078,-0.75,0.66,9.8
317117,-0.66,0.92,9.78
317152,-0.69,0.85,9.77
317188,-0.69,0.86,9.84
317227,-0.69,0.85,9.81
317262,-0.66,0.91,9.77
317297,-0.7,0.81,9.78
317333,-0.68,0.85,9.8
317372,-0.67,0.82,9.78
317409,-0.72,0.81,9.78
317445,-0.7,0.86,9.79
317480,-0.68,0.84,9.82
317521,-0.66,0.86,9.79
317555,-0.69,0.86,9.78
317591,-0.68,0.86,9.81
317630,-0.67,0.88,9.78
317666,-0.68,0.9,9.77
317700,-0.69,0.82,9.77
317735,-0.68,0.83,9.81
317774,-0.73,0.81,9.79
317808,-0.69,0.85,9.82
317844,-0.67,0.73,9.72
317883,-0.68,0.78,9.8
317919,-0.71,0.8,9.8
317954,-0.67,0.83,9.63
317989,-0.7,0.82,9.82
318029,-0.75,0.76,9.85
318070,-0.72,0.83,9.75
318105,-0.67,0.68,9.8
318141,-0.66,0.65,9.79
318180,-0.79,0.87,9.83
318216,-0.71,0.69,9.82
318249,-0.64,0.65,9.78
318288,-0.69,0.82,9.79
318324,-0.72,0.77,9.74
318360,-0.68,0.72,9.72
318396,-0.72,0.72,9.78
318435,-0.73,0.72,9.8
318471,-0.72,0.76,9.82
318505,-0.71,0.71,9.77
318545,-0.71,0.75,9.78
318581,-0.72,0.81,9.82
318618,-0.72,0.72,9.8
318656,-0.72,0.76,9.78
318695,-0.72,0.74,9.78
318731,-0.72,0.76,9.78
318767,-0.72,0.74,9.8
318801,-0.71,0.74,9.81
318840,-0.73,0.73,9.81
318876,-0.72,0.74,9.78
318910,-0.69,0.78,9.79
318948,-0.6,1.01,9.78
318985,-0.44,1.26,9.76
319021,-0.62,0.82,9.78
319054,-0.61,0.93,9.81
319094,-0.61,1.0,9.77
319130,-0.63,1.05,9.81
319166,-0.61,1.16,9.86
319207,-0.66,0.86,9.8
319243,-0.66,0.91,9.76
319279,-0.65,0.99,9.82
319314,-0.61,0.99,9.8
319351,-0.62,0.94,9.75
319387,-0.67,0.93,9.78
319424,-0.64,0.92,9.8
319458,-0.68,0.9,9.8
319497,-0.68,0.86,9.79
319533,-0.67,0.88,9.82
319568,-0.66,0.92,9.81
319606,-0.64,0.88,9.79
319642,-0.65,0.88,9.78
319678,-0.66,0.91,9.79
319715,-0.67,0.9,9.79
319752,-0.66,0.91,9.77
319793,-0.65,0.9,9.78
319828,-0.66,0.9,9.82
319867,-0.67,0.88,9.8
319902,-0.65,0.92,9.78
319938,-0.72,0.78,9.81
319974,-0.66,0.89,9.78
320013,-0.69,0.82,9.81
320047,-0.67,0.83,9.8
320083,-0.68,0.86,9.8
320119,-0.68,0.8,9.8
320150,-0.67,0.87,9.77
320187,-0.66,0.86,9.78
320224,-0.67,0.84,9.81
320261,-0.65,0.89,9.8
320295,-0.66,0.93,9.79
320331,-0.67,0.93,9.82
320366,-0.66,0.91,9.78
320408,-0.67,0.92,9.8
320444,-0.64,0.95,9.79
320480,-0.67,0.86,9.77
320517,-0.67,0.9,9.8
320551,-0.67,0.88,9.76
320587,-0.66,0.85,9.81
320624,-0.65,0.9,9.78
320660,-0.67,0.93,9.79
320695,-0.66,0.84,9.8
320732,-0.66,0.88,9.78
320771,-0.68,0.9,9.79
320806,-0.68,0.85,9.8
320843,-0.69,0.87,9.79
320879,-0.66,0.83,9.79
320916,-0.64,0.95,9.79
320954,-0.58,1.13,9.76
320990,-0.63,1.02,9.85
321027,-0.62,0.98,9.81
321062,-0.62,1.0,9.81
321096,-0.62,1.0,9.78
321132,-0.67,0.87,9.81
321171,-0.7,0.74,9.79
321205,-0.68,0.79,9.79
321241,-0.71,0.68,9.78
321276,-0.72,0.72,9.81
321316,-0.71,0.75,9.8
321350,-0.72,0.77,9.8
321386,-0.64,0.95,9.74
321425,-0.61,0.92,9.51
321459,-0.64,0.95,9.88
321495,-0.63,1.0,9.78
321534,-0.67,0.78,9.75
321572,-0.61,0.81,9.76
321606,-0.76,0.72,9.91
321642,-0.76,0.74,9.87
321678,-0.71,0.68,9.84
321715,-0.48,0.88,9.82
321748,-0.67,0.81,9.91
321784,-0.68,0.62,9.79
321822,-0.66,0.7,9.77
321856,-0.93,0.72,9.88
321893,-0.74,0.68,9.76
321929,-0.73,0.68,9.79
321968,-0.76,0.67,9.77
322003,-0.72,0.69,9.8
322039,-0.73,0.67,9.83
322082,-0.74,0.69,9.83
322118,-0.69,0.7,9.81
322154,-0.76,0.61,9.75
322190,-0.71,0.65,9.81
322229,-0.67,0.84,9.84
322262,-0.47,0.99,9.61
322296,-0.37,1.23,9.96
322332,-0.64,0.85,9.88
322371,-0.73,0.66,9.75
322408,-0.72,0.73,9.76
322444,-0.67,0.84,9.78
322483,-0.62,0.79,9.78
322519,-0.73,0.7,9.8
322552,-0.77,0.66,9.78
322588,-0.74,0.69,9.79
322628,-0.72,0.67,9.78
322668,-0.73,0.7,9.82
322703,-0.74,0.68,9.73
322742,-0.67,0.79,9.76
322778,-0.72,0.7,9.78
322811,-0.69,0.75,9.77
322846,-0.67,0.89,9.82
322885,-0.72,0.68,9.84
322921,-0.67,0.74,9.77
322955,-0.67,0.88,9.78
322991,-0.67,0.81,9.8
323030,-0.62,0.84,9.75
323064,-0.72,0.82,9.8
323098,-0.68,0.78,9.76
323137,-0.68,0.77,9.77
323174,-0.72,0.74,9.79
323208,-0.7,0.75,9.82
323248,-0.71,0.76,9.79
323287,-0.69,0.75,9.82
323322,-0.7,0.73,9.83
323358,-0.73,0.73,9.78
323397,-0.69,0.77,9.79
323433,-0.7,0.8,9.77
323469,-0.68,0.8,9.82
323503,-0.61,1.11,9.77
323542,-0.77,0.44,9.75
323577,-0.47,1.29,9.71
323612,-0.58,0.97,9.8
323646,-0.56,1.06,9.76
323694,-0.69,0.71,9.84
323730,-0.72,0.78,9.88
323770,-0.62,0.9,9.97
323809,-0.74,0.6,9.8
323844,-0.64,1.11,9.82
323879,-0.66,0.89,9.8
323916,-0.65,0.88,9.85
323953,-0.65,0.96,9.76
323989,-0.6,0.91,9.78
324025,-0.66,0.85,9.79
324063,-0.65,0.96,9.77
324097,-0.64,0.85,9.76
324133,-0.62,0.94,9.83
324169,-0.61,1.04,9.78
324206,-0.64,0.86,9.79
324242,-0.7,0.76,9.75
324278,-0.65,0.96,9.78
324314,-0.73,0.7,10.0
324355,-0.65,0.87,9.81
324390,-0.67,0.91,9.8
324426,-0.64,0.91,9.71
324465,-0.7,0.76,9.79
324499,-0.64,1.02,9.78
324536,-0.69,0.77,9.81
324571,-0.65,0.85,9.78
324608,-0.67,0.86,9.8
324643,-0.6,1.03,9.77
324679,-0.66,0.82,9.78
324716,-0.68,0.91,9.73
324750,-0.67,0.85,9.81
324787,-0.65,0.96,9.8
324823,-0.69,0.8,9.81
324859,-0.61,0.96,9.81
324899,-0.71,0.81,9.79
324935,-0.67,0.77,9.79
324974,-0.64,0.88,9.83
325010,-0.7,0.8,9.78
325045,-0.7,0.72,9.78
325081,-0.66,0.85,9.81
325118,-0.72,0.73,9.79
325154,-0.67,0.82,9.8
325190,-0.66,0.86,9.8
325226,-0.71,0.79,9.82
325266,-0.69,0.8,9.81
325300,-0.68,0.83,9.76
325336,-0.65,0.94,9.8
325376,-0.67,0.8,9.79
325412,-0.68,0.78,9.81
325446,-0.63,0.95,9.79
325487,-0.65,0.84,9.81
325526,-0.7,0.79,9.82
325562,-0.64,0.93,9.83
325596,-0.65,0.87,9.76
325634,-0.62,0.94,9.79
325669,-0.59,0.98,9.78
325703,-0.62,0.89,9.79
325739,-0.66,0.86,9.81
325779,-0.62,1.0,9.8
325815,-0.69,0.84,9.78
325849,-0.65,0.88,9.79
325885,-0.59,0.98,9.82
325924,-0.71,0.82,9.82
325958,-0.74,0.66,9.75
325993,-0.67,0.87,9.78
326037,-0.65,0.89,9.8
326073,-0.7,0.73,9.8
326109,-0.62,0.93,9.74
326144,-0.67,0.83,9.76
326182,-0.66,0.76,9.81
326217,-0.67,1.01,9.93
326251,-0.54,1.04,9.78
326290,-0.62,0.89,9.81
326327,-0.61,1.04,9.8
326363,-0.59,1.04,9.81
326396,-0.67,0.81,9.8
326436,-0.68,0.84,9.79
326472,-0.71,0.78,9.78
326506,-0.64,0.92,9.79
326543,-0.66,0.85,9.79
326582,-0.63,0.98,9.82
326622,-0.66,0.83,9.84
326656,-0.67,0.83,9.77
326694,-0.61,1.04,9.77
326730,-0.69,0.84,9.79
326765,-0.67,0.86,9.83
326800,-0.68,0.86,9.78
326839,-0.61,0.96,9.75
326876,-0.68,0.81,9.77
326909,-0.71,0.77,9.97
326947,-0.52,1.05,9.78
326984,-0.68,0.81,9.78
327020,-0.67,0.88,9.8
327054,-0.69,0.83,9.82
327093,-0.63,0.89,9.77
327130,-0.67,0.86,9.79
327163,-0.62,0.98,9.78
327202,-0.65,0.84,9.78
327240,-0.64,1.02,9.77
327276,-0.59,0.87,9.79
327312,-0.61,0.94,9.86
327349,-0.59,1.05,9.8
327386,-0.61,0.92,9.77
327421,-0.59,1.01,9.76
327457,-0.59,0.98,9.76
327496,-0.53,1.08,9.71
327532,-0.57,1.07,9.75
327568,-1.18,1.48,12.06
327605,-0.49,1.26,9.78
327642,-0.52,1.25,9.73
327677,-0.58,1.07,9.74
327713,-0.59,1.08,9.78
327755,-0.51,0.98,9.65
327791,-0.62,0.92,9.88
327826,-0.57,0.94,9.77
327862,-0.61,1.0,9.9
327900,-0.58,1.08,9.77
327936,-0.63,1.02,9.83
327972,-0.62,1.08,9.78
328011,-0.55,1.05,9.77
328045,-0.6,1.0,9.77
328081,-0.61,1.1,9.82
328117,-0.56,1.0,9.8
328156,-0.58,1.05,9.78
328192,-0.65,0.57,9.76
328227,-0.56,1.05,9.78
328266,-0.6,1.04,9.77
328302,-0.57,0.9,9.77
328342,-0.57,0.94,9.77
328378,-0.56,1.0,9.78
328415,-0.64,0.87,9.77
328449,-0.61,0.88,9.78
328484,-0.58,0.91,9.78
328521,-0.57,1.05,9.79
328557,-0.62,1.06,9.77
328592,-0.58,1.02,9.77
328628,-0.56,1.04,9.77
328668,-0.6,1.07,9.81
328702,-0.59,1.1,9.79
328738,-0.6,1.04,9.82
328775,-0.57,1.02,9.81
328815,-0.6,1.07,9.81
328850,-0.56,1.08,9.7
328886,-0.57,1.07,9.75
328929,-0.63,0.98,9.81
328965,-0.54,1.0,9.65
328998,-0.37,1.43,9.68
329034,-0.53,1.2,9.78
329073,-0.63,0.97,9.77
329109,-0.59,1.04,9.76
329144,-0.61,1.17,9.64
329180,-0.59,1.08,9.77
329219,-0.56,1.13,9.74
329255,-0.56,1.16,9.81
329291,-0.54,1.05,9.77
329330,-0.62,1.07,9.82
329366,-0.59,1.11,9.83
329401,-0.59,0.99,9.79
329437,-0.61,1.05,9.78
329480,-0.58,0.98,9.8
329516,-0.61,1.01,9.81
329551,-0.6,1.02,9.8
329589,-0.59,1.0,9.76
329625,-0.62,1.01,9.8
329662,-0.62,1.04,9.79
329697,-0.6,1.02,9.77
329736,-0.6,1.05,9.79
329772,-0.61,1.0,9.78
329807,-0.58,1.04,9.79
329845,-0.33,1.79,9.75
329882,-0.66,-0.02,9.94
329918,-0.21,-0.96,9.32
329952,-0.7,1.57,9.89
329992,-0.54,1.08,9.75
330028,-0.64,0.87,9.79
330066,-0.56,1.2,9.79
330103,-0.57,1.11,9.78
330139,-0.59,1.04,9.77
330175,-0.57,1.06,9.81
330212,-0.6,1.05,9.81
330249,-0.61,1.05,9.78
330285,-0.61,1.01,9.77
330321,-0.59,1.02,9.78
330357,-0.6,0.97,9.79
330395,-0.61,0.98,9.81
330431,-0.6,1.04,9.82
330468,-0.6,1.04,9.79
330505,-0.59,1.04,9.78
330541,-0.59,1.05,9.8
330576,-0.57,1.08,9.79
330613,-0.59,1.06,9.78
330655,-0.55,1.15,9.78
330691,-0.59,1.04,9.81
330727,-0.62,1.01,9.8
330764,-0.61,0.97,9.78
330798,-0.6,1.02,9.81
330833,-0.58,1.05,9.81
330870,-0.57,1.04,9.8
330908,-0.6,1.05,9.77
330943,-0.62,1.0,9.76
330979,-0.58,1.0,9.82
331018,-0.6,1.03,9.82
331052,-0.56,1.08,9.79
331088,-0.59,1.02,9.82
331124,-0.63,0.95,9.78
331161,-0.58,1.03,9.8
331200,-0.56,1.01,9.76
331236,-0.59,1.01,9.8
331274,-0.57,1.05,9.8
331311,-0.61,0.99,9.82
331344,-0.6,1.04,9.76
331380,-0.59,1.04,9.82
331419,-0.64,0.94,9.82
331456,-0.62,1.04,9.82
331491,-0.62,1.02,9.77
331531,-0.6,1.0,9.81
331567,-0.56,1.06,9.79
331600,-0.58,1.05,9.77
331636,-0.6,1.01,9.81
331675,-0.62,1.02,9.81
331709,-0.61,0.99,9.77
331744,-0.59,1.03,9.8
331791,-0.58,1.1,9.75
331829,-0.6,1.05,9.79
331865,-0.67,1.06,9.95
331898,-0.55,1.12,9.83
331938,-0.56,1.09,9.79
331974,-0.67,1.07,10.06
332010,-0.57,0.93,9.89
332045,-0.58,1.1,9.74
332093,-0.57,1.05,9.79
332129,-0.57,0.94,9.82
332165,-0.61,1.02,9.77
332203,-0.62,0.96,9.79
332238,-0.63,0.89,9.78
332274,-0.63,1.0,9.8
332315,-0.57,1.0,9.78
332353,-0.58,1.04,9.77
332389,-0.6,1.04,9.8
332425,-0.57,1.06,9.81
332464,-0.59,1.05,9.79
332498,-0.59,1.09,9.79
332535,-0.59,1.07,9.77
332571,-0.63,1.06,10.07
332610,-0.58,1.02,9.87
332644,-0.58,1.1,9.75
332680,-0.57,1.12,9.76
332717,-0.6,1.02,9.81
332753,-0.64,0.84,9.77
332789,-0.65,0.92,9.8
332825,-0.53,1.15,9.78
332869,-0.7,0.77,9.78
332903,-0.61,0.95,9.82
332939,-0.68,0.88,9.79
332975,-0.6,1.02,9.79
333011,-0.65,0.89,9.79
333046,-0.63,0.92,9.79
333082,-0.65,0.93,9.8
333121,-0.65,0.97,9.83
333157,-0.58,1.08,9.81
333192,-0.61,1.09,9.78
333228,-0.6,1.04,9.79
333267,-0.59,1.06,9.79
333303,-0.56,1.03,9.79
333340,-0.56,1.15,9.77
333379,-0.56,1.13,9.81
333415,-0.56,1.14,9.79
333453,-0.57,0.73,9.77
333489,-0.55,1.09,9.67
333528,-0.58,1.0,9.61
333561,-0.58,1.07,9.75
333595,-0.58,1.02,9.77
333634,-0.61,1.07,9.81
333669,-0.67,0.88,9.81
333703,-0.53,1.09,9.81
333739,-0.66,0.9,9.79
333777,-0.62,0.95,9.8
333813,-0.64,0.85,9.8
333847,-0.59,1.0,9.79
333887,-0.51,1.19,9.78
333923,-0.56,1.1,9.81
333957,-0.58,1.02,9.79
333992,-0.59,1.08,9.8
334035,-0.58,1.06,9.75
334070,-0.58,1.06,9.79
334106,-0.57,1.06,9.8
334141,-0.59,1.06,9.77
334180,-0.53,1.19,9.79
334216,-0.58,1.1,9.81
334249,-0.63,0.95,9.78
334288,-0.59,0.94,9.78
334324,-0.58,1.05,9.78
334358,-0.6,1.03,9.78
334393,-0.6,1.02,9.76
334432,-0.59,1.04,9.79
334468,-0.57,1.04,9.8
334502,-0.65,0.91,9.76
334541,-0.54,1.14,9.79
334581,-0.64,0.84,9.81
334617,-0.62,0.98,9.77
334651,-0.63,0.93,9.77
334690,-0.59,0.94,9.8
334726,-0.6,1.06,9.78
334759,-0.64,1.0,9.81
334796,-0.55,1.08,9.76
334833,-0.61,1.06,9.77
334869,-0.6,1.01,9.82
334903,-0.56,1.06,9.78
334942,-1.82,-0.4,10.32
334978,-0.4,1.62,9.78
335014,-0.49,1.58,9.8
335051,-0.73,0.6,9.8
335088,-0.52,1.37,9.8
335125,-0.58,0.95,9.75
335165,-0.6,1.01,9.78
335202,-0.59,1.06,9.78
335238,-0.59,1.02,9.76
335273,-0.64,1.0,9.8
335312,-0.56,1.09,9.83
335347,-0.59,0.99,9.75
335383,-0.59,1.06,9.79
335420,-0.61,1.01,9.82
335457,-0.62,0.93,9.75
335492,-0.5,1.31,9.73
335527,-0.58,0.89,9.84
335563,-0.59,0.98,9.78
335600,-0.58,1.01,9.8
335636,-0.55,1.12,9.83
335673,-0.47,1.38,9.84
335714,-1.01,0.0,9.85
335748,-0.71,0.49,9.79
335784,-0.71,0.81,9.86
335820,-0.66,0.75,9.75
335857,-0.46,1.23,9.81
335892,-0.57,1.02,9.8
335928,-0.61,1.04,9.82
335966,-0.58,1.06,9.81
336003,-0.57,1.07,9.82
336038,-0.61,1.03,9.76
336074,-0.6,1.05,9.8
336113,-0.58,1.01,9.81
336148,-0.6,0.99,9.78
336184,-0.6,1.0,9.79
336224,-0.58,1.02,9.77
336260,-0.62,1.02,9.81
336299,-0.55,1.02,9.76
336334,-0.58,1.07,9.8
336373,-0.57,1.04,9.77
336409,-0.61,1.04,9.81
336443,-0.63,1.05,9.75
336482,-0.62,0.95,9.83
336518,-0.61,0.94,9.79
336551,-0.65,0.96,9.79
336587,-0.61,0.87,9.77
336626,-0.58,1.04,9.73
336663,-0.57,0.99,9.77
336698,-0.58,1.04,9.79
336737,-0.56,1.08,9.79
336773,-0.58,1.03,9.81
336809,-0.59,1.04,9.8
336843,-0.61,1.02,9.81
336887,-0.57,1.0,9.79
336923,-0.59,0.97,9.77
336959,-0.6,0.99,9.78
336994,-0.57,0.97,9.78
337033,-0.6,0.9,9.85
337069,-0.58,1.09,9.81
337104,-0.61,1.0,9.79
337143,-0.55,1.02,9.79
337179,-0.62,1.03,9.79
337215,-0.61,1.02,9.79
337250,-0.59,1.03,9.8
337289,-0.59,0.99,9.77
337325,-0.61,1.05,9.81
337361,-0.56,1.07,9.77
337399,-0.57,1.07,9.8
337440,-0.58,1.06,9.77
337476,-0.59,1.04,9.81
337511,-0.6,1.01,9.81
337548,-0.6,1.04,9.77
337584,-0.56,0.98,9.8
337620,-0.58,0.96,9.8
337659,-0.59,1.04,9.77
337694,-0.58,1.04,9.76
337730,-0.57,1.09,9.76
337766,-0.63,0.88,9.81
337803,-0.61,1.02,9.78
337839,-0.64,0.9,9.78
337875,-0.62,0.93,9.78
337911,-0.63,0.88,9.8
337944,-0.61,0.92,9.79
337980,-0.57,1.16,9.81
338016,-0.62,1.07,9.81
338058,-0.6,1.03,9.77
338092,-0.57,1.08,9.86
338127,-0.59,1.0,9.81
338163,-0.6,1.02,9.81
338201,-0.6,1.02,9.8
338238,-0.59,1.02,9.77
338274,-0.61,0.96,9.78
338311,-0.6,0.95,9.79
338344,-0.6,0.87,9.78
338380,-0.6,1.0,9.79
338416,-0.59,1.03,9.8
338453,-0.63,0.78,9.87
338489,-0.6,0.96,9.74
338526,-0.69,0.82,9.82
338564,-0.63,0.9,9.76
338604,-0.64,0.9,9.79
338639,-0.61,0.96,9.78
338675,-0.61,1.01,9.78
338712,-0.58,1.01,9.75
338746,-0.62,1.02,9.76
338782,-0.57,1.03,9.74
338822,-0.51,1.12,9.83
338857,-0.61,1.03,9.85
338891,-0.61,0.99,9.77
338927,-0.62,0.9,9.78
338966,-0.63,0.96,9.78
339000,-0.63,0.9,9.77
339036,-0.68,0.76,9.77
339076,-0.63,0.88,9.79
339111,-0.69,0.74,9.84
339146,-0.67,0.87,9.82
339186,-0.69,0.8,9.76
339225,-0.62,0.88,9.78
339259,-0.65,0.87,9.8
339294,-0.69,0.81,9.81
339330,-0.62,0.92,9.84
339368,-0.57,1.02,9.81
339402,-0.6,0.97,9.8
339438,-0.6,0.97,9.79
339477,-0.61,0.99,9.78
339513,-0.63,0.96,9.77
339548,-0.6,0.94,9.88
339584,-0.6,1.07,9.77
339622,-0.59,1.04,9.84
339657,-0.56,1.04,9.75
339691,-0.71,0.77,9.82
339735,-0.61,0.93,9.81
339771,-0.65,0.8,9.83
339805,-0.64,0.84,9.83
339840,-0.67,0.77,9.8
339877,-0.68,0.81,9.98
339913,-0.61,0.86,9.65
339947,-0.69,0.67,9.73
339986,-0.65,0.9,9.84
340022,-0.64,0.94,9.81
340057,-0.61,0.91,9.82
340091,-0.59,0.99,9.77
340130,-0.61,1.01,9.82
340166,-0.57,1.01,9.74
340202,-0.62,0.83,9.87
340242,-0.59,0.82,9.77
340281,-0.62,0.95,9.8
340317,-0.6,0.96,9.75
340353,-0.59,1.02,9.84
340400,-0.61,1.05,9.77
340435,-0.56,1.04,9.78
340472,-0.58,1.03,9.82
340511,-0.59,1.06,9.8
340546,-0.62,1.06,9.75
340583,-0.61,1.06,9.76
340619,-0.57,1.0,9.81
340658,-0.55,1.04,9.8
340692,-0.59,1.06,9.79
340728,-0.6,1.03,9.81
340765,-0.59,1.07,9.77
340804,-0.58,0.97,9.79
340844,-0.57,1.09,9.74
340880,-0.58,1.07,9.78
340919,-0.54,1.0,9.82
340954,-0.56,1.03,9.77
340988,-0.64,1.08,9.78
341024,-0.59,1.01,9.81
341064,-0.54,0.97,9.82
341098,-0.61,1.07,9.85
341134,-0.56,1.06,9.8
341173,-0.6,1.03,9.77
341210,-0.57,1.2,9.79
341243,-0.61,1.1,9.79
341279,-0.57,1.03,10.08
341318,-0.63,0.94,9.85
341355,-0.6,1.03,9.76
341390,-0.52,1.15,9.76
341430,-0.59,1.2,9.84
341469,-0.6,1.03,9.8
341505,-0.56,1.04,9.79
341538,-0.58,1.06,9.76
341577,-0.58,1.03,9.79
341613,-0.58,1.02,9.77
341649,-0.6,1.02,9.8
341685,-0.6,1.03,9.76
341725,-0.57,1.03,9.79
341761,-0.59,1.02,9.8
341795,-0.6,0.98,9.78
341835,-0.6,0.99,9.79
341871,-0.55,1.02,9.78
341908,-0.58,1.0,9.81
341943,-0.61,1.03,9.8
341987,-0.58,1.02,9.8
342023,-0.58,1.03,9.79
342059,-0.59,1.05,9.78
342093,-0.59,1.02,9.77
342132,-0.58,1.04,9.77
342168,-0.59,1.04,9.8
342204,-0.56,1.02,9.8
342242,-0.59,1.03,9.8
342278,-0.58,0.99,9.78
342315,-0.57,1.02,9.82
342350,-0.59,1.02,9.77
342389,-0.59,0.99,9.74
342426,-0.58,1.04,9.76
342462,-0.57,1.02,9.77
342501,-0.56,1.07,9.82
342537,-0.57,1.07,9.79
342577,-0.58,1.07,9.79
342612,-0.59,1.11,9.79
342650,-0.57,1.01,9.82
342686,-0.56,1.03,9.78
342722,-0.61,1.02,9.81
342758,-0.59,1.01,9.81
342796,-0.57,1.09,9.78
342833,-0.58,1.02,9.81
342868,-0.58,1.04,9.82
342907,-0.6,1.04,9.8
342942,-0.59,1.03,9.78
342978,-0.54,1.02,9.74
343014,-0.57,1.01,9.81
343053,-0.61,1.01,9.82
343089,-0.58,0.94,9.79
343124,-0.58,1.03,9.81
343169,-0.61,1.02,9.76
343203,-0.55,1.01,9.8
343238,-0.57,1.04,9.79
343274,-0.59,1.04,9.8
343314,-0.6,0.93,9.89
343349,-0.6,0.92,9.8
343385,-0.57,1.09,9.8
343421,-0.59,1.02,9.84
343460,-0.6,0.99,9.83
343495,-0.58,1.07,9.79
343532,-0.59,1.03,9.77
343571,-0.57,1.01,9.81
343608,-0.61,1.04,9.81
343643,-0.57,1.01,9.79
343678,-0.58,1.0,9.77
343721,-0.59,0.99,9.81
343757,-0.6,1.01,9.79
343792,-0.58,1.01,9.75
343831,-0.61,1.03,9.83
343868,-0.59,0.98,9.82
343904,-0.57,0.98,9.83
343938,-0.57,1.03,9.78
343977,-0.57,1.01,9.78
344013,-0.57,1.06,9.8
344048,-0.64,1.0,9.89
344085,-0.56,1.1,9.76
344124,-0.56,1.02,9.8
344160,-0.6,1.05,9.8
344196,-0.57,1.02,9.76
344235,-0.58,1.0,9.76
344270,-0.6,0.99,9.77
344311,-0.6,1.0,9.83
344346,-0.59,1.05,9.77
344385,-0.59,1.01,9.79
344421,-0.59,1.01,9.78
344457,-0.61,0.99,9.78
344494,-0.6,0.96,9.8
344530,-0.62,1.01,9.84
344566,-0.6,0.95,9.77
344602,-0.6,1.0,9.77
344641,-0.6,1.01,9.8
344678,-0.57,1.01,9.82
344714,-0.56,1.03,9.79
344751,-0.6,1.02,9.8
344790,-0.6,1.05,9.77
344825,-0.59,1.01,9.82
344861,-0.61,1.0,9.77
344903,-0.61,0.98,9.77
344938,-0.6,1.04,9.78
344974,-0.6,1.06,9.78
345010,-0.6,1.05,9.81
345048,-0.59,1.01,9.8
345083,-0.57,0.98,9.79
345120,-0.63,0.85,9.78
345157,-0.66,1.02,9.88
345192,-0.63,0.93,9.71
345228,-0.6,0.99,9.76
345264,-0.53,1.05,9.78
345300,-0.58,1.07,9.77
345336,-0.6,0.98,9.77
345372,-0.6,0.95,9.81
345409,-0.61,1.14,9.79
345451,-2.0,1.03,9.78
345487,-13.09,16.07,8.64
345523,-3.14,-14.16,10.95
345562,3.87,0.98,9.05
345595,3.94,1.97,9.47
345631,-0.77,1.21,9.84
345671,-0.74,1.29,9.8
345708,-0.76,1.22,9.79
345743,-0.73,1.22,9.76
345779,-0.77,1.2,9.77
345818,-0.76,1.17,9.83
345851,-0.74,1.21,9.84
345887,-0.77,1.06,9.74
345923,-0.73,1.24,9.81
345960,-0.75,1.26,9.78
345994,-0.77,1.23,9.71
346035,-0.72,1.29,9.8
346073,-0.77,1.15,9.8
346107,-0.74,1.17,9.8
346141,-0.74,1.27,9.71
346177,-0.73,1.31,9.68
346216,-0.74,1.21,9.8
346250,-0.77,1.2,9.79
346286,-0.76,1.19,9.74
346324,-0.73,1.19,9.77
346360,-0.75,1.13,9.79
346395,-0.76,1.23,9.77
346431,-0.77,1.15,9.8
346470,-0.75,1.15,9.82
346504,-0.77,1.2,9.77
346539,-0.73,1.25,9.77
346575,-0.74,1.23,9.77
346617,-0.76,1.19,9.79
346651,-0.75,1.23,9.76
346687,-0.76,1.18,9.75
346726,-0.76,1.19,9.83
346761,-0.73,1.21,9.73
346796,-0.75,1.24,9.83
346832,-0.73,1.22,9.78
346870,-0.75,1.19,9.78
346905,-0.76,1.13,9.79
346939,-0.75,1.27,9.77
346978,-0.73,1.13,9.73
347014,-0.72,1.16,9.77
347051,-0.77,1.19,9.75
347086,-0.75,1.17,9.81
347125,-0.72,1.22,9.69
347166,-0.75,1.2,9.75
347199,-0.74,1.29,9.77
347238,-0.73,1.3,9.77
347274,-0.75,1.32,9.79
347310,-0.95,0.49,9.87
347344,-0.7,1.4,9.76
347384,-0.77,1.13,9.78
347420,-0.76,1.19,9.78
347457,-0.71,1.19,9.78
347494,-0.73,1.23,9.76
347530,-0.74,1.2,9.75
347567,-0.8,1.27,10.24
347600,-0.66,1.43,9.69
347639,-0.75,1.11,9.8
347676,-0.77,1.08,9.77
347712,-0.76,1.11,9.78
347753,-0.76,1.06,9.81
347788,-0.77,1.04,9.79
347824,-0.74,1.3,9.82
347859,-0.67,1.17,9.66
347895,-0.68,1.52,9.78
347932,-0.78,0.96,9.78
347968,-0.73,1.28,9.79
348002,-0.72,1.28,9.68
348041,-0.73,1.06,9.74
348077,-0.78,1.04,9.78
348112,-0.76,1.24,9.86
348150,-0.75,1.15,9.8
348186,-0.73,1.13,9.76
348222,-0.75,1.06,9.77
348257,-0.78,1.05,9.8
348469,-0.73,1.01,9.84
348503,-0.72,1.22,9.77
348537,-0.78,1.13,9.69
348575,-0.76,1.15,9.74
348611,-0.78,1.17,9.84
348645,-0.79,1.0,9.74
348681,-0.75,1.12,9.77
348720,-0.74,1.12,9.8
348754,-0.73,1.17,9.8
348788,-0.74,1.13,9.74
348827,-0.77,1.23,9.76
348863,-0.76,1.12,9.79
348898,-0.75,1.04,9.78
348934,-0.74,1.18,9.78
348982,-0.77,1.24,9.77
349023,-0.78,1.03,9.79
349059,-0.68,1.29,9.77
349095,-0.8,1.09,9.8
349131,-0.75,1.19,9.7
349167,-0.76,1.2,9.77
349200,-0.76,1.12,9.79
349239,-0.75,1.14,9.79
349276,-0.75,1.13,9.78
349312,-0.75,1.19,9.78
349350,-0.73,1.13,9.77
349386,-0.74,1.09,9.83
349422,-0.8,1.06,9.75
349457,-0.78,1.04,9.77
349494,-0.75,1.15,9.8
349530,-0.77,1.16,9.79
349566,-0.75,1.21,9.82
349607,-0.75,1.2,9.77
349642,-0.77,1.17,9.77
349678,-0.77,1.18,9.76
349714,-0.76,1.09,9.71
349751,-0.76,1.07,9.79
349786,-0.75,1.13,9.76
349822,-0.76,1.08,9.79
349857,-0.74,1.09,9.8
349895,-0.75,1.05,9.77
349931,-0.76,1.09,9.77
349967,-0.77,1.11,9.84
350006,-0.75,1.12,9.79
350042,-0.76,1.08,9.76
350077,-0.77,1.13,9.77
350114,-0.78,1.08,9.77
350157,-0.75,1.06,9.81
350192,-0.77,1.09,9.8
350228,-0.77,1.06,9.81
350268,-0.75,1.14,9.8
350302,-0.76,1.09,9.76
350337,-0.76,1.1,9.74
350372,-0.74,1.21,9.84
350410,-0.78,0.92,9.84
350447,-0.75,1.15,9.78
350483,-0.77,1.19,9.79
350522,-0.74,1.16,9.73
350559,-0.77,1.04,9.78
350594,-0.76,1.13,9.77
350629,-0.76,1.11,9.73
350669,-0.75,1.17,9.83
350703,-0.77,1.1,9.84
350742,-0.73,1.08,9.72
350781,-0.72,1.18,9.88
350818,-0.77,1.05,9.75
350852,-0.76,1.05,9.77
350886,-0.75,1.13,9.79
350924,-0.77,1.15,9.79
350960,-0.76,1.14,9.81
350996,-0.77,1.12,9.77
351033,-0.75,1.13,9.82
351072,-0.75,1.08,9.77
351107,-0.75,1.17,9.76
351141,-0.76,1.1,9.77
351181,-0.76,1.1,9.82
351218,-0.76,1.12,9.8
351254,-0.78,1.14,9.79
351289,-0.77,1.04,9.75
351332,-0.78,1.11,9.78
351368,-0.77,1.06,9.8
351405,-0.75,1.02,9.8
351441,-0.78,1.21,9.76
351477,-0.78,1.09,9.77
351514,-0.72,0.95,9.78
351550,-0.75,1.1,9.75
351589,-0.77,1.15,9.75
351625,-0.75,1.03,9.8
351661,-0.77,1.07,9.77
351700,-0.77,1.06,9.77
351735,-0.75,1.09,9.76
351771,-0.77,1.06,9.87
351808,-0.77,1.1,9.84
351846,-0.75,1.08,9.59
351887,-0.76,1.05,9.78
351923,-0.76,1.11,9.73
351958,-0.78,1.01,9.86
351995,-0.77,1.03,9.83
352031,-0.77,1.1,9.79
352067,-0.77,1.06,9.77
352106,-0.78,1.06,9.82
352141,-0.76,1.07,9.74
352178,-0.76,1.07,9.73
352214,-0.78,1.04,9.82
352250,-0.74,1.06,9.75
352285,-0.78,1.04,9.8
352321,-0.77,1.04,9.75
352359,-0.77,1.03,9.83
352393,-0.8,0.76,9.68
352429,-0.78,1.08,9.89
352470,-0.76,1.35,9.96
352506,-0.79,0.96,9.84
352541,-0.22,0.05,9.75
352578,1.48,0.2,10.46
352617,-1.6,0.44,8.09
352651,-0.64,0.15,10.04
352686,-0.16,0.92,8.69
352722,-0.71,1.37,10.04
352760,-0.73,1.03,9.17
352794,0.21,1.1,9.27
352831,-0.44,0.95,10.12
352870,0.23,0.8,10.23
352906,-1.44,0.7,9.83
352941,-1.43,1.21,10.62
352977,-1.16,0.07,10.11
353021,-0.85,1.0,11.06
353056,-1.98,0.57,10.57
353090,-1.06,0.86,9.62
353126,-1.93,1.12,10.61
353166,-1.36,0.66,9.68
353200,-0.18,0.22,10.56
353234,-0.79,0.4,9.66
353274,-1.37,0.01,9.86
353310,-0.44,1.35,9.85
353344,-0.57,1.12,9.82
353380,-0.88,1.21,9.68
353419,-0.33,0.89,9.85
353454,-0.41,0.97,9.78
353487,-0.5,0.91,9.8
353526,-0.51,1.01,9.79
353562,-0.44,0.86,9.8
353602,-0.48,0.81,9.77
353637,-0.51,0.95,9.8
353675,-0.46,0.92,9.79
353711,-0.52,0.97,9.85
353744,-0.51,0.72,9.76
353783,-0.48,0.98,9.76
353819,-0.48,1.03,9.82
353853,-0.48,1.08,9.8
353888,-0.49,0.97,9.73
353927,-0.49,1.29,9.85
353963,-0.35,1.43,9.83
353996,-0.45,0.74,9.74
354036,-0.48,1.04,9.77
354072,-0.47,1.13,9.81
354108,-0.5,1.08,9.84
354143,-0.47,0.99,9.81
354186,-0.42,1.18,9.76
354222,-0.39,1.01,9.78
354255,-0.49,0.98,9.84
354290,-0.49,1.05,9.79
354328,-0.47,1.0,9.8
354364,-0.48,0.97,9.8
354400,-0.49,1.16,9.82
354438,-0.47,1.01,9.8
354475,-0.51,0.98,9.84
354510,-0.48,0.98,9.79
354544,-0.49,1.14,9.81
354583,-0.51,1.27,9.81
354620,-0.47,1.69,9.76
354655,-0.5,1.06,9.8
354692,-0.47,1.2,9.79
354733,-0.47,1.18,9.77
354767,-0.45,1.24,9.77
354804,-0.49,0.94,9.84
354840,-0.46,1.42,9.75
354877,-0.49,1.15,9.81
354914,-0.46,1.27,9.8
354951,-0.48,1.36,9.8
354985,-0.46,1.64,9.75
355021,-0.39,1.93,9.67
355057,-0.43,2.16,9.71
355094,-0.45,2.38,9.68
355130,-0.42,2.47,9.65
355166,-0.4,2.25,9.67
355201,-0.44,2.17,9.7
355238,-0.42,2.27,9.71
355274,-0.44,2.27,9.67
355314,-0.44,2.29,9.7
355351,-0.39,2.34,9.67
355386,-0.43,2.28,9.66
355422,-0.42,2.39,9.67
355458,-0.42,2.28,9.66
355494,-0.44,2.35,9.66
355530,-0.44,2.46,9.63
355566,-0.42,2.5,9.64
355603,-0.43,2.13,9.68
355637,-0.42,2.31,9.67
355674,-0.41,2.31,9.66
355709,-0.42,2.37,9.67
355747,-0.41,2.3,9.63
355783,-0.41,2.54,9.64
355820,-0.42,1.81,9.71
355855,-0.45,2.07,9.7
355896,-0.38,2.12,9.67
355932,-0.41,2.03,9.68
355968,-0.56,0.54,10.17
356005,-0.51,1.56,9.88
356039,-0.48,1.02,9.81
356074,-0.48,0.88,9.85
356110,-0.5,0.85,9.78
356147,-0.49,0.82,9.79
356183,-0.55,0.71,9.8
356218,-0.5,0.87,9.85
356255,-0.49,0.98,9.77
356290,-0.46,0.89,9.81
356326,-0.51,0.94,9.81
356362,-0.5,0.89,9.84
356402,-0.46,0.81,9.76
356441,-0.42,1.47,9.89
356476,-0.48,0.96,9.82
356516,-0.45,0.97,9.86
356550,-0.46,1.0,9.82
356585,-0.47,0.94,9.83
356620,-0.49,0.87,9.78
356657,-0.52,0.81,9.8
356690,-0.49,0.81,9.76
356726,-0.5,0.91,9.79
356762,-0.49,0.81,9.78
356799,-0.48,0.93,9.86
356835,-0.49,0.77,9.77
356871,-0.52,0.75,9.78
356910,-0.49,0.81,9.8
356946,-0.5,0.85,9.83
356982,-0.48,0.89,9.75
357023,-0.5,0.96,9.78
357060,-0.48,0.99,9.84
357094,-0.48,0.9,9.8
357130,-0.48,0.95,9.79
357169,-0.48,0.91,9.79
357203,-0.46,0.97,9.76
357237,-0.48,1.17,9.89
357273,-0.5,1.0,9.78
357321,-0.45,1.34,9.77
357356,-0.47,1.17,9.77
357391,-0.49,1.12,9.78
357427,-0.49,1.17,9.82
357467,-0.48,1.04,9.8
357500,-0.51,1.15,9.81
357539,-0.48,1.17,9.77
357578,-0.42,1.05,9.86
357614,-0.49,0.91,9.77
357648,-0.46,1.02,9.82
357683,-0.5,0.79,9.77
357722,-0.52,0.98,9.83
357757,-0.19,1.17,9.78
357791,-0.7,0.42,9.67
357831,-0.41,1.09,10.08
357867,-0.38,1.08,10.11
357902,-1.05,0.1,9.85
357936,-0.65,0.63,9.8
357976,-0.64,0.54,9.82
358011,-0.5,0.8,9.84
358045,-0.46,0.88,9.88
358088,-0.43,0.9,9.76
358125,-0.54,0.77,9.85
358161,-0.49,0.93,9.8
358197,-0.51,0.65,9.77
358236,-0.5,0.81,9.76
358272,-0.55,0.84,9.72
358306,-0.53,0.9,9.79
358341,-0.45,0.89,9.8
358380,-0.46,0.91,9.79
358416,-0.52,0.9,9.82
358452,-0.51,0.93,9.84
358490,-0.5,0.9,9.77
358525,-0.49,0.89,9.78
358562,-0.51,0.81,9.77
358596,-0.51,0.93,9.82
358635,-0.4,0.93,9.8
358675,-0.57,0.87,9.86
358711,-0.53,0.9,9.8
358750,-0.46,0.9,9.76
358785,-0.5,0.9,9.76
358820,-0.49,0.91,9.85
358856,-0.52,0.92,9.77
358894,-0.47,0.91,9.82
358930,-0.48,0.86,9.77
358966,-0.49,0.92,9.79
359005,-0.52,0.7,9.77
359038,-0.51,0.89,9.78
359075,-0.35,1.28,9.8
359111,-0.53,0.81,9.8
359148,-0.49,0.92,9.8
359184,-0.49,0.92,9.78
359220,-0.51,1.01,9.82
359259,-0.54,0.81,9.8
359296,-0.48,0.97,9.79
359331,-0.5,0.89,9.79
359367,-0.49,0.96,9.79
359404,-0.53,0.91,9.77
359439,-0.53,0.94,9.76
359475,-0.48,0.93,9.81
359512,-0.46,0.87,9.79
359550,-0.49,0.86,9.78
359585,-0.5,0.97,9.78
359621,-0.5,0.9,9.8
359660,-0.48,0.91,9.8
359697,-0.52,0.95,9.83
359733,-0.5,0.93,9.81
359769,-0.51,0.97,9.81
359813,-0.5,0.94,9.81
359848,-0.46,1.28,9.86
359883,-0.49,0.88,9.79
359919,-0.5,0.89,9.8
359957,-0.48,0.88,9.81
359991,-0.53,0.86,9.79
360027,-0.51,0.89,9.81
360066,-0.48,0.9,9.8
360102,-0.51,0.88,9.8
360136,-0.49,0.9,9.79
360173,-0.48,0.88,9.81
360212,-0.47,0.83,9.78
360248,-0.51,0.79,9.77
360284,-0.42,1.43,9.82
360323,-0.5,1.24,9.88
360358,-0.51,0.92,9.8
360399,-0.48,0.99,9.77
360434,-0.5,0.92,9.77
360473,-0.51,0.92,9.8
360509,-0.47,0.81,9.82
360545,-0.53,0.96,9.82
360584,-0.52,0.93,9.79
360620,-0.53,0.91,9.89
360656,-0.5,0.91,9.83
360691,-0.48,0.88,9.79
360731,-0.46,0.88,9.78
360767,-0.22,0.5,9.83
360801,-0.48,0.71,10.06
360835,-0.57,1.08,9.76
360875,0.37,0.68,9.49
360911,-0.58,0.84,9.9
360945,-0.02,0.83,9.63
360989,-0.71,1.14,9.75
361025,-0.47,1.01,9.83
361061,-0.46,0.89,9.78
361097,-0.52,0.93,9.81
361136,-0.46,0.89,9.8
361171,-0.48,0.88,9.77
361207,-0.51,0.93,9.88
361245,-0.47,0.88,9.79
361281,-0.47,0.89,9.79
361317,-0.5,0.91,9.82
361353,-0.46,0.89,9.79
361391,-0.49,0.91,9.8
361426,-0.47,0.93,9.79
361462,-0.49,0.83,9.8
361500,-0.49,0.89,9.8
361539,-0.47,0.91,9.72
361575,-0.48,0.91,9.81
361611,-0.51,0.96,9.83
361649,-0.49,0.83,9.78
361683,-0.49,0.88,9.8
361720,-0.5,0.91,9.83
361756,-0.49,0.89,9.79
361793,-0.48,0.88,9.79
361830,-0.49,0.91,9.81
361866,-0.47,0.91,9.79
361905,-0.5,0.88,9.78
361939,-0.49,0.91,9.81
361976,-0.47,0.88,9.8
362012,-0.48,0.87,9.83
362051,-0.48,0.87,9.77
362087,-0.48,0.81,9.79
362127,-0.48,0.9,9.82
362166,-0.49,0.93,9.82
362203,-0.49,0.89,9.78
362236,-0.48,0.89,9.79
362272,-0.47,0.89,9.81
362311,-0.48,0.91,9.85
362347,-0.47,0.9,9.76
362383,-0.46,0.86,9.83
362419,-0.49,0.93,9.79
362452,-0.51,0.9,9.83
362487,-0.48,0.88,9.77
362523,-0.48,0.88,9.75
362562,-0.49,0.88,9.81
362598,-0.5,0.87,9.79
362633,-0.47,0.88,9.79
362670,-0.49,0.91,9.81
362713,-0.46,0.89,9.84
362748,-0.47,0.89,9.8
362783,-0.48,0.89,9.76
362822,-0.46,0.87,9.77
362858,-0.49,0.9,9.8
362895,-0.49,0.88,9.79
362931,-0.5,0.87,9.79
362970,-0.48,0.87,9.79
363005,-0.5,0.88,9.84
363040,-0.49,0.87,9.77
363079,-0.48,0.89,9.78
363115,-0.49,0.87,9.78
363152,-0.48,0.87,9.78
363187,-0.47,0.9,9.79
363227,-0.5,0.88,9.79
363262,-0.47,0.85,9.8
363302,-0.48,0.9,9.79
363337,-0.47,0.93,9.76
363376,-0.5,0.92,9.77
363412,-0.48,0.89,9.84
363448,-0.48,0.9,9.79
363486,-0.49,0.91,9.8
363522,-0.48,0.91,9.8
363557,-0.48,0.92,9.8
363592,-0.5,0.95,9.79
363631,-0.49,0.87,9.78
363667,-0.48,0.9,9.82
363703,-0.48,0.9,9.81
363741,-0.5,0.87,9.8
363777,-0.49,0.89,9.81
363813,-0.48,0.88,9.8
363849,-0.49,0.87,9.78
363891,-0.49,0.9,9.76
363928,-0.47,0.91,9.95
363964,-0.5,0.89,9.88
364003,-0.5,0.86,9.8
364038,-0.46,0.81,9.69
364073,-0.5,0.92,9.79
364109,-0.52,0.89,9.78
364148,-0.49,0.88,9.81
364183,-0.49,0.87,9.79
364220,-0.49,0.89,9.79
364256,-0.49,0.88,9.89
364294,-0.47,0.89,9.82
364329,-0.5,0.84,9.83
364365,-0.5,0.87,9.79
364405,-0.5,0.87,9.8
364444,-0.49,0.85,9.78
364480,-0.49,0.89,9.82
364515,-0.5,0.85,9.81
364554,-0.48,0.87,9.8
364589,-0.51,0.87,9.81
364625,-0.47,0.9,9.81
364664,-0.49,0.81,9.81
364700,-0.5,0.87,9.79
364734,-0.47,0.89,9.78
364770,-0.47,0.88,9.78
364809,-0.47,0.88,9.78
364846,-0.48,0.89,9.8
364881,-0.49,0.9,9.78
364918,-0.49,0.92,9.79
364952,-0.49,0.9,9.82
364987,-0.47,0.87,9.8
365023,-0.48,0.88,9.77
365067,-0.5,0.87,9.78
365103,-0.49,0.87,9.81
365137,-0.47,0.88,9.77
365173,-0.47,0.88,9.77
365212,-0.51,0.9,9.83
365248,-0.45,0.92,9.77
365283,-0.45,0.86,9.77
365322,-0.5,0.93,9.84
365358,-0.5,0.89,9.78
365393,-0.44,0.85,9.78
365429,-0.51,0.9,9.8
365469,-0.51,0.88,9.8
365505,-0.49,0.9,9.8
365540,-0.5,0.88,9.79
365582,-0.46,0.93,9.77
365618,-0.49,0.87,9.83
365654,-0.49,0.9,9.79
365688,-0.48,0.92,9.78
365736,-0.48,0.88,9.78
365772,-0.49,0.94,9.79
365809,-0.51,0.94,9.81
365845,-0.48,0.9,9.8
365884,-0.5,0.9,9.78
365920,-0.47,0.93,9.8
365956,-0.49,0.91,9.81
365995,-0.49,0.89,9.81
366030,-0.5,0.92,9.78
366066,-0.48,0.91,9.8
366103,-0.49,0.91,9.79
366145,-0.61,1.07,11.53
366181,-0.5,0.91,10.08
366218,-0.46,1.15,10.09
366256,-0.48,0.99,9.94
366291,-0.5,0.98,9.82
366327,-0.48,0.85,9.85
366363,-0.55,0.89,9.87
366402,-0.47,0.95,9.86
366437,-0.51,0.92,9.85
366474,-0.5,0.96,9.85
366513,-0.49,0.89,9.84
366548,-0.5,0.88,9.71
366584,-0.54,0.92,9.81
366620,-0.46,0.91,9.72
366659,-0.52,0.9,9.9
366696,-0.49,0.98,9.77
366736,-0.47,0.92,9.78
366772,-0.51,0.92,9.88
366811,-0.5,0.9,9.76
366846,-0.51,0.88,9.78
366882,-0.54,0.8,9.76
366921,-0.48,0.9,9.77
366957,-0.56,0.93,9.87
366993,-0.47,0.96,9.87
367030,-0.5,0.94,9.7
367069,-0.51,0.98,9.83
367105,-0.47,0.93,9.78
367139,-0.46,0.89,9.8
367178,-0.54,0.93,9.86
367215,-0.48,0.9,9.79
367251,-0.51,0.92,9.83
367286,-0.49,0.95,9.79
367330,-0.49,0.93,9.84
367366,-0.49,0.93,9.75
367401,-0.48,0.86,9.74
367436,-0.51,0.93,9.87
367475,-0.53,0.96,9.8
367512,-0.45,0.9,9.93
367548,-0.49,0.88,9.89
367586,-0.5,0.92,9.77
367622,-0.49,0.9,9.78
367657,-0.51,0.93,9.77
367694,-0.5,0.88,9.8
367733,-0.52,0.88,9.84
367769,-0.49,0.93,9.82
367806,-0.49,0.94,9.8
367845,-0.47,0.92,9.78
367885,-0.5,0.92,9.86
367921,-0.5,0.93,9.77
367956,-0.48,0.9,9.75
367995,-0.5,0.93,9.8
368031,-0.5,0.89,9.79
368067,-0.48,0.86,9.78
368107,-0.54,0.9,9.75
368143,-0.47,0.9,9.76
368179,-0.48,0.91,9.85
368215,-0.46,0.87,9.65
368254,-0.43,0.98,9.77
368289,-0.49,0.87,9.77
368326,-0.51,0.88,9.73
368362,-0.46,0.93,9.89
368402,-0.47,0.85,9.64
368437,-0.48,0.92,9.83
368477,-0.49,0.91,9.71
368516,-0.48,0.97,9.84
368551,-0.44,0.95,9.71
368586,-0.5,0.98,9.77
368622,-0.47,0.94,9.83
368661,-0.48,0.89,9.69
368697,-0.5,0.86,9.83
368732,-0.49,0.9,9.78
368771,-0.48,0.86,9.77
368807,-0.49,0.94,9.86
368843,-0.5,0.92,9.79
368879,-0.48,0.96,9.79
368918,-0.51,0.91,9.79
368955,-0.47,0.92,9.79
368990,-0.53,0.94,9.77
369026,-0.5,0.92,9.8
369070,-0.47,0.89,9.77
369104,-0.55,0.93,9.78
369139,-0.53,0.93,9.72
369178,-0.5,0.87,9.76
369214,-0.5,0.91,9.77
369250,-0.5,0.93,9.85
369285,-0.51,0.91,9.77
369324,-0.5,0.93,9.77
369359,-0.5,0.93,9.8
369396,-0.5,0.93,9.83
369434,-0.5,0.93,9.8
369471,-0.5,0.93,9.8
369507,-0.55,0.92,9.83
369543,-0.5,0.92,9.82
369582,-0.46,0.92,9.78
369623,-0.49,0.95,9.78
369657,-0.49,0.91,9.77
369697,-0.49,0.91,9.76
369732,-0.52,0.92,9.79
369768,-0.5,0.93,9.77
369804,-0.52,0.93,9.8
369842,-0.49,0.92,9.79
369878,-0.5,0.92,9.81
369914,-0.52,0.98,9.81
369950,-0.5,0.92,9.78
369988,-0.48,0.88,9.78
370024,-0.51,0.91,9.77
370061,-0.47,0.88,9.79
370100,-0.5,0.94,9.81
370135,-0.52,0.91,9.78
370171,-0.48,0.91,9.82
370211,-0.49,0.95,9.78
370250,-0.49,0.85,9.81
370284,-0.47,0.9,9.8
370320,-0.48,0.74,9.79
370359,-0.51,0.93,9.84
370393,-0.5,0.99,9.83
370428,-0.55,1.02,9.77
370464,-0.5,1.0,9.85
370504,-0.45,1.0,9.84
370539,-0.5,1.04,9.89
370575,-0.5,1.04,9.85
370612,-0.33,1.18,9.74
370642,-0.48,1.19,9.82
370679,-0.52,0.9,9.84
370716,-0.49,0.8,9.76
370754,-0.65,0.47,9.77
370792,-0.5,0.79,9.74
370828,-0.91,2.49,9.78
370864,-0.65,0.6,10.16
370902,-0.51,1.49,9.7
370935,-0.97,4.26,9.54
370971,-1.4,3.89,8.78
371010,-0.95,3.96,10.37
371044,-0.77,4.27,8.93
371080,-0.87,1.56,9.43
371117,-1.03,-2.85,11.26
371153,-0.62,-3.16,9.85
371188,0.07,1.64,9.36
371224,-0.53,6.76,9.17
371264,-1.09,1.09,11.66
371298,-1.98,0.05,11.79
371334,-2.25,-3.66,11.87
371374,-0.56,-1.27,9.95
371414,-0.7,1.15,9.82
371447,-1.09,0.74,10.14
371482,0.08,0.94,9.79
371521,-1.41,-0.5,10.31
371557,-0.56,1.21,9.25
371591,-1.34,0.3,8.39
371628,-0.75,2.66,9.3
371666,-0.78,0.76,9.8
371703,-0.77,1.43,9.89
371737,-0.8,0.94,9.8
371777,-0.85,1.05,9.77
371813,-0.8,0.95,9.82
371849,-0.81,0.95,9.85
371885,-0.82,0.97,9.8
371928,-0.92,-0.22,9.67
371964,-0.94,-2.0,11.29
371999,0.27,0.04,10.56
372033,-2.74,5.5,11.21
372073,-0.81,0.81,9.78
372110,-0.76,0.91,9.84
372144,-0.75,0.9,9.77
372183,-0.86,1.25,9.89
372218,-0.71,1.18,9.69
372254,-0.74,0.95,9.78
372288,-0.74,0.93,9.81
372328,-0.76,0.88,9.77
372365,-0.75,0.97,9.82
372399,-0.74,1.04,9.82
372436,-0.78,0.72,9.72
372472,-0.77,0.93,9.81
372512,-0.77,0.92,9.81
372548,-0.78,0.93,9.79
372586,-0.77,0.94,9.78
372622,-0.75,0.93,9.73
372658,-0.76,0.92,9.82
372694,-0.77,0.94,9.77
372732,-0.77,0.92,9.79
372768,-0.76,0.92,9.81
372804,-0.76,0.96,9.79
372842,-0.76,0.95,9.8
372878,-0.76,0.93,9.79
372915,-0.76,0.94,9.78
372951,-0.77,0.93,9.77
372988,-0.76,0.93,9.81
373024,-0.76,0.93,9.78
373061,-0.77,0.93,9.81
373104,-0.77,0.9,9.8
373139,-0.75,0.93,9.79
373175,-0.77,0.88,9.8
373211,-0.76,0.95,9.8
373250,-0.76,0.94,9.82
373283,-0.76,0.93,9.77
373320,-0.77,0.92,9.82
373356,-0.78,0.93,9.78
373394,-0.71,1.09,9.81
373431,-0.75,0.9,9.76
373467,-0.7,1.11,9.83
373504,-0.89,0.73,9.96
373538,-0.78,0.93,9.81
373575,-0.69,1.02,9.79
373611,-0.76,0.9,9.78
373654,-0.78,0.81,9.8
373689,-0.74,0.97,9.78
373725,-0.77,0.85,9.78
373764,-0.77,0.84,9.77
373799,-0.67,1.08,9.78
373833,-0.36,1.49,9.93
373870,-1.04,0.15,9.31
373909,-1.27,-0.13,9.88
373943,-1.16,-0.07,9.6
373980,-0.89,0.54,9.8
374019,-1.43,-0.11,9.96
374055,-0.35,0.95,8.35
374089,-0.75,0.9,9.77
374126,-0.74,0.89,9.78
374179,-0.64,1.16,9.77
374214,-0.74,1.15,9.83
374249,-0.59,1.37,9.77
374283,-0.73,0.93,9.77
374322,-0.77,0.88,9.84
374358,-0.78,0.82,9.77
374391,-0.76,0.82,9.77
374430,-0.72,1.01,9.78
374466,-0.78,0.84,9.74
374502,-0.74,0.89,9.8
374536,-0.74,0.94,9.79
374575,-0.76,0.91,9.81
374611,-0.77,0.92,9.78
374647,-0.74,0.91,9.78
374685,-0.78,0.81,9.77
374721,-0.73,0.97,9.79
374761,-0.71,0.95,9.74
374795,-0.89,0.49,9.36
374834,-0.7,0.98,9.87
374871,-0.71,1.19,9.84
374905,-0.73,1.18,9.79
374942,-0.78,1.83,9.83
374978,-0.76,1.51,9.82
375015,-0.72,1.14,9.79
375050,-0.76,1.5,9.8
375087,-0.75,1.41,9.77
375122,-0.75,1.28,9.8
375158,-0.74,1.45,9.79
375193,-0.74,1.31,9.72
375232,-0.72,1.46,9.81
375268,-0.74,1.6,9.75
375303,-0.74,1.25,9.77
375345,-0.73,1.5,9.75
375380,-0.72,1.36,9.78
375416,-0.76,1.15,9.76
375451,-0.72,1.15,9.8
375488,-0.74,1.57,9.76
375525,-0.76,1.49,9.83
375562,-0.75,1.2,9.73
375602,-0.75,1.44,9.84
375635,-0.75,1.37,9.69
375671,-0.68,1.3,9.43
375707,-0.72,1.39,9.65
375744,-0.7,1.21,9.65
375780,-0.77,1.53,9.77
375817,-0.73,1.32,9.78
375851,-0.73,1.43,9.75
375892,-0.76,1.56,9.73
375928,-0.76,1.46,9.75
375964,-0.75,1.43,9.72
376003,-0.74,1.5,9.71
376037,-0.74,1.55,9.74
376074,-0.73,1.36,9.77
376110,-0.73,1.29,9.74
376146,-0.75,1.5,9.78
376181,-0.72,1.4,9.76
376217,-0.67,1.26,9.75
376255,-0.77,1.46,9.68
376289,-0.72,1.25,9.67
376325,-0.72,1.24,9.76
376360,-0.75,1.64,9.75
376400,-0.71,1.2,9.78
376434,-0.74,1.15,9.78
376475,-0.76,1.31,9.82
376511,-0.71,1.49,9.73
376548,-0.76,1.65,9.81
376583,-0.75,0.99,9.75
376619,-0.76,1.62,9.77
376658,-0.75,1.37,9.82
376692,-0.73,1.19,9.71
376728,-0.7,1.59,9.77
376765,-0.74,1.31,9.77
376803,-0.74,0.99,9.77
376837,-0.75,1.82,9.82
376873,-0.74,1.12,9.75
376912,-0.73,1.49,9.8
376947,-0.75,1.65,9.71
376982,-0.76,1.22,9.73
377019,-0.68,1.47,9.72
377062,-0.75,1.31,9.77
377097,-0.73,1.46,9.73
377132,-0.73,1.41,9.81
377168,-0.74,1.39,9.74
377207,-0.73,1.42,9.77
377243,-0.72,1.3,9.71
377279,-0.73,1.72,9.78
377318,-0.73,1.34,9.77
377355,-0.73,1.43,9.8
377389,-0.75,1.64,9.68
377425,-0.73,1.24,9.75
377465,-0.72,1.53,9.77
377500,-0.78,1.26,9.8
377534,-0.73,1.54,9.75
377573,-0.75,1.83,9.74
377614,-0.76,2.52,9.64
377649,-0.67,3.14,9.54
377682,-0.88,1.72,9.87
377721,-0.75,0.54,9.75
377757,-0.75,1.92,9.77
377791,-0.72,1.61,9.79
377830,-0.73,1.83,9.72
377867,-0.71,2.11,9.68
377902,-0.75,1.5,9.79
377937,-0.7,2.03,9.67
377976,-0.73,1.65,9.75
378013,-0.71,1.71,9.75
378047,-0.73,1.59,9.75
378082,-0.73,1.79,9.71
378122,-0.72,1.93,9.71
378157,-0.7,1.9,9.72
378198,-0.71,1.86,9.73
378235,-0.7,2.02,9.68
378270,-0.73,1.71,9.75
378306,-0.72,1.79,9.75
378340,-0.73,1.68,9.75
378380,-0.72,1.95,9.7
378416,-0.72,1.91,9.75
378449,-0.71,1.97,9.72
378486,-0.73,1.87,9.74
378523,-0.72,1.66,9.77
378560,-0.72,1.85,9.75
378594,-0.71,1.93,9.71
378633,-0.67,2.2,9.64
378670,-0.73,1.83,9.74
378706,-0.71,2.05,9.72
378740,-0.69,2.15,9.74
378783,-0.69,2.12,9.68
378820,-0.7,2.31,9.66
378856,-0.71,2.01,9.73
378893,-0.67,2.32,9.64
378929,-0.67,2.64,9.56
378964,-0.7,2.28,9.65
378998,-0.72,1.75,9.66
379035,-0.72,0.25,9.54
379072,-0.75,1.75,9.84
379108,-0.71,2.34,9.67
379145,-0.76,1.15,9.84
379181,-0.77,1.4,9.78
379216,-0.73,1.89,9.71
379252,-0.73,1.41,9.78
379290,-0.72,1.32,9.77
379330,-0.71,1.64,9.72
379366,-0.66,2.13,9.63
379404,-0.76,2.74,9.64
379439,-0.84,1.51,9.85
379474,-0.87,1.52,9.86
379511,-0.73,1.58,9.86
379548,-0.75,0.7,9.8
379582,-0.77,0.87,9.77
379619,-0.77,0.85,9.77
379655,-0.69,1.07,9.83
379694,-0.76,0.93,9.79
379729,-0.71,1.0,9.75
379765,-0.68,0.91,9.83
379805,-0.77,0.75,9.73
379841,-0.59,1.22,9.76
379877,-0.73,0.93,9.8
379918,-0.73,0.89,9.8
379956,-0.76,0.83,9.79
379993,-0.75,0.87,9.81
380028,-0.74,0.86,9.77
380067,-0.73,0.89,9.81
380103,-0.69,0.94,9.78
380138,-0.73,0.84,9.77
380174,-0.75,0.85,9.82
380213,-0.75,0.87,9.82
380250,-0.72,0.85,9.74
380284,-0.74,0.88,9.79
380323,-0.75,0.88,9.77
380360,-0.76,0.81,9.78
380396,-0.73,0.9,9.78
380431,-0.74,0.85,9.77
380475,-0.74,0.82,9.82
380510,-0.89,0.51,9.82
380546,-0.73,0.86,9.8
380580,-0.7,0.92,9.78
380619,-0.75,0.86,9.83
380655,-0.73,0.85,9.78
380690,-0.75,0.83,9.79
380729,-0.71,0.86,9.79
380765,-0.75,0.79,9.81
380802,-0.74,0.79,9.76
380835,-0.77,0.75,9.79
380874,-0.75,0.75,9.79
380910,-0.74,0.77,9.72
380944,-0.74,0.74,9.77
380984,-0.76,0.6,9.81
381020,-0.62,0.98,9.83
381061,-0.69,0.73,9.89
381096,-0.74,0.7,9.79
381133,-0.68,0.77,9.78
381170,-0.76,0.82,9.87
381205,-0.67,0.98,9.79
381243,-0.7,0.87,9.83
381279,-0.61,0.94,9.74
381315,-0.72,0.66,9.75
381348,-0.6,0.9,9.77
381385,-0.65,0.76,9.9
381421,-0.71,0.76,9.81
381456,-0.69,0.79,9.83
381493,-0.71,0.64,9.81
381527,-0.7,0.77,9.8
381562,-0.7,0.78,9.83
381599,-0.68,0.79,9.8
381641,-0.76,0.55,9.76
381676,-0.71,0.74,9.83
381713,-0.65,0.77,9.8
381747,-0.67,0.73,9.8
381785,-0.65,0.77,9.73
381820,-0.68,0.77,9.82
381855,-0.58,0.87,9.74
381895,0.79,-0.45,9.08
381930,-0.63,1.02,9.85
381966,-0.84,0.45,9.85
382002,-0.61,1.23,9.83
382040,-0.68,1.02,9.78
382075,-0.72,0.72,9.78
382112,-0.64,0.93,9.81
382149,-0.75,0.81,9.79
382183,-0.64,0.99,9.82
382224,-0.75,0.86,9.87
382260,-0.62,1.08,9.75
382299,-0.71,0.92,9.83
382332,-0.72,0.85,9.77
382368,-0.74,0.87,9.74
382406,-0.73,0.83,9.79
382443,-0.72,0.88,9.8
382479,-0.72,0.87,9.76
382514,-0.72,0.9,9.77
382560,-0.72,0.91,9.8
382595,-0.72,0.89,9.79
382629,-0.71,0.9,9.78
382666,-0.71,0.9,9.78
382703,0.06,0.62,10.02
382742,-0.71,0.94,9.78
382778,-0.78,0.8,9.78
382817,-0.67,1.1,9.79
382853,-1.07,0.71,9.77
382887,-0.72,0.94,9.79
382923,-0.72,0.96,9.77
382962,-0.72,0.99,9.81
382996,-0.69,1.0,9.77
383031,-0.73,0.96,9.77
383071,-0.73,0.93,9.79
383106,-0.73,0.94,9.82
383142,-0.73,0.95,9.84
383178,-0.74,0.96,9.76
383218,-0.72,0.96,9.79
383254,-0.73,0.93,9.78
383290,-0.74,0.94,9.77
383331,-0.75,0.95,9.77
383364,-0.73,0.94,9.82
383400,-0.74,0.96,9.79
383435,-0.72,0.95,9.78
383474,-0.73,0.93,9.77
383510,-0.75,0.95,9.8
383546,-0.75,0.95,9.79
383582,-0.73,0.95,9.75
383621,-0.74,0.94,9.75
383656,-0.72,0.95,9.83
383693,-0.74,0.93,9.79
383732,-0.76,0.97,9.77
383769,-0.73,0.96,9.81
383805,-0.74,0.93,9.8
383840,-0.75,0.97,9.79
383880,-0.73,0.96,9.76
383920,-0.74,0.97,9.8
383955,-0.72,0.99,9.77
383994,-0.73,1.02,9.79
384030,-0.75,1.02,10.05
384065,-0.7,0.99,9.62
384102,-0.72,1.02,9.79
384140,-0.74,0.95,9.74
384176,-0.73,1.0,9.86
384212,-0.73,0.99,9.78
384248,-0.74,0.96,9.77
384286,-0.73,1.0,9.76
384323,-0.73,1.03,9.78
384359,-0.73,1.0,9.86
384399,-0.73,1.01,9.8
384433,-0.74,0.98,9.74
384470,-0.73,0.98,9.78
384509,-0.73,0.97,9.8
384548,-0.75,0.99,9.8
384583,-0.72,0.98,9.78
384619,-0.74,0.99,9.77
384658,-0.75,0.98,9.76
384694,-0.72,1.0,9.76
384730,-0.73,1.01,9.77
384765,-0.72,1.02,9.79
384804,-0.75,0.98,9.8
384841,-0.73,0.95,9.79
384877,-0.75,1.0,9.76
384916,-0.74,0.97,9.78
384953,-0.74,0.96,9.79
384988,-0.73,1.02,9.77
385024,-0.74,0.97,9.81
385226,-0.74,0.99,9.78
385262,-0.73,1.03,9.76
385298,-0.74,0.96,9.8
385333,-0.73,0.98,9.76
385372,-0.73,1.01,9.79
385409,-0.71,0.96,9.78
385444,-0.71,1.0,9.77
385482,-0.73,1.01,9.77
385519,-0.74,1.02,9.82
385555,-0.72,0.92,9.79
385592,-0.74,0.99,9.77
385631,-0.74,1.0,9.78
385667,-0.72,0.98,9.78
385703,-0.74,1.01,9.78
385740,-0.75,0.94,9.78
385777,-0.73,1.07,9.77
385817,-0.74,1.02,9.78
385853,-0.67,1.25,9.78
385890,-0.72,1.08,9.78
385926,-0.73,1.05,9.79
385961,-0.73,1.06,9.8
386001,-0.76,0.95,9.78
386035,-0.72,1.01,9.77
386072,-0.75,1.1,9.75
386108,-0.71,1.19,9.78
386145,-0.75,1.12,9.76
386180,-0.74,1.18,9.77
386215,-0.73,1.17,9.81
386251,-0.72,1.18,9.78
386289,-0.74,1.17,9.81
386326,-0.73,1.18,9.77
386362,-0.72,1.18,9.8
386406,-0.75,1.18,9.78
386442,-0.74,1.14,9.77
386478,-0.73,1.13,9.79
386513,-0.73,1.14,9.78
386552,-0.73,1.18,9.77
386588,-0.73,1.07,9.74
386624,-0.69,1.07,9.66
386663,-0.75,1.21,9.75
386699,-0.72,1.14,9.75
386734,-0.69,1.15,9.77
386769,-0.74,1.17,9.77
386808,-0.72,1.14,9.78
386845,-0.72,1.13,9.81
386880,-0.72,1.17,9.77
386916,-0.73,1.24,9.79
386958,-0.72,1.19,9.77
386993,-0.72,1.16,9.75
387028,-0.71,1.29,9.8
387067,-0.69,1.19,9.8
387103,-0.7,1.21,9.76
387137,-0.72,1.23,9.79
387173,-0.7,1.26,9.84
387212,-0.74,1.22,9.8
387247,-0.7,1.22,9.78
387281,-0.72,1.2,9.78
387320,-0.72,1.21,9.76
387356,-0.73,1.18,9.77
387390,-0.73,1.21,9.8
387427,-0.72,1.16,9.77
387466,-0.74,1.1,9.8
387503,-0.75,1.08,9.76
387540,-0.72,1.12,9.78
387579,-0.71,1.15,9.77
387615,-0.74,1.11,9.78
387652,-0.74,1.1,9.77
387687,-0.65,1.03,9.32
387726,-0.73,1.16,9.52
387763,-0.73,1.08,9.72
387799,-0.69,1.02,9.75
387833,-0.74,1.12,9.78
387872,-0.73,1.08,9.81
387909,-0.71,1.07,9.76
387945,-0.75,1.03,9.73
387984,-0.73,1.06,9.71
388020,-0.73,1.05,9.8
388057,-0.71,1.1,9.76
388092,-0.75,1.06,9.68
388135,-0.74,1.09,9.74
388172,-0.72,1.12,9.8
388208,-0.75,1.1,9.8
388247,-0.71,1.08,9.78
388282,-0.73,1.08,9.78
388318,-0.76,1.1,9.81
388354,-0.73,1.09,9.76
388392,-0.73,1.08,9.78
388428,-0.73,1.05,9.75
388464,-0.74,1.08,9.82
388504,-0.76,1.05,9.81
388540,-0.73,1.13,9.77
388576,-0.75,1.08,9.79
388612,-0.73,1.09,9.82
388649,-0.71,1.16,9.77
388687,-0.74,1.14,9.8
388723,-0.72,1.18,9.81
388759,-0.73,1.15,9.8
388798,-0.73,1.13,9.76
388833,-0.72,1.15,9.79
388869,-0.73,0.99,9.76
388908,-0.73,1.11,9.77
388944,-0.75,1.17,9.76
388979,-0.71,1.15,9.76
389015,-0.7,1.16,9.79
389054,-0.76,0.83,9.73
389089,-0.73,1.04,9.74
389125,-0.74,1.14,9.75
389165,-0.74,1.28,9.77
389199,-0.65,1.39,9.74
389233,-0.7,1.13,9.79
389286,-0.74,1.24,9.77
389325,-0.7,1.24,9.78
389361,-0.7,1.23,9.75
389398,-0.73,1.25,9.76
389432,-0.71,1.23,9.7
389472,-0.76,1.09,9.84
389508,-0.71,1.15,9.79
389543,-0.72,1.22,9.79
389582,-0.73,1.18,9.76
389618,-0.7,1.22,9.74
389654,-0.7,1.19,9.77
389691,-0.74,1.19,9.78
389730,-0.71,1.24,9.72
389767,-0.71,1.18,9.78
389803,-0.72,1.21,9.77
389846,-0.74,1.22,9.77
389880,-0.73,1.21,9.81
389916,-0.7,1.19,9.78
389952,-0.71,1.22,9.77
389990,-0.72,1.2,9.76
390026,-0.73,1.24,10.16
390062,-0.72,1.27,9.88
390100,-0.73,1.24,9.77
390136,-0.73,1.2,9.73
390172,-0.7,1.17,9.77
390209,-0.67,1.19,9.75
390248,-0.77,1.21,9.71
390283,-0.78,1.25,9.75
390319,-0.59,1.13,9.81
390354,-0.67,1.11,9.77
390394,-0.78,1.26,9.79
390433,-0.68,1.16,9.78
390469,-0.72,1.19,9.79
390508,-0.72,1.21,9.79
390544,-0.7,1.19,9.78
390579,-0.72,1.23,9.77
390615,-0.75,1.22,9.77
390653,-0.71,1.18,9.83
390689,-0.73,1.23,9.77
390725,-0.74,1.19,9.76
390764,-0.67,1.19,9.79
390801,-0.73,1.17,9.79
390836,-0.73,1.21,9.76
390872,-0.72,1.15,9.76
390912,-0.73,1.1,9.77
390945,-0.65,1.33,9.7
390980,-0.69,1.33,9.66
391020,-0.7,1.27,9.77
391054,-0.72,1.22,9.67
391088,-0.72,1.47,9.74
391123,-0.71,1.27,9.75
391172,-0.72,1.36,9.77
391207,-0.62,1.26,9.72
391241,-0.72,1.31,9.77
391278,-0.71,1.23,9.71
391317,-0.71,1.22,9.83
391353,-0.7,1.31,9.79
391387,-0.74,1.13,9.77
391426,-0.71,1.22,9.79
391462,-0.75,1.3,9.96
391498,-0.71,1.24,9.82
391533,-0.71,1.08,9.79
391576,-0.71,1.17,9.74
391612,-0.73,1.03,9.75
391647,-0.59,1.27,9.75
391684,-0.73,0.98,9.76
391719,-0.74,1.04,9.79
391754,-0.73,1.28,9.8
391788,-0.6,1.78,9.65
391828,-0.68,1.52,9.75
391864,-0.73,1.5,9.77
391899,-0.71,1.76,9.74
391932,-0.67,1.37,9.75
391971,-0.71,2.03,9.73
392008,-0.72,1.8,9.75
392044,-0.69,1.84,9.71
392083,-0.69,1.75,9.73
392124,-0.71,1.9,9.63
392160,-0.73,1.92,9.99
392196,-0.69,1.78,9.59
392232,-0.63,1.97,9.69
392269,-0.72,1.96,9.74
392305,-0.66,2.03,9.7
392342,-0.67,2.03,9.66
392378,-0.68,2.01,9.75
392414,-0.68,1.97,9.67
392450,-0.72,2.03,9.74
392487,-0.69,2.03,9.66
392524,-0.71,2.05,9.77
392560,-0.72,2.03,9.69
392597,-0.6,2.06,9.6
392635,-0.58,1.99,9.64
392672,-0.72,2.06,9.74
392712,-0.68,2.05,9.67
392751,-0.67,2.06,9.68
392786,-0.72,2.06,9.68
392822,-0.69,2.05,9.67
392858,-0.67,2.08,9.76
392897,-0.69,2.08,9.69
392932,-0.71,2.09,9.72
392968,-0.68,2.05,9.7
393007,-0.68,2.06,9.71
393043,-0.7,2.06,9.68
393078,-0.67,2.06,9.7
393114,-0.66,2.07,9.7
393154,-0.69,2.08,9.68
393191,-0.67,2.09,9.69
393227,-0.68,2.1,9.67
393263,-0.69,2.11,9.7
393307,-0.67,2.08,9.78
393342,-0.69,2.07,9.66
393378,-0.68,2.08,9.67
393416,-0.67,2.08,9.77
393452,-0.68,2.11,9.63
393488,-0.69,2.1,9.72
393525,-0.66,2.06,9.73
393564,-0.71,2.13,9.62
393600,-0.67,2.1,9.66
393634,-0.67,2.07,9.68
393674,-0.66,2.13,9.65
393710,-0.68,2.07,9.7
393747,-0.67,2.1,9.66
393782,-0.68,2.13,9.7
393822,-0.67,2.11,9.69
393863,-0.67,2.1,9.69
393899,-0.69,2.12,9.69
393933,-0.67,2.13,9.69
393972,-0.69,2.1,9.68
394009,-0.69,2.13,9.76
394045,-0.67,2.12,9.67
394083,-0.65,2.09,9.7
394119,-0.73,2.16,9.65
394156,-0.74,2.2,9.72
394191,-0.59,2.05,9.69
394230,-0.69,2.19,9.71
394266,-0.74,2.13,9.66
394302,-0.69,2.09,9.72
394339,-0.69,2.16,9.7
394376,-0.69,2.11,9.68
394412,-0.66,2.09,9.69
394452,-0.69,2.15,9.71
394490,-0.7,2.08,9.62
394526,-0.67,2.13,9.66
394562,-0.7,2.1,9.65
394598,-0.68,2.12,9.71
394635,-0.67,2.13,9.67
394671,-0.71,2.15,9.7
394707,-0.67,2.11,9.69
394746,-0.7,2.14,9.69
394780,-0.67,2.15,9.66
394817,-0.7,2.13,9.67
394853,-0.7,2.13,9.67
394891,-0.67,2.15,9.67
394928,-0.69,2.13,9.69
394963,-0.67,2.15,9.68
395006,-0.68,2.13,9.69
395042,-0.69,2.14,9.67
395078,-0.68,2.13,9.7
395113,-0.67,2.15,9.66
395153,-0.67,2.15,9.67
395188,-0.68,2.18,9.69
395224,-0.69,2.14,9.7
395260,-0.66,2.12,9.72
395299,-0.72,2.18,9.65
395333,-0.72,2.19,9.67
395370,-0.65,2.11,9.69
395410,-0.66,2.08,9.61
395446,-0.7,2.16,9.7
395481,-0.67,2.12,9.64
395517,-0.68,2.19,9.73
395556,-0.68,2.17,9.71
395596,-0.68,2.11,9.68
395631,-0.64,2.16,9.67
395667,-0.7,2.19,9.67
395706,-0.66,2.14,9.67
395742,-0.7,2.18,9.73
395778,-0.69,2.17,9.67
395816,-0.68,2.14,9.72
395852,-0.67,2.17,9.69
395889,-0.69,2.15,9.73
395925,-0.67,2.12,9.69
395964,-0.7,2.18,9.67
396001,-0.69,2.16,9.64
396036,-0.65,2.17,9.69
396076,-0.69,2.14,9.71
396112,-0.68,2.16,9.68
396148,-0.71,2.21,9.81
396188,-0.69,2.13,9.61
396227,-0.67,2.15,9.67
396263,-0.68,2.17,9.68
396299,-0.7,2.17,9.7
396334,-0.66,2.17,9.68
396372,-0.71,2.16,9.71
396408,-0.69,2.18,9.66
396444,-0.68,2.14,9.7
396483,-0.67,2.18,9.67
396519,-0.69,2.17,9.69
396556,-0.68,2.15,9.64
396592,-0.69,2.17,9.67
396631,-0.69,2.17,9.65
396667,-0.66,2.16,9.65
396703,-0.66,2.17,9.69
396747,-0.69,2.17,9.65
396782,-0.67,2.16,9.67
396819,-0.69,2.17,9.69
396855,-0.68,2.18,9.68
396894,-0.67,2.17,9.66
396929,-0.67,2.17,9.66
396964,-0.67,2.17,9.67
397000,-0.67,2.17,9.69
397038,-0.68,2.18,9.68
397075,-0.67,2.16,9.66
397111,-0.7,2.18,9.58
397151,-0.7,2.16,9.71
397186,-0.63,2.11,9.66
397222,-0.71,2.23,9.68
397258,-0.65,2.16,9.67
397298,-0.65,2.18,9.7
397337,-0.7,2.22,9.68
397373,-0.67,2.16,9.72
397412,-0.69,2.21,9.73
397448,-0.67,2.2,9.75
397483,-0.58,2.12,9.35
397519,-0.73,2.11,9.17
397558,-0.67,2.21,9.53
397594,-0.7,2.12,9.77
397629,-0.73,2.24,9.64
397665,-0.71,2.21,9.79
397705,-0.62,2.14,9.61
397742,-0.73,2.26,9.69
397777,-0.68,2.2,9.7
397816,-0.67,2.2,9.7
397853,-0.69,2.21,9.65
397889,-0.67,2.17,9.65
397930,-0.7,2.19,9.69
397969,-0.7,2.19,9.72
398006,-0.67,2.17,9.62
398042,-0.67,2.25,9.65
398081,-0.7,2.18,9.71
398116,-0.68,2.21,9.68
398152,-0.62,2.14,9.7
398189,-0.69,2.11,9.63
398228,-0.7,2.19,9.63
398264,-0.67,2.19,9.66
398301,-0.69,2.21,9.66
398336,-0.69,2.2,9.66
398374,-0.68,2.2,9.68
398411,-0.68,2.19,9.69
398448,-0.67,2.2,9.67
398490,-0.66,2.2,9.67
398526,-0.67,2.18,9.65
398562,-0.68,2.21,9.72
398598,-0.7,2.21,9.7
398636,-0.68,2.18,9.67
398671,-0.7,2.18,9.71
398708,-0.68,2.19,9.67
398747,-0.67,2.17,9.66
398782,-0.68,2.2,9.66
398818,-0.67,2.2,9.66
398854,-0.67,2.2,9.69
398894,-0.68,2.21,9.68
398928,-0.67,2.2,9.66
398964,-0.68,2.2,9.69
399001,-0.67,2.19,9.67
399039,-0.67,2.19,9.69
399079,-0.68,2.2,9.66
399115,-0.67,2.19,9.68
399154,-0.66,2.17,9.66
399191,-0.69,2.22,9.67
399226,-0.68,2.2,9.64
399262,-0.68,2.18,9.69
399301,-0.67,2.21,9.72
399336,-0.67,2.19,9.66
399372,-0.67,2.21,9.66
399411,-0.69,2.18,9.67
399448,-0.67,2.2,9.67
399482,-0.67,2.18,9.66
399519,-0.67,2.17,9.69
399558,-0.69,2.19,9.66
399594,-0.69,2.2,9.66
399632,-0.7,2.2,9.67
399668,-0.67,2.2,9.66
399716,-0.68,2.2,9.7
399752,-0.67,2.2,9.67
399788,-0.68,2.22,9.67
399826,-0.69,2.2,9.66
399862,-0.68,2.2,9.68
399898,-0.67,2.22,9.67
399933,-0.68,2.21,9.65
399972,-0.69,2.2,9.67
400009,-0.68,2.19,9.68
400045,-0.67,2.21,9.66
400083,-0.68,2.21,9.66
400119,-0.68,2.2,9.66
400156,-0.68,2.2,9.65
400196,-0.68,2.22,9.69
400234,-0.68,2.19,9.66
400270,-0.65,2.2,9.66
400306,-0.68,2.23,9.66
400342,-0.7,2.21,9.63
400380,-0.67,2.18,9.63
400417,-0.69,2.22,9.71
400453,-0.7,2.2,9.64
400492,-0.66,2.21,9.67
400528,-0.68,2.21,9.63
400564,-0.68,2.22,9.68
400601,-0.67,2.19,9.7
400638,-0.67,2.2,9.69
400674,-0.67,2.2,9.68
400711,-0.66,2.22,9.67
400755,-0.69,2.23,9.66
400791,-0.67,2.21,9.69
400827,-0.68,2.2,9.66
400863,-0.67,2.21,9.69
400902,-0.68,2.21,9.67
400936,-0.67,2.22,9.66
400972,-0.67,2.19,9.66
401008,-0.7,2.22,9.67
401047,-0.66,2.21,9.7
401082,-0.68,2.2,9.66
401119,-0.69,2.22,9.64
401158,-0.7,2.18,9.68
401195,-0.68,2.19,9.69
401229,-0.68,2.22,9.64
401266,-0.67,2.2,9.72
401305,-0.68,2.22,9.69
401346,-0.67,2.2,9.69
401380,-0.67,2.17,9.65
401420,-0.67,2.21,9.69
401456,-0.67,2.24,9.67
401491,-0.67,2.18,9.7
401527,-0.67,2.19,9.68
401566,-0.67,2.22,9.65
401603,-0.67,2.2,9.67
401638,-0.68,2.2,9.65
401674,-0.69,2.21,9.67
401714,-0.67,2.2,9.67
401751,-0.68,2.21,9.69
401785,-0.67,2.22,9.65
401825,-0.69,2.19,9.64
401861,-0.72,2.23,9.73
401898,-0.73,2.2,9.77
401937,-0.69,2.2,9.7
401976,-0.69,2.17,9.65
402012,-0.64,2.14,9.74
402049,-0.69,2.25,9.68
402086,-0.69,2.22,9.68
402122,-0.64,2.19,9.69
402158,-0.68,2.21,9.69
402194,-0.69,2.21,9.63
402232,-0.67,2.2,9.65
402269,-0.66,2.23,9.67
402305,-0.67,2.23,9.69
402341,-0.68,2.21,9.64
402380,-0.68,2.22,9.67
402417,-0.68,2.22,9.65
402453,-0.69,2.23,9.69
402497,-0.68,2.23,9.66
402532,-0.69,2.21,9.67
402568,-0.67,2.19,9.71
402604,-0.68,2.19,9.7
402642,-0.69,2.19,9.62
402678,-0.68,2.2,9.62
402714,-0.67,2.23,9.65
402753,-0.69,2.21,9.66
402790,-0.66,2.22,9.69
402826,-0.69,2.23,9.66
402862,-0.69,2.23,9.7
402902,-0.68,2.22,9.68
402937,-0.67,2.2,9.69
402973,-0.65,2.23,9.66
403010,-0.67,2.22,9.69
403049,-0.68,2.25,9.67
403089,-0.67,2.21,9.69
403125,-0.66,2.23,9.67
403164,-0.66,2.24,9.67
403200,-0.67,2.24,9.67
403234,-0.66,2.2,9.67
403271,-0.66,2.24,9.67
403310,-0.67,2.22,9.66
403347,-0.68,2.27,9.7
403381,-0.68,2.23,9.67
403421,-0.67,2.21,9.67
403457,-0.67,2.26,9.66
403493,-0.69,2.22,9.68
403528,-0.66,2.24,9.66
403567,-0.66,2.21,9.69
403604,-0.67,2.23,9.68
403640,-0.68,2.23,9.67
403681,-0.67,2.24,9.67
403720,-0.67,2.24,9.66
403756,-0.67,2.21,9.66
403791,-0.7,2.23,9.68
403830,-0.67,2.23,9.69
403867,-0.65,2.24,9.69
403903,-0.67,2.24,9.64
403938,-0.68,2.25,9.65
403978,-0.66,2.22,9.66
404014,-0.67,2.23,9.64
404050,-0.67,2.23,9.71
404088,-0.67,2.2,9.66
404124,-0.68,2.23,9.67
404161,-0.68,2.23,9.66
404198,-0.69,2.22,9.69
404240,-0.67,2.25,9.65
404276,-0.65,2.24,9.66
404312,-0.69,2.25,9.68
404347,-0.66,2.22,9.67
404385,-0.55,2.14,9.29
404422,-0.82,1.64,8.94
404459,-0.66,2.15,9.67
404496,-0.72,2.2,9.65
404531,-0.67,2.25,9.72
404567,-0.66,2.23,9.71
404603,-0.69,2.28,9.57
404642,-0.67,2.27,9.65
404678,-0.67,2.26,9.68
404714,-0.67,2.26,9.65
404754,-0.67,2.29,9.67
404790,-0.68,2.25,9.7
404831,-0.65,2.27,9.66
404867,-0.71,2.27,9.67
404905,-0.66,2.27,9.67
404941,-0.66,2.28,9.66
404977,-0.67,2.29,9.66
405013,-0.66,2.27,9.68
405053,-0.67,2.27,9.67
405089,-0.67,2.26,9.68
405125,-0.67,2.29,9.66
405164,-0.67,2.27,9.69
405200,-0.64,2.23,9.64
405235,-0.67,2.27,9.69
405272,-0.67,2.27,9.68
405311,-0.7,2.29,9.69
405348,-0.64,2.26,9.64
405383,-0.66,2.27,9.65
405426,-0.69,2.25,9.65
405462,-0.64,2.25,9.63
405498,-0.71,2.28,9.66
405532,-0.67,2.25,9.65
405571,-0.67,2.25,9.64
405607,-0.7,2.24,9.71
405643,-0.6,2.28,9.63
405678,-0.7,2.31,9.66
405716,-0.71,2.27,9.73
405753,-0.66,2.27,9.66
405789,-0.69,2.26,9.68
405828,-0.67,2.28,9.6
405864,-0.67,2.27,9.66
405901,-0.67,2.29,9.64
405936,-0.68,2.31,9.69
405979,-0.7,2.29,9.65
406014,-0.66,2.25,9.66
406050,-0.68,2.29,9.68
406088,-0.67,2.27,9.64
406124,-0.66,2.26,9.69
406160,-0.69,2.28,9.66
406196,-0.71,2.3,9.68
406234,-0.66,2.26,9.66
406270,-0.64,2.26,9.69
406306,-0.67,2.29,9.64
406342,-0.7,2.28,9.69
406381,-0.68,2.29,9.64
406417,-0.69,2.28,9.69
406453,-0.67,2.25,9.66
406493,-0.68,2.28,9.67
406528,-0.7,2.29,9.65
406568,-0.69,2.26,9.69
406604,-0.66,2.27,9.64
406643,-0.66,2.27,9.67
406678,-0.69,2.27,9.63
406714,-0.69,2.27,9.68
406753,-0.67,2.29,9.67
406790,-0.68,2.29,9.68
406825,-0.67,2.28,9.65
406861,-0.66,2.24,9.66
406900,-0.69,2.28,9.66
406936,-0.7,2.28,9.68
406972,-0.67,2.28,9.64
407008,-0.68,2.29,9.65
407048,-0.71,2.29,9.66
407083,-0.69,2.29,9.65
407119,-0.62,2.25,9.69
407162,-0.69,2.3,9.64
407198,-0.71,2.28,9.64
407233,-0.65,2.25,9.68
407269,-0.66,2.29,9.68
407309,-0.71,2.3,9.68
407345,-0.71,2.24,9.66
407379,-0.67,2.26,9.65
407418,-0.67,2.28,9.67
407455,-0.7,2.29,9.7
407491,-0.67,2.26,9.69
407527,-0.68,2.28,9.67
407566,-0.67,2.26,9.65
407603,-0.72,2.29,9.69
407639,-0.67,2.26,9.61
407675,-0.69,2.27,9.65
407718,-0.7,2.29,9.66
407754,-0.67,2.29,9.65
407791,-0.66,2.28,9.65
407830,-0.69,2.29,9.67
407866,-0.68,2.25,9.65
407902,-0.69,2.26,9.68
407938,-0.68,2.29,9.66
407976,-0.68,2.26,9.66
408012,-0.68,2.26,9.69
408049,-0.69,2.29,9.68
408087,-0.65,2.28,9.64
408124,-0.68,2.26,9.68
408160,-0.66,2.29,9.68
408197,-0.66,2.27,9.67
408248,-0.68,2.3,9.66
408283,-0.67,2.27,9.64
408318,-0.68,2.27,9.66
408354,-0.66,2.26,9.64
408393,-0.68,2.26,9.66
408429,-0.69,2.29,9.66
408465,-0.69,2.27,9.65
408504,-0.68,2.26,9.67
408541,-0.7,2.27,9.66
408577,-0.68,2.25,9.66
408612,-0.67,2.26,9.69
408652,-0.68,2.27,9.66
408688,-0.7,2.27,9.67
408725,-0.68,2.26,9.66
408764,-0.67,2.24,9.68
408801,-0.68,2.27,9.69
408841,-0.67,2.27,9.67
408877,-0.67,2.28,9.68
408915,-0.69,2.27,9.68
408951,-0.72,2.33,9.69
408986,-0.66,2.43,9.65
409023,-0.66,2.33,9.72
409062,-0.67,2.22,9.62
409098,-0.7,2.27,9.67
409133,-0.66,2.25,9.61
409171,-0.65,2.28,9.7
409207,-0.7,2.29,9.66
409244,-0.69,2.32,9.67
409279,-0.66,2.27,9.66
409319,-0.67,2.27,9.66
409355,-0.67,2.27,9.66
409392,-0.67,2.28,9.67
409432,-0.66,2.26,9.64
409470,-0.69,2.27,9.69
409506,-0.67,2.29,9.68
409542,-0.67,2.27,9.66
409580,-0.67,2.29,9.61
409617,-0.67,2.28,9.67
409653,-0.71,2.29,9.68
409689,-0.69,2.28,9.63
409728,-0.66,2.29,9.67
409763,-0.69,2.27,9.68
409800,-0.68,2.27,9.65
409838,-0.66,2.3,9.63
409874,-0.68,2.29,9.65
409910,-0.66,2.25,9.67
409947,-0.67,2.26,9.65
409990,-0.68,2.31,9.67
410025,-0.67,2.26,9.63
410061,-0.67,2.29,9.67
410097,-0.65,2.3,9.66
410134,-0.68,2.28,9.68
410170,-0.69,2.25,9.67
410207,-0.68,2.3,9.68
410246,-0.66,2.26,9.71
410279,-0.67,2.27,9.66
410316,-0.72,2.28,9.62
410352,-0.68,2.3,9.65
410391,-0.66,2.23,9.66
410427,-0.66,2.26,9.66
410463,-0.69,2.28,9.67
410503,-0.67,2.27,9.64
410540,-0.67,2.27,9.69
410579,-0.69,2.26,9.62
410616,-0.66,2.27,9.69
410655,-0.69,2.21,9.7
410691,-0.65,2.29,9.6
410727,-0.67,2.25,9.64
410766,-0.66,2.29,9.67
410801,-0.67,2.31,9.68
410836,-0.67,2.28,9.65
410872,-0.65,2.23,9.67
410911,-0.68,2.28,9.73
410947,-0.7,2.28,9.66
410983,-0.69,2.28,9.67
411019,-0.64,2.23,9.67
411058,-0.66,2.27,9.68
411095,-0.7,2.32,9.65
411129,-0.66,2.26,9.75
411172,-0.63,2.27,9.57
411209,-0.66,2.23,9.6
411245,-0.67,2.26,9.43
411280,-0.66,2.12,9.56
411319,-0.67,2.29,9.63
411355,-0.7,2.28,9.65
411392,-0.68,2.31,9.69
411426,-0.68,2.24,9.64
411466,-0.7,2.28,9.67
411502,-0.67,2.24,9.7
411538,-0.66,2.27,9.63
411577,-0.68,2.3,9.66
411613,-0.66,2.31,9.69
411650,-0.69,2.28,9.66
411684,-0.66,2.29,9.66
411728,-0.67,2.26,9.67
411764,-0.66,2.28,9.69
411801,-0.66,2.26,9.64
411839,-0.68,2.3,9.67
411875,-0.69,2.28,9.64
411911,-0.66,2.25,9.67
411948,-0.67,2.28,9.66
411985,-0.69,2.27,9.65
412021,-0.65,2.28,9.65
412058,-0.68,2.28,9.66
412094,-0.67,2.27,9.66
412132,-0.67,2.28,9.7
412168,-0.67,2.27,9.67
412205,-0.69,2.29,9.66
412244,-0.68,2.27,9.63
412279,-0.66,2.29,9.67
412320,-0.64,2.27,9.66
412356,-0.67,2.29,9.68
412395,-0.68,2.28,9.65
412430,-0.68,2.24,9.64
412466,-0.67,2.28,9.67
412506,-0.67,2.26,9.67
412541,-0.66,2.27,9.66
412577,-0.68,2.29,9.62
412613,-0.66,2.27,9.65
412652,-0.67,2.27,9.66
412689,-0.7,2.28,9.66
412726,-0.67,2.29,9.63
412762,-0.67,2.26,9.72
412801,-0.68,2.28,9.66
412836,-0.66,2.27,9.68
412873,-0.64,2.11,9.15
412917,-0.68,2.29,9.45
412953,-0.63,2.27,9.66
412989,-0.7,2.24,9.73
413025,-0.66,2.29,9.64
413064,-0.67,2.28,9.73
413101,-0.68,2.29,9.7
413135,-0.65,2.29,9.62
413174,-0.67,2.25,9.65
413211,-0.67,2.3,9.69
413247,-0.69,2.28,9.66
413282,-0.68,2.29,9.66
413322,-0.67,2.34,9.7
413359,-0.67,2.28,9.61
413394,-0.69,2.29,9.69
413429,-0.67,2.26,9.6
413473,-0.67,2.27,9.67
413509,-0.68,2.32,9.62
413546,-0.68,2.28,9.69
413583,-0.66,2.28,9.66
413620,-0.67,2.31,9.66
413656,-0.68,2.31,9.67
413691,-0.69,2.29,9.69
413730,-0.67,2.28,9.66
413766,-0.65,2.29,9.65
413803,-0.67,2.28,9.66
413842,-0.69,2.29,9.67
413878,-0.68,2.29,9.64
413914,-0.7,2.29,9.67
413949,-0.67,2.28,9.67
413988,-0.68,2.28,9.65
414024,-0.68,2.3,9.64
414065,-0.67,2.28,9.66
414101,-0.67,2.29,9.68
414139,-0.63,2.26,9.63
414175,-0.72,2.3,9.66
414211,-0.71,2.29,9.57
414251,-0.62,2.27,9.73
414285,-0.65,2.29,9.65
414321,-0.71,2.36,9.67
414358,-0.68,2.3,9.65
414397,-0.67,2.3,9.66
414432,-0.67,2.28,9.62
414468,-0.65,2.29,9.67
414504,-0.67,2.29,9.66
414544,-0.69,2.31,9.66
414579,-0.67,2.28,9.66
414616,-0.69,2.29,9.68
414659,-0.62,2.28,9.69
414696,-0.68,2.26,9.66
414730,-0.63,2.29,9.63
414766,-0.72,2.35,9.66
414806,-0.7,2.31,9.66
414841,-0.67,2.27,9.69
414877,-0.6,2.28,9.65
414916,-0.72,2.35,9.64
414952,-0.72,2.3,9.66
414988,-0.63,2.27,9.67
415025,-0.65,2.28,9.63
415064,-0.7,2.3,9.67
415100,-0.68,2.29,9.68
415135,-0.66,2.29,9.65
415174,-0.68,2.32,9.64
415215,-0.68,2.31,9.67
415251,-0.67,2.34,9.65
415286,-0.67,2.32,9.68
415325,-0.7,2.34,9.61
415361,-0.69,2.32,9.66
415397,-0.62,2.28,9.68
415432,-0.64,2.31,9.65
415471,-0.74,2.39,9.66
415508,-0.65,2.25,9.64
415544,-0.62,2.3,9.66
415582,-0.69,2.35,9.66
415619,-0.68,2.37,9.62
415655,-0.69,2.32,9.68
415691,-0.69,2.31,9.69
415730,-0.67,2.32,9.64
415767,-0.65,2.33,9.7
415807,-0.67,2.34,9.65
415846,-0.68,2.33,9.66
415881,-0.67,2.32,9.65
415917,-0.7,2.32,9.68
415953,-0.6,2.3,9.68
415992,-0.61,2.34,9.64
416027,-0.74,2.35,9.68
416063,-0.67,2.29,9.61
416100,-0.61,2.3,9.69
416138,-0.68,2.32,9.64
416174,-0.73,2.36,9.65
416209,-0.65,2.3,9.66
416249,-0.66,2.3,9.68
416284,-0.66,2.32,9.63
416321,-0.67,2.35,9.69
416358,-0.69,2.33,9.67
416401,-0.67,2.3,9.67
416436,-0.69,2.32,9.67
416472,-0.67,2.32,9.69
416512,-0.62,2.29,9.66
416547,-0.67,2.35,9.64
416582,-0.73,2.33,9.64
416619,-0.65,2.29,9.67
416658,-0.65,2.35,9.68
416694,-0.69,2.34,9.66
416729,-0.67,2.34,9.66
416765,-0.67,2.32,9.65
416814,-0.67,2.31,9.66
416849,-0.7,2.37,9.71
416885,-0.67,2.33,9.67
416929,-0.64,2.31,9.63
416965,-0.68,2.36,9.66
417001,-0.69,2.35,9.74
417036,-0.64,2.31,9.67
417076,-0.71,2.4,9.92
417112,-0.68,2.36,9.66
417147,-0.67,2.32,9.6
417185,-0.64,2.31,9.61
417221,-0.67,2.35,9.68
417257,-0.67,2.34,9.6
417293,-0.66,2.34,9.69
417332,-0.66,2.3,9.66
417368,-0.68,2.35,9.64
417403,-0.67,2.31,9.68
417440,-0.66,2.31,9.67
417483,-0.63,2.34,9.61
417519,-0.67,2.37,9.65
417556,-0.65,2.4,9.56
417593,-0.64,2.41,9.61
417628,-0.65,2.17,9.62
417664,-0.66,2.15,9.73
417697,-0.67,2.23,9.67
417734,-0.7,1.51,9.76
417771,-0.72,1.17,9.75
417807,-0.69,1.82,9.73
417845,-0.69,1.96,9.72
417879,-0.69,1.85,9.71
417914,-0.69,1.89,9.71
417950,-0.67,1.77,9.72
417987,-0.68,1.64,9.74
418024,-0.72,1.79,9.74
418064,-0.7,1.77,9.77
418100,-0.68,1.78,9.76
418137,-0.73,1.83,9.72
418172,-0.7,1.78,9.75
418208,-0.7,1.75,9.74
418245,-0.7,1.74,9.72
418279,-0.71,1.75,9.73
418316,-0.67,1.73,9.72
418352,-0.69,1.78,9.72
418391,-0.71,1.78,9.72
418426,-0.7,1.74,9.73
418462,-0.69,1.72,9.75
418501,-0.72,1.77,9.75
418537,-0.67,1.73,9.71
418573,-0.69,1.73,9.71
418610,-0.71,1.74,9.75
418653,-0.71,1.26,9.8
418686,-0.67,2.42,9.65
418722,-0.67,2.46,9.63
418759,-0.67,1.71,9.75
418796,-0.67,2.17,9.7
418830,-0.67,2.28,9.67
418867,-0.62,2.38,9.65
418906,-0.69,2.23,9.7
418941,-0.67,2.29,9.66
418976,-0.65,2.4,9.63
419012,-0.66,2.24,9.68
419050,-0.68,2.28,9.66
419084,-0.65,2.37,9.64
419120,-0.66,2.29,9.68
419160,-0.66,2.34,9.66
419197,-0.65,2.34,9.66
419232,-0.67,2.28,9.67
419269,-0.65,2.34,9.68
419308,-0.68,2.32,9.67
419344,-0.67,2.29,9.64
419378,-0.66,2.35,9.65
419415,-0.65,2.32,9.65
419453,-0.67,2.32,9.66
419489,-0.66,2.35,9.65
419526,-0.64,2.31,9.64
419565,-0.67,2.34,9.66
419601,-0.67,2.38,9.65
419637,-0.68,2.34,9.67
419673,-0.67,2.33,9.67
419713,-0.67,2.37,9.66
419749,-0.66,2.34,9.65
419788,-0.68,2.36,9.62
419827,-0.67,2.36,9.65
419863,-0.65,2.3,9.67
419900,-0.66,2.37,9.65
419934,-0.65,2.37,9.64
419974,-0.65,2.32,9.63
420009,-0.66,2.32,9.66
420045,-0.66,2.34,9.64
420080,-0.67,2.36,9.63
420120,-0.66,2.33,9.65
420156,-0.67,2.34,9.66
420193,-0.67,2.36,9.64
420231,-0.67,2.36,9.65
420268,-0.67,2.3,9.66
420303,-0.68,2.37,9.66
420340,-0.67,2.36,9.64
420383,-0.68,2.34,9.64
420419,-0.68,2.35,9.65
420456,-0.67,2.37,9.68
420495,-0.65,2.35,9.63
420529,-0.66,2.34,9.64
420566,-0.66,2.36,9.67
420601,-0.67,2.34,9.66
420639,-0.68,2.35,9.64
420676,-0.67,2.34,9.63
420712,-0.67,2.35,9.65
420748,-0.66,2.36,9.68
420787,-0.67,2.37,9.63
420823,-0.67,2.31,9.69
420859,-0.65,2.29,9.68
420898,-0.66,2.79,9.57
420932,-0.69,1.93,9.73
420969,-0.68,2.37,9.64
421005,-0.67,2.57,9.62
421045,-0.66,2.14,9.68
421080,-0.67,2.41,9.59
421115,-0.64,2.49,9.65
421154,-0.67,2.32,9.66
421188,-0.65,2.34,9.66
421224,-0.68,2.47,9.62
421260,-0.67,2.36,9.68
421298,-0.67,2.32,9.66
421332,-0.67,2.47,9.68
421368,-0.56,2.48,9.59
421405,-0.6,2.27,9.61
421442,-0.68,2.29,9.7
421478,-0.68,2.46,9.62
421518,-0.67,2.37,9.64
421558,-0.66,2.37,9.66
421592,-0.67,2.44,9.64
421626,-0.64,2.36,9.65
421662,-0.68,2.4,9.62
421701,-0.67,2.41,9.63
421738,-0.65,2.39,9.65
421774,-0.64,2.4,9.64
421813,-0.66,2.4,9.66
421850,-0.67,2.4,9.65
421885,-0.66,2.4,9.65
421922,-0.62,2.36,9.66
422132,-0.69,2.42,9.63
422168,-0.67,2.37,9.62
422205,-0.68,2.41,9.66
422244,-0.63,2.41,9.67
422278,-0.65,2.38,9.64
422315,-0.63,2.4,9.61
422350,-0.68,2.41,9.66
422389,-0.66,2.37,9.67
422425,-0.65,2.4,9.61
422461,-0.69,2.41,9.66
422498,-0.66,2.37,9.65
422536,-0.67,2.4,9.64
422572,-0.67,2.4,9.64
422608,-0.66,2.4,9.63
422648,-0.65,2.4,9.65
422683,-0.64,2.4,9.66
422720,-0.65,2.4,9.63
422761,-0.6,2.35,9.54
422800,-0.67,2.41,9.67
422835,-0.65,2.39,9.65
422871,-0.67,2.4,9.66
422906,-0.66,2.39,9.66
422940,-0.65,2.37,9.61
422976,-0.65,2.4,9.65
423012,-0.67,2.41,9.64
423051,-0.65,2.38,9.66
423087,-0.65,2.4,9.64
423123,-0.67,2.39,9.65
423159,-0.65,2.39,9.66
423198,-0.66,2.4,9.66
423233,-0.62,2.31,9.49
423269,-0.65,2.38,9.66
423309,-0.65,2.39,9.64
423350,-0.66,2.38,9.66
423385,-0.66,2.37,9.63
423420,-0.67,2.39,9.63
423459,-0.66,2.39,9.66
423496,-0.66,2.4,9.65
423530,-0.67,2.41,9.64
423569,-0.66,2.4,9.64
423606,-0.67,2.39,9.63
423642,-0.67,2.41,9.64
423676,-0.67,2.39,9.64
423715,-0.68,2.4,9.61
423751,-0.63,2.39,9.64
423788,-0.65,2.4,9.59
423824,-0.64,2.4,9.62
423864,-0.68,2.41,9.65
423900,-0.66,2.4,9.62
423940,-0.66,2.39,9.66
423979,-0.66,2.38,9.63
424014,-0.67,2.41,9.62
424050,-0.67,2.39,9.66
424085,-0.67,2.41,9.64
424124,-0.67,2.38,9.61
424160,-0.65,2.4,9.68
424196,-0.66,2.38,9.66
424233,-0.63,2.39,9.65
424269,-0.63,2.33,9.49
424306,-0.69,2.33,9.54
424340,-0.67,2.33,9.57
424379,-0.66,2.44,9.67
424416,-0.64,2.32,9.53
424452,-0.67,2.48,9.68
424488,-0.65,2.4,9.61
424531,-0.67,2.43,9.65
424568,-0.63,2.43,9.65
424604,-0.65,2.4,9.65
424643,-0.67,2.42,9.62
424678,-0.67,2.39,9.66
424714,-0.69,2.39,9.63
424750,-0.67,2.45,9.67
424788,-0.67,2.39,9.68
424825,-0.65,2.4,9.63
424861,-0.67,2.43,9.66
424898,-0.67,2.41,9.66
424936,-0.66,2.41,9.66
424972,-0.67,2.4,9.64
425009,-0.67,2.39,9.66
425049,-0.68,2.41,9.64
425088,-0.66,2.42,9.65
425123,-0.67,2.4,9.62
425159,-0.66,2.43,9.7
425199,-0.66,2.39,9.64
425234,-0.65,2.41,9.66
425270,-0.67,2.41,9.63
425309,-0.65,2.4,9.67
425346,-0.67,2.41,9.66
425380,-0.67,2.38,9.64
425416,-0.67,2.43,9.66
425464,-0.66,2.38,9.61
425501,-0.68,2.4,9.65
425537,-0.67,2.38,9.64
425574,-0.66,2.42,9.63
425617,-0.66,2.41,9.62
425653,-0.64,2.37,9.65
425690,-0.67,2.41,9.65
425729,-0.67,2.4,9.61
425764,-0.65,2.39,9.66
425800,-0.65,2.46,9.67
425836,-0.66,2.39,9.65
425875,-0.63,2.38,9.62
425911,-0.67,2.41,9.63
425948,-0.68,2.4,9.64
425986,-0.69,2.39,9.63
426022,-0.65,2.43,9.64
426058,-0.63,2.38,9.62
426095,-0.67,2.41,9.62
426133,-0.7,2.42,9.61
426170,-0.64,2.39,9.65
426211,-0.67,2.42,9.65
426247,-0.66,2.43,9.67
426285,-0.66,2.4,9.66
426320,-0.67,2.42,9.66
426357,-0.67,2.42,9.66
426396,-0.65,2.36,9.63
426431,-0.66,2.41,9.64
426467,-0.65,2.43,9.66
426504,-0.65,2.39,9.64
426543,-0.65,2.42,9.65
426577,-0.67,2.4,9.59
426614,-0.67,2.45,9.67
426653,-0.67,2.38,9.68
426689,-0.66,2.42,9.61
426725,-0.65,2.42,9.63
426762,-0.67,2.4,9.65
426806,-0.65,2.41,9.64
426842,-0.68,2.44,9.66
426876,-0.65,2.37,9.62
426913,-0.66,2.38,9.66
426952,-0.67,2.4,9.66
426988,-0.66,2.43,9.67
427025,-0.65,2.39,9.65
427064,-0.67,2.43,9.6
427100,-0.68,2.41,9.65
427136,-0.64,2.41,9.64
427171,-0.66,2.41,9.67
427211,-0.66,2.43,9.66
427248,-0.65,2.37,9.62
427283,-0.65,2.43,9.66
427323,-0.64,2.4,9.64
427364,-0.66,2.4,9.64
427400,-0.66,2.43,9.65
427435,-0.65,2.4,9.66
427474,-0.65,2.4,9.64
427510,-0.67,2.41,9.65
427546,-0.67,2.4,9.67
427584,-0.65,2.41,9.64
427620,-0.66,2.4,9.66
427657,-0.65,2.42,9.65
427693,-0.66,2.4,9.65
427730,-0.67,2.4,9.61
427767,-0.67,2.4,9.62
427804,-0.65,2.4,9.65
427840,-0.65,2.41,9.67
427879,-0.72,2.55,10.05
427915,-0.62,2.43,9.77
427956,-0.67,2.37,9.65
427995,-0.66,2.42,9.62
428028,-0.67,2.38,9.72
428065,-0.67,2.45,9.71
428101,-0.67,2.4,9.63
428140,-0.66,2.43,9.68
428175,-0.67,2.43,9.66
428212,-0.63,2.4,9.65
428251,-0.66,2.39,9.63
428288,-0.67,2.45,9.61
428323,-0.63,2.32,9.6
428359,-0.65,2.41,9.65
428397,-0.67,2.43,9.63
428432,-0.64,2.39,9.64
428468,-0.63,2.31,9.63
428505,-0.77,2.55,9.65
428547,-0.59,2.36,9.65
428580,-0.56,2.31,9.65
428615,-0.72,2.51,9.61
428654,-0.63,2.38,9.66
428688,-0.65,2.33,9.64
428724,-0.69,2.5,9.62
428760,-0.66,2.44,9.64
428796,-0.66,2.35,9.66
428830,-0.66,2.46,9.6
428866,-0.66,2.42,9.65
428905,-0.64,2.37,9.66
428942,-0.66,2.43,9.65
428977,-0.64,2.4,9.64
429012,-0.68,2.4,9.65
429051,-0.66,2.44,9.62
429092,-0.66,2.4,9.59
429126,-0.65,2.41,9.6
429162,-0.68,2.44,9.73
429201,-0.66,2.37,9.68
429238,-0.69,2.44,9.68
429274,-0.64,2.41,9.62
429313,-0.65,2.4,9.65
429348,-0.65,2.43,9.62
429383,-0.66,2.41,9.64
429419,-0.65,2.4,9.62
429458,-0.65,2.43,9.64
429495,-0.65,2.43,9.64
429529,-0.65,2.4,9.64
429569,-0.66,2.43,9.67
429604,-0.67,2.46,9.64
429643,-0.67,2.43,9.63
429678,-0.67,2.43,9.69
429717,-0.66,2.41,9.65
429754,-0.67,2.44,9.67
429790,-0.64,2.41,9.6
429825,-0.67,2.45,9.72
429863,-0.64,2.43,9.66
429900,-0.69,2.44,9.65
429935,-0.64,2.46,9.7
429975,-0.67,2.35,9.61
430011,-0.73,2.51,9.66
430046,-0.63,2.43,9.63
430081,-0.67,2.41,9.65
430120,-0.65,2.48,9.59
430156,-0.65,2.39,9.63
430191,-0.67,2.41,9.64
430233,-0.64,2.48,9.65
430269,-0.65,2.37,9.6
430305,-0.66,2.5,9.67
430339,-0.66,2.47,9.61
430377,-0.65,2.43,9.6
430414,-0.66,2.49,9.66
430450,-0.63,2.42,9.64
430486,-0.64,2.42,9.62
430525,-0.66,2.5,9.66
430561,-0.65,2.42,9.63
430598,-0.67,2.44,9.63
430636,-0.69,2.45,9.66
430671,-0.66,2.4,9.58
430707,-0.63,2.46,9.6
430744,-0.65,2.43,9.62
430783,-0.67,2.45,9.67
430823,-0.67,2.45,9.65
430859,-0.65,2.42,9.63
430898,-0.65,2.44,9.63
430932,-0.67,2.47,9.62
430968,-0.65,2.43,9.56
431004,-0.64,2.37,9.63
431041,-0.62,2.45,9.6
431076,-0.66,2.47,9.6
431113,-0.64,2.36,9.6
431149,-0.68,2.46,9.63
431185,-0.62,2.51,9.71
431222,-0.54,2.32,9.66
431258,-0.71,2.48,9.66
431296,-0.72,2.55,9.58
431330,-0.61,2.33,9.58
431367,-0.67,2.43,9.64
431407,-0.69,2.52,9.66
431446,-0.6,2.34,9.6
431480,-0.66,2.45,9.64
431516,-0.66,2.45,9.62
431554,-0.64,2.4,9.68
431589,-0.66,2.46,9.63
431625,-0.66,2.44,9.63
431661,-0.65,2.39,9.6
431698,-0.66,2.48,9.65
431734,-0.67,2.42,9.62
431770,-0.66,2.41,9.64
431807,-0.66,2.44,9.6
431847,-0.67,2.42,9.65
431882,-0.65,2.4,9.62
431918,-0.67,2.47,9.61
431962,-0.63,2.4,9.67
431997,-0.68,2.29,9.36
432032,-0.61,2.54,9.63
432068,-0.65,2.33,9.53
432107,-0.68,2.51,9.65
432143,-0.63,2.36,9.55
432177,-0.67,2.41,9.7
432216,-0.64,2.47,9.6
432251,-0.67,2.46,9.68
432286,-0.67,2.41,9.63
432322,-0.66,2.49,9.64
432362,-0.65,2.35,9.62
432398,-0.68,2.45,9.66
432432,-0.67,2.44,9.6
432468,-0.66,2.41,9.67
432507,-0.66,2.47,9.66
432548,-0.65,2.4,9.6
432583,-0.67,2.43,9.6
432622,-0.64,2.46,9.62
432658,-0.66,2.4,9.61
432695,-0.66,2.45,9.63
432730,-0.65,2.42,9.61
432769,-0.67,2.42,9.63
432805,-0.67,2.47,9.62
432841,-0.64,2.42,9.59
432879,-0.66,2.46,9.66
432916,-0.66,2.42,9.62
432952,-0.66,2.42,9.66
432989,-0.63,2.45,9.63
433028,-0.66,2.45,9.6
433064,-0.67,2.4,9.67
433100,-0.66,2.37,9.63
433138,-0.64,2.49,9.64
433177,-0.66,2.39,9.64
433213,-0.66,2.46,9.63
433249,-0.67,2.47,9.64
433288,-0.63,2.41,9.61
433324,-0.65,2.42,9.64
433360,-0.65,2.43,9.63
433396,-0.66,2.46,9.66
433434,-0.67,2.43,9.65
433471,-0.64,2.43,9.64
433507,-0.68,2.45,9.65
433547,-0.65,2.44,9.64
433582,-0.66,2.42,9.62
433618,-0.66,2.43,9.61
433655,-0.67,2.44,9.64
433698,-0.66,2.44,9.62
433734,-0.67,2.44,9.63
433770,-0.67,2.41,9.61
433806,-0.66,2.47,9.66
433846,-0.64,2.42,9.65
433881,-0.65,2.45,9.61
433916,-0.67,2.43,9.65
433966,-0.66,2.41,9.65
434001,-0.64,2.46,9.63
434037,-0.66,2.41,9.65
434073,-0.65,2.42,9.63
434113,-0.69,2.44,9.65
434149,-0.66,2.49,9.64
434184,-0.64,2.46,9.61
434227,-0.66,2.5,9.58
434264,-0.67,2.41,9.64
434299,-0.65,2.41,9.65
434335,-0.67,2.55,9.63
434375,-0.65,2.41,9.64
434411,-0.67,2.42,9.65
434447,-0.66,2.51,9.62
434483,-0.67,2.44,9.67
434522,-0.65,2.43,9.65
434557,-0.68,2.48,9.64
434593,-0.66,2.44,9.62
434631,-0.66,2.47,9.62
434668,-0.66,2.44,9.62
434704,-0.66,2.45,9.63
434741,-0.64,2.45,9.65
434780,-0.67,2.45,9.63
434821,-0.68,2.43,9.62
434856,-0.67,2.47,9.67
434895,-0.67,2.45,9.61
434930,-0.64,2.45,9.63
434967,-0.67,2.46,9.66
435003,-0.67,2.47,9.63
435042,-0.65,2.44,9.61
435077,-0.67,2.48,9.61
435112,-0.65,2.44,9.63
435149,-0.7,2.43,9.62
435188,-0.66,2.47,9.59
435224,-0.66,2.44,9.62
435260,-0.66,2.43,9.62
435300,-0.65,2.45,9.6
435337,-0.66,2.47,9.63
435373,-0.65,2.45,9.61
435414,-0.66,2.47,9.67
435452,-0.67,2.5,9.64
435488,-0.67,2.43,9.61
435524,-0.65,2.47,9.61
435562,-0.68,2.48,9.66
435599,-0.66,2.42,9.66
435634,-0.66,2.47,9.64
435671,-0.67,2.48,9.62
435709,-0.66,2.46,9.66
435746,-0.67,2.49,9.63
435781,-0.66,2.46,9.65
435818,-0.67,2.46,9.61
435858,-0.67,2.45,9.64
435894,-0.67,2.44,9.65
435930,-0.66,2.45,9.62
435974,-0.66,2.44,9.62
436009,-0.67,2.46,9.65
436045,-0.65,2.44,9.61
436080,-0.65,2.46,9.61
436119,-0.68,2.47,9.62
436156,-0.67,2.47,9.63
436192,-0.66,2.46,9.62
436230,-0.66,2.46,9.64
436267,-0.67,2.46,9.62
436302,-0.66,2.46,9.66
436338,-0.65,2.44,9.6
436377,-0.65,2.48,9.59
436414,-0.67,2.44,9.64
436450,-0.67,2.45,9.63
436487,-0.67,2.48,9.63
436526,-0.65,2.47,9.62
436567,-0.66,2.46,9.63
436602,-0.67,2.47,9.63
436641,-0.65,2.44,9.65
436676,-0.65,2.46,9.63
436712,-0.67,2.49,9.62
436749,-0.67,2.44,9.63
436788,-0.63,2.46,9.63
436824,-0.66,2.47,9.58
436859,-0.65,2.45,9.65
436899,-0.65,2.44,9.63
436935,-0.67,2.47,9.61
436972,-0.65,2.45,9.6
437008,-0.67,2.46,9.64
437048,-0.66,2.47,9.62
437084,-0.65,2.46,9.64
437120,-0.66,2.47,9.61
437160,-0.67,2.47,9.63
437200,-0.66,2.45,9.64
437236,-0.67,2.46,9.66
437272,-0.65,2.46,9.63
437311,-0.66,2.47,9.64
437347,-0.64,2.46,9.65
437383,-0.66,2.46,9.64
437419,-0.67,2.44,9.65
437458,-0.66,2.47,9.64
437494,-0.67,2.47,9.66
437529,-0.65,2.44,9.62
437569,-0.68,2.46,9.64
437606,-0.67,2.48,9.64
437643,-0.67,2.44,9.64
437678,-0.67,2.42,9.62
437722,-0.67,2.47,9.62
437757,-0.66,2.47,9.64
437794,-0.65,2.45,9.66
437829,-0.67,2.44,9.58
437868,-0.64,2.46,9.64
437904,-0.67,2.45,9.63
437940,-0.66,2.48,9.62
437979,-0.65,2.42,9.59
438014,-0.68,2.46,9.67
438050,-0.68,2.46,9.64
438087,-0.67,2.46,9.62
438126,-0.64,2.44,9.61
438163,-0.66,2.44,9.64
438199,-0.67,2.47,9.64
438239,-0.66,2.46,9.65
438274,-0.65,2.45,9.64
438315,-0.65,2.47,9.6
438350,-0.67,2.46,9.62
438389,-0.67,2.45,9.63
438424,-0.67,2.49,9.64
438461,-0.67,2.47,9.65
438497,-0.67,2.45,9.64
438536,-0.66,2.46,9.63
438572,-0.64,2.46,9.62
438607,-0.65,2.45,9.63
438647,-0.67,2.45,9.64
438682,-0.67,2.46,9.6
438719,-0.67,2.49,9.63
438756,-0.66,2.47,9.66
438795,-0.66,2.48,9.65
438831,-0.65,2.45,9.61
438867,-0.64,2.47,9.64
438910,-0.66,2.46,9.65
438947,-0.64,2.45,9.61
438982,-0.66,2.49,9.65
439018,-0.66,2.47,9.64
439058,-0.65,2.47,9.65
439094,-0.65,2.46,9.63
439129,-0.66,2.46,9.62
439165,-0.65,2.47,9.61
439204,-0.67,2.5,9.65
439240,-0.65,2.47,9.63
439276,-0.66,2.47,9.61
439315,-0.67,2.47,9.64
439352,-0.66,2.46,9.61
439388,-0.66,2.47,9.63
439424,-0.65,2.47,9.62
439467,-0.67,2.5,9.67
439503,-0.69,2.45,9.62
439539,-0.64,2.49,9.58
439577,-0.66,2.44,9.62
439613,-0.65,2.47,9.62
439649,-0.65,2.46,9.61
439686,-0.65,2.43,9.65
439725,-0.68,2.5,9.6
439760,-0.66,2.47,9.66
439797,-0.64,2.42,9.66
439832,-0.65,2.49,9.63
439872,-0.63,2.45,9.63
439908,-0.65,2.45,9.64
439945,-0.66,2.49,9.61
439983,-0.67,2.47,9.66
440019,-0.65,2.47,9.64
440060,-0.67,2.45,9.63
440096,-0.66,2.47,9.63
440134,-0.67,2.45,9.64
440171,-0.66,2.46,9.62
440207,-0.64,2.47,9.67
440246,-0.65,2.46,9.64
440282,-0.64,2.47,9.62
440317,-0.67,2.48,9.63
440353,-0.66,2.46,9.66
440392,-0.67,2.47,9.62
440428,-0.67,2.43,9.61
440464,-0.67,2.47,9.61
440501,-0.67,2.46,9.63
440540,-0.65,2.45,9.62
440576,-0.65,2.47,9.6
440612,-0.67,2.49,9.65
440655,-0.67,2.46,9.65
440691,-0.65,2.47,9.63
440726,-0.66,2.45,9.62
440762,-0.66,2.48,9.62
440801,-0.66,2.45,9.64
440837,-0.65,2.47,9.61
440872,-0.66,2.46,9.6
440912,-0.66,2.43,9.57
440948,-0.68,2.45,9.63
440984,-0.64,2.45,9.63
441021,-0.66,2.5,9.6
441060,-0.66,2.49,9.63
441097,-0.65,2.48,9.62
441133,-0.67,2.46,9.62
441169,-0.67,2.47,9.62
441212,-0.66,2.46,9.63
441248,-0.67,2.46,9.63
441285,-0.67,2.49,9.63
441324,-0.65,2.47,9.61
441360,-0.66,2.46,9.64
441397,-0.67,2.46,9.65
441432,-0.67,2.49,9.61
441472,-0.65,2.47,9.6
441507,-0.67,2.49,9.65
441543,-0.66,2.47,9.67
441582,-0.66,2.45,9.67
441618,-0.67,2.46,9.66
441655,-0.66,2.49,9.64
441691,-0.64,2.46,9.61
441729,-0.67,2.49,9.59
441765,-0.65,2.48,9.65
441806,-0.67,2.47,9.66
441842,-0.66,2.48,9.62
441880,-0.66,2.46,9.64
441916,-0.67,2.46,9.66
441952,-0.67,2.45,9.64
441992,-0.66,2.47,9.61
442025,-0.66,2.47,9.6
442062,-0.67,2.46,9.62
442098,-0.65,2.51,9.72
442138,-0.65,2.44,9.6
442173,-0.66,2.51,9.6
442209,-0.65,2.43,9.61
442249,-0.66,2.51,9.65
442286,-0.66,2.46,9.58
442321,-0.64,2.48,9.59
442357,-0.64,2.48,9.64
442401,-0.67,2.5,9.61
442437,-0.66,2.47,9.61
442472,-0.65,2.45,9.62
442509,-0.66,2.47,9.63
442557,-0.66,2.5,9.65
442593,-0.64,2.45,9.58
442628,-0.66,2.47,9.65
442667,-0.67,2.48,9.59
442703,-0.64,2.47,9.63
442739,-0.67,2.46,9.64
442775,-0.65,2.47,9.62
442814,-0.68,2.51,9.7
442850,-0.65,2.45,9.65
442886,-0.67,2.48,9.63
442930,-0.66,2.49,9.61
442966,-0.64,2.48,9.6
443001,-0.68,2.51,9.68
443037,-0.67,2.5,9.61
443075,-0.65,2.47,9.61
443112,-0.64,2.54,9.7
443148,-0.64,2.52,9.63
443185,-0.65,2.45,9.52
443224,-0.62,2.46,9.64
443259,-0.65,2.5,9.61
443295,-0.68,2.48,9.63
443333,-0.66,2.52,9.68
443370,-0.65,2.48,9.61
443406,-0.66,2.51,9.59
443443,-0.66,2.47,9.65
443485,-0.67,2.49,9.64
443521,-0.67,2.48,9.61
443556,-0.67,2.48,9.65
443595,-0.67,2.46,9.62
443630,-0.67,2.5,9.62
443666,-0.67,2.48,9.63
443702,-0.66,2.5,9.62
443741,-0.66,2.47,9.65
443776,-0.65,2.46,9.62
443811,-0.67,2.48,9.61
443851,-0.67,2.47,9.65
443887,-0.64,2.49,9.57
443923,-0.96,3.8,12.55
443959,-0.5,2.02,8.88
443999,-0.64,2.89,9.96
444035,-0.61,2.37,9.6
444076,-0.72,2.59,9.65
444111,-0.63,2.46,9.62
444150,-0.68,2.45,9.72
444184,-0.66,2.53,9.59
444220,-0.63,2.51,9.66
444259,-0.67,2.44,9.66
444296,-0.65,2.55,9.64
444331,-0.67,2.44,9.66
444366,-0.66,2.5,9.65
444405,-0.66,2.51,9.64
444442,-0.67,2.49,9.65
444477,-0.66,2.5,9.62
444517,-0.67,2.47,9.62
444554,-0.67,2.52,9.65
444590,-0.65,2.49,9.63
444624,-0.65,2.49,9.64
444668,-0.67,2.49,9.63
444704,-0.66,2.49,9.64
444741,-0.67,2.49,9.64
444776,-0.64,2.51,9.61
444815,-0.64,2.48,9.63
444852,-0.66,2.5,9.61
444888,-0.66,2.49,9.62
444925,-0.66,2.49,9.61
444962,-0.66,2.48,9.63
444998,-0.65,2.47,9.61
445035,-0.66,2.48,9.58
445074,-0.66,2.5,9.61
445111,-0.66,2.46,9.63
445147,-0.67,2.49,9.64
445186,-0.65,2.47,9.61
445225,-0.67,2.5,9.59
445261,-0.63,2.48,9.63
445297,-0.67,2.48,9.64
445337,-0.64,2.44,9.46
445372,-0.67,2.39,9.54
445408,-0.66,2.51,9.62
445443,-0.69,2.5,9.66
445479,-0.66,2.47,9.62
445516,-0.65,2.52,9.61
445553,-0.64,2.44,9.66
445592,-0.65,2.53,9.63
445627,-0.67,2.47,9.59
445664,-0.65,2.48,9.66
445700,-0.67,2.48,9.61
445740,-0.67,2.48,9.61
445774,-0.65,2.48,9.59
445815,-0.68,2.5,9.62
445854,-0.67,2.51,9.67
445891,-0.65,2.5,9.56
445925,-0.69,2.52,9.7
445962,-0.63,2.5,9.64
446001,-0.71,2.47,9.56
446036,-0.61,2.49,9.58
446072,-0.74,2.56,9.8
446108,-0.63,2.46,9.65
446148,-0.66,2.46,9.53
446185,-0.67,2.49,9.63
446221,-0.65,2.5,9.65
446260,-0.64,2.48,9.66
446297,-0.66,2.5,9.65
446331,-0.65,2.48,9.64
446368,-0.65,2.48,9.63
446412,-0.66,2.49,9.61
446448,-0.67,2.52,9.64
446484,-0.66,2.47,9.64
446523,-0.65,2.48,9.62
446559,-0.64,2.47,9.56
446596,-0.65,2.55,9.82
446629,-0.63,2.38,9.5
446668,-0.65,2.57,9.69
446704,-0.68,2.48,9.66
446741,-0.67,2.53,9.65
446776,-0.65,2.46,9.59
446817,-0.67,2.51,9.65
446853,-0.66,2.48,9.63
446888,-0.67,2.49,9.65
446927,-0.65,2.49,9.61
446967,-0.64,2.52,9.64
447004,-0.66,2.47,9.63
447040,-0.67,2.47,9.61
447078,-0.65,2.49,9.61
447114,-0.66,2.48,9.6
447151,-0.67,2.48,9.61
447190,-0.64,2.5,9.62
447224,-0.65,2.5,9.61
447261,-0.67,2.5,9.63
447297,-0.66,2.47,9.63
447336,-0.66,2.5,9.6
447372,-0.65,2.48,9.63
447409,-0.65,2.5,9.64
447444,-0.65,2.5,9.63
447483,-0.66,2.48,9.6
447519,-0.65,2.5,9.61
447560,-0.67,2.48,9.66
447599,-0.66,2.48,9.64
447635,-0.67,2.5,9.62
447672,-0.65,2.45,9.62
447708,-0.67,2.51,9.63
447747,-0.65,2.49,9.63
447783,-0.66,2.47,9.63
447819,-0.66,2.49,9.63
447859,-0.67,2.49,9.63
447895,-0.68,2.48,9.63
447931,-0.67,2.51,9.6
447967,-0.65,2.48,9.62
448007,-0.65,2.5,9.64
448044,-0.67,2.49,9.61
448078,-0.66,2.48,9.58
448115,-0.65,2.46,9.65
448158,-0.67,2.5,9.62
448195,-0.66,2.49,9.64
448229,-0.64,2.46,9.63
448269,-0.66,2.47,9.63
448305,-0.66,2.5,9.62
448342,-0.64,2.47,9.63
448376,-0.65,2.47,9.61
448416,-0.67,2.5,9.63
448452,-0.66,2.48,9.64
448488,-0.67,2.51,9.62
448527,-0.66,2.49,9.58
448563,-0.65,2.47,9.61
448600,-0.63,2.49,9.62
448635,-0.66,2.47,9.62
448675,-0.65,2.5,9.6
448716,-0.66,2.49,9.62
448752,-0.65,2.5,9.64
448788,-0.66,2.51,9.63
448826,-0.64,2.49,9.58
448863,-0.66,2.49,9.62
448899,-0.66,2.5,9.63
448937,-0.65,2.48,9.63
448972,-0.65,2.5,9.61
449008,-0.66,2.49,9.62
449045,-0.67,2.5,9.61
449083,-0.66,2.47,9.61
449120,-0.66,2.5,9.62
449156,-0.67,2.51,9.65
449196,-0.67,2.48,9.63
449231,-0.66,2.47,9.63
449267,-0.67,2.49,9.63
449308,-0.66,2.5,9.6
449347,-0.65,2.48,9.6
449384,-0.65,2.47,9.64
449420,-0.67,2.49,9.61
449456,-0.66,2.5,9.64
449495,-0.67,2.49,9.61
449530,-0.64,2.49,9.6
449566,-0.67,2.48,9.64
449605,-0.67,2.49,9.62
449642,-0.67,2.48,9.63
449677,-0.66,2.5,9.65
449714,-0.65,2.48,9.64
449754,-0.67,2.49,9.62
449789,-0.67,2.47,9.6
449824,-0.66,2.47,9.61
449861,-0.67,2.49,9.6
449904,-0.66,2.45,9.62
449940,-0.75,2.44,9.56
449975,-0.71,2.53,9.66
450014,-0.63,2.41,9.58
450051,-0.67,2.51,9.62
450084,-0.69,2.54,9.6
450120,-0.6,2.45,9.65
450159,-0.65,2.51,9.62
450196,-0.71,2.51,9.6
450231,-0.68,2.49,9.66
450271,-0.63,2.51,9.61
450307,-0.64,2.49,9.63
450343,-0.67,2.52,9.62
450378,-0.68,2.53,9.61
450418,-0.64,2.47,9.65
450459,-0.67,2.53,9.67
450495,-0.67,2.5,9.62
450530,-0.65,2.49,9.57
450564,-0.65,2.51,9.62
450599,-0.67,2.47,9.64
450635,-0.67,2.51,9.63
450674,-0.66,2.45,9.58
450711,-0.65,2.48,9.61
450747,-0.68,2.49,9.58
450783,-0.62,2.49,9.63
450823,-0.64,2.47,9.61
450859,-0.67,2.51,9.65
450894,-0.66,2.49,9.65
450932,-0.57,2.39,9.65
450968,-0.67,2.49,9.58
451005,-0.74,2.65,9.61
451044,-0.61,2.36,9.62
451091,-0.68,2.59,9.62
451125,-0.68,2.51,9.61
451162,-0.61,2.36,9.34
451201,-0.65,2.38,9.5
451234,-0.68,2.51,9.58
451270,-0.67,2.5,9.68
451306,-0.64,2.37,9.54
451343,-0.69,2.62,9.67
451377,-0.76,2.42,9.45
451414,-0.52,2.41,9.69
451449,-0.69,2.51,9.57
451486,-0.74,2.63,9.67
451522,-0.59,2.39,9.57
451558,-0.63,2.55,9.71
451601,-0.69,2.52,9.62
451637,-0.64,2.46,9.63
451672,-0.63,2.5,9.57
451708,-0.68,2.56,9.67
451747,-0.65,2.47,9.6
451784,-0.66,2.5,9.63
451820,-0.63,2.51,9.61
451859,-0.66,2.52,9.7
451895,-0.66,2.48,9.58
451930,-0.62,2.47,9.58
451965,-0.65,2.49,9.67
452004,-0.67,2.49,9.65
452041,-0.66,2.53,9.65
452076,-0.65,2.43,9.58
452112,-0.66,2.53,9.67
452155,-0.65,2.47,9.61
452191,-0.63,2.48,9.66
452226,-0.66,2.45,9.58
452264,-0.66,2.51,9.64
452300,-0.66,2.45,9.64
452337,-0.67,2.52,9.65
452372,-0.63,2.49,9.59
452411,-0.65,2.44,9.64
452447,-0.69,2.49,9.6
452483,-0.72,2.49,9.7
452523,-0.62,2.42,9.64
452559,-0.7,2.52,9.64
452595,-0.66,2.47,9.61
452631,-0.62,2.47,9.62
452671,-0.65,2.49,9.59
452707,-0.62,2.45,9.64
452748,-0.51,2.31,9.08
452784,-0.6,2.5,9.54
452823,-0.6,2.44,9.6
452859,-0.71,2.52,9.71
452895,-0.67,2.51,9.64
452933,-0.66,2.45,9.61
452969,-0.66,2.48,9.63
453006,-0.63,2.41,9.57
453042,-0.67,2.46,9.62
453080,-0.67,2.5,9.61
453116,-0.65,2.42,9.54
453152,-0.64,2.42,9.52
453191,-0.67,2.47,9.65
453227,-0.66,2.48,9.65
453263,-0.65,2.5,9.62
453300,-0.67,2.46,9.62
453343,-0.66,2.46,9.6
453378,-0.67,2.48,9.61
453414,-0.64,2.47,9.66
453451,-0.65,2.46,9.61
453490,-0.64,2.5,9.65
453524,-0.65,2.42,9.6
453561,-0.67,2.53,9.65
453600,-0.65,2.44,9.61
453636,-0.63,2.44,9.67
453671,-0.69,2.51,9.64
453707,-0.7,2.52,9.66
453747,-0.64,2.43,9.64
453784,-0.69,2.52,9.61
453820,-0.67,2.47,9.59
453859,-0.63,2.45,9.65
453900,-0.66,2.49,9.61
453936,-0.69,2.51,9.62
453971,-0.67,2.44,9.62
454010,-0.63,2.47,9.64
454046,-0.63,2.5,9.65
454082,-0.69,2.5,9.56
454119,-0.65,2.47,9.61
454158,-0.65,2.46,9.64
454194,-0.67,2.53,9.79
454228,-0.63,2.44,9.51
454267,-0.66,2.52,9.65
454304,-0.64,2.42,9.65
454341,-0.65,2.53,9.65
454376,-0.65,2.48,9.6
454415,-0.66,2.51,9.66
454452,-0.67,2.49,9.62
454493,-0.64,2.48,9.63
454530,-0.67,2.51,9.62
454565,-0.68,2.49,9.62
454602,-0.64,2.49,9.66
454638,-0.66,2.5,9.62
454676,-0.66,2.49,9.6
454713,-0.66,2.49,9.65
454749,-0.66,2.46,9.64
454786,-0.67,2.52,9.66
454824,-0.64,2.43,9.57
454860,-0.66,2.52,9.65
454897,-0.67,2.47,9.6
454936,-0.64,2.55,9.78
454972,-0.67,2.48,9.64
455008,-0.67,2.53,9.68
455045,-0.65,2.47,9.59
455087,-0.64,2.5,9.63
455121,-0.61,2.4,9.54
455157,-0.66,2.54,9.68
455196,-0.61,2.42,9.51
455230,-0.67,2.48,9.66
455266,-0.67,2.54,9.64
455302,-0.64,2.43,9.61
455339,-0.67,2.49,9.66
455373,-0.66,2.51,9.59
455410,-0.63,2.46,9.65
455447,-0.66,2.5,9.63
455486,-0.66,2.51,9.62
455522,-0.63,2.46,9.59
455558,-0.65,2.51,9.62
455598,-0.67,2.45,9.62
455635,-0.67,2.48,9.63
455671,-0.66,2.5,9.59
455707,-0.66,2.48,9.64
455746,-0.64,2.49,9.6
455783,-0.66,2.47,9.61
455820,-0.34,3.2,9.27
455859,-0.59,2.78,9.5
455896,-0.7,1.32,9.78
455929,-0.55,2.02,9.72
455965,-0.78,0.75,9.88
456005,-0.74,1.3,9.83
456040,-0.73,1.32,9.79
456074,-0.72,1.23,9.75
456114,-0.74,1.22,9.78
456151,-0.73,1.26,9.79
456185,-0.72,1.26,9.79
456225,-0.72,1.27,9.77
456264,-0.72,1.15,9.79
456301,-0.72,1.24,9.8
456337,-0.76,0.89,9.77
456372,-0.75,0.97,9.77
456411,-0.75,1.0,9.78
456446,-0.75,1.04,9.79
456481,-0.73,0.96,9.77
456520,-0.75,1.0,9.78
456557,-0.67,1.03,9.8
456593,-0.83,0.69,9.78
456628,-0.74,1.03,9.77
456667,-0.76,0.96,9.83
456704,-0.73,0.98,9.77
456740,-0.73,0.99,9.82
456782,-0.73,0.98,9.78
456818,-0.74,1.03,9.79
456854,-0.73,1.05,9.76
456888,-0.7,1.42,9.85
456926,-0.7,1.33,9.8
456963,-0.69,1.37,9.79
456999,-1.36,-0.8,9.55
457036,-0.79,0.69,9.74
457071,-0.73,0.91,9.8
457108,-0.54,1.71,9.87
457143,-0.65,0.64,9.81
457181,-0.96,0.4,9.63
457217,-0.19,0.65,9.5
457253,-1.32,2.32,9.88
457288,-2.02,2.91,11.01
457320,-1.91,3.64,10.25
457357,-2.08,5.4,8.72
457397,-4.45,1.49,7.32
457434,-5.13,3.4,11.83
457469,-3.71,15.55,16.33
457506,-5.62,1.6,9.47
457544,-3.7,0.08,5.21
457578,-2.36,2.99,8.02
457615,-2.96,2.62,7.67
457652,-2.52,3.31,11.16
457690,-1.67,4.15,9.82
457723,-0.8,4.45,8.98
457760,-0.55,3.63,7.48
457799,-0.96,2.76,8.09
457834,-1.09,3.09,8.16
457870,-1.66,3.48,11.12
457907,-1.46,4.97,10.09
457950,-0.84,4.67,9.76
457984,-0.77,5.71,9.5
458019,-0.72,4.26,10.51
458055,-0.53,3.42,9.01
458093,1.0,5.08,6.0
458127,1.22,4.94,5.54
458164,-0.56,5.32,13.11
458203,0.24,3.85,6.71
458237,0.35,3.98,6.19
458272,-0.52,3.24,9.32
458309,-0.2,4.46,7.78
458348,-0.6,3.99,8.45
458383,-0.62,5.16,8.41
458420,-0.97,5.79,10.46
458459,-0.31,4.86,8.16
458496,-0.39,4.79,10.58
458533,0.74,4.87,9.63
458570,1.02,4.21,8.11
458609,0.81,3.76,6.9
458645,0.54,4.85,6.05
458679,-0.8,3.92,12.0
458719,-0.35,3.75,7.67
458755,-0.83,4.45,10.17
458789,-0.52,3.07,9.66
458823,-0.51,3.23,8.26
458863,-1.0,1.42,11.82
458953,-0.24,5.56,10.12
458988,-0.51,4.84,8.36
459026,-0.59,3.6,9.76
459063,-0.22,3.37,8.08
459099,-0.28,3.91,8.45
459133,-0.04,2.53,8.96
459176,-0.25,4.16,10.14
459213,0.21,3.76,8.87
459249,0.12,3.54,9.47
459286,0.0,3.97,9.72
459321,0.01,3.28,9.48
459358,0.43,3.97,8.52
459394,-0.43,4.07,8.45
459430,-0.66,3.91,9.38
459467,-0.44,4.13,7.65
459504,-1.05,3.93,11.14
459538,-1.01,2.96,10.67
459585,-0.33,5.05,8.25
459621,-0.6,3.6,9.56
459658,-0.92,3.46,9.72
459702,-1.11,4.15,7.74
459736,-1.32,2.07,10.24
459770,-0.9,3.67,9.01
459807,-0.76,3.85,9.36
459845,-0.78,4.68,9.26
459879,-1.46,2.84,11.42
459915,-0.19,5.4,7.13
459955,-2.01,4.02,13.6
459990,-2.53,4.35,13.6
460023,-0.96,4.48,8.87
460060,2.0,2.63,3.09
460136,-3.85,3.8,14.91
460171,-4.74,8.18,25.97
460208,-0.82,4.68,10.31
460247,7.24,4.35,-15.81
460285,-3.95,8.69,29.28
460321,-2.3,6.03,14.96
460360,5.13,0.25,-13.57
460396,-0.82,2.51,2.79
460430,-8.87,9.44,34.44
460467,-3.52,7.55,16.27
460507,4.45,-0.83,-10.56
460542,3.49,0.79,-11.02
460576,-5.45,6.3,21.2
460616,-6.27,7.42,29.8
460653,0.16,6.52,12.51
460687,0.18,2.84,6.31
460723,6.36,-3.78,-19.62
460763,0.63,-0.15,-3.2
460800,-10.25,11.12,39.5
460834,-4.11,10.25,22.73
460877,-0.01,3.84,8.09
460914,5.53,-5.29,-18.29
460951,4.3,-0.13,-15.24
460988,-6.51,5.47,24.87
461023,-11.07,9.38,39.49
461060,-3.42,7.64,20.25
461095,0.12,3.24,-0.09
461132,6.49,-3.48,-17.03
461169,1.28,0.64,-2.84
461206,-6.44,8.09,20.32
461243,-10.51,12.45,39.2
461314,4.3,-1.34,-10.59
461350,6.96,-3.27,-19.7
461385,1.87,-3.09,-6.52
461424,-11.62,4.48,29.38
461465,-12.51,12.83,39.5
461502,-3.52,3.08,19.24
461539,3.98,-0.24,-12.27
461573,6.09,-4.52,-17.89
461609,3.32,-2.96,-17.44
461649,-6.8,2.14,24.65
461683,-11.21,7.41,39.5
461719,-4.7,8.9,30.82
461756,1.28,7.41,0.74
461794,2.28,-4.63,-14.21
461829,3.83,-3.73,-17.53
461865,1.21,-1.07,-5.45
461905,-12.1,-0.99,39.4
461940,-8.66,3.79,37.47
461974,-3.44,-1.43,23.41
462019,-0.9,4.98,-0.8
462055,-1.12,-1.99,-8.25
462089,3.57,-6.06,-17.1
462123,-3.27,-2.97,12.45
462162,-8.42,9.26,39.44
462199,-7.31,2.17,28.02
462233,-4.8,-4.63,9.0
462273,1.92,0.3,-13.08
462310,5.34,-4.08,-19.98
462346,-0.34,0.09,-0.63
462381,-4.92,5.58,33.75
462419,-6.78,8.25,33.24
462456,-5.41,3.89,23.81
462526,-1.71,-1.79,-7.83
462566,0.15,-1.67,-15.0
462603,1.7,-4.91,-10.0
462642,-9.24,0.51,31.76
462679,-4.59,2.28,28.27
462714,-4.25,5.61,32.08
462751,-0.15,2.16,7.27
462786,-3.04,-1.1,6.01
462824,-2.93,-1.24,5.03
462861,-1.21,0.84,-1.18
462897,-0.37,4.8,-6.09
462935,-0.74,8.42,-3.51
462970,-1.06,11.22,2.96
463007,-0.89,3.39,2.88
463042,0.08,-2.68,20.47
463080,2.88,1.06,24.51
463117,0.15,-1.28,24.64
463154,-1.45,5.05,14.55
463196,-0.73,2.73,3.45
463229,-1.88,5.0,-5.32
463265,-2.13,9.68,-1.37
463305,-2.23,11.05,0.04
463339,-2.54,4.34,7.2
463373,-0.9,-0.35,10.17
463410,3.82,1.08,14.63
463449,3.01,-5.21,21.11
463482,-0.53,-5.55,27.04
463519,0.93,4.31,9.15
463558,-1.27,3.03,7.35
463595,-1.36,2.73,5.47
463629,-1.41,4.41,1.65
463700,-3.32,9.73,3.98
463738,-2.08,8.06,2.79
463773,-2.12,8.06,5.43
463814,-1.86,3.66,9.87
463853,0.19,3.36,13.35
463888,1.92,0.83,17.14
463922,3.71,0.06,14.42
463959,2.28,-1.89,16.3
463997,1.45,-1.33,13.13
464032,-0.67,-1.23,12.26
464068,-0.43,-0.29,5.9
464108,0.67,1.48,0.17
464144,-1.02,4.39,-0.04
464178,-2.13,3.78,2.21
464218,-4.22,7.63,7.78
464254,-3.64,9.19,12.74
464289,-2.65,8.49,13.27
464323,-1.02,6.76,10.9
464367,-0.65,6.79,13.13
464404,0.12,5.87,11.79
464438,0.23,2.45,9.37
464476,0.03,3.34,11.36
464512,0.86,-2.62,11.44
464548,1.71,-1.99,11.26
464582,0.49,2.91,11.87
464622,2.14,-1.22,8.12
464658,1.9,1.24,9.86
464694,1.08,-1.07,8.58
464731,-0.85,6.74,7.7
464768,-0.12,6.65,1.5
464804,-1.02,6.74,0.0
464838,-3.97,8.19,7.99
464911,-2.31,10.1,12.01
464948,-2.15,8.8,15.19
464986,-0.51,6.02,14.0
465024,0.94,3.53,15.77
465060,0.23,3.74,16.01
465096,0.23,2.19,11.69
465131,-0.39,-3.58,3.43
465170,2.18,-2.04,-6.63
465207,1.58,-2.18,-9.12
465242,-1.74,-5.65,0.19
465278,-7.1,5.4,30.63
465315,-5.41,2.48,24.17
465352,-8.44,4.67,34.96
465390,-8.49,1.44,20.79
465424,-3.18,-3.62,-2.28
465461,6.02,-1.18,-22.81
465498,4.74,-4.63,-16.91
465540,-4.63,-3.61,16.95
465573,-9.82,1.62,39.5
465610,-6.88,8.64,31.95
465649,-2.51,0.1,4.75
465683,1.4,-1.88,-4.1
465719,3.88,1.08,-8.49
465756,2.68,5.28,-4.83
465794,-9.63,8.21,32.73
465828,-4.97,6.83,19.4
465865,-2.25,7.32,15.02
465905,0.8,7.99,-1.05
465940,3.09,-0.01,1.42
465974,4.95,-9.42,-2.82
466014,1.4,-17.6,9.37
466086,-8.93,3.59,19.27
466121,-3.4,7.63,7.86
466162,0.97,16.54,-1.63
466201,-2.86,7.65,8.19
466235,-4.06,5.8,10.52
466271,-1.95,3.76,10.41
466310,1.89,-2.65,8.35
466345,2.68,-11.74,14.15
466380,0.6,-10.19,14.3
466416,-1.85,-2.28,16.03
466456,-1.05,2.29,7.17
466491,-0.87,6.78,6.03
466526,-0.49,9.84,7.06
466566,-3.63,8.17,9.0
466603,-4.13,10.42,9.54
466636,-2.4,8.61,5.36
466672,-1.44,5.73,6.34
466715,-0.04,-0.01,11.11
466752,3.57,-5.95,9.57
466786,4.5,-8.99,7.05
466824,-0.33,-8.07,16.07
466861,-1.44,-4.34,14.66
466897,-1.27,-0.92,10.89
466931,-0.65,4.26,7.89
466970,-2.12,6.17,8.67
467006,-2.59,7.16,7.64
467041,-3.12,10.76,9.74
467079,-2.6,11.35,10.27
467115,-2.34,8.36,9.84
467151,-1.8,2.63,6.32
467186,-0.68,-0.48,9.95
467260,2.15,-7.93,9.97
467296,0.92,-3.01,15.22
467335,-0.59,-1.21,14.52
467374,-1.25,1.72,12.44
467409,-1.44,8.12,14.53
467446,-1.93,7.01,12.51
467480,-3.28,6.78,13.16
467519,-2.58,0.17,1.36
467556,-1.72,-1.65,-5.38
467591,-0.43,0.0,-11.33
467628,-1.91,2.09,-3.29
467664,-2.99,2.07,22.91
467701,-0.51,13.71,28.39
467739,-8.14,-3.58,36.16
467773,0.23,1.82,3.43
467810,-3.08,0.93,14.41
467847,-1.49,0.1,5.65
467895,2.42,-4.74,-7.75
467930,-0.35,-10.51,-3.12
467965,-2.48,-4.07,2.24
468005,-3.08,7.32,17.42
468039,-5.84,11.06,23.8
468073,-4.75,2.75,24.02
468110,-3.85,3.35,13.31
468150,-3.41,3.99,9.57
468184,-1.89,7.95,1.36
468219,-1.06,5.26,-3.12
468259,-1.65,2.62,-2.65
468295,-1.91,4.32,0.97
468330,-2.28,0.65,16.38
468366,-0.17,2.23,16.26
468445,-2.78,-2.64,24.92
468478,-0.86,-2.17,15.22
468515,1.16,-4.27,7.97
468554,3.07,-2.3,-2.56
468589,0.17,-1.34,0.87
468623,0.55,-1.59,-2.73
468663,-1.26,-3.24,3.13
468700,-2.68,1.47,21.09
468733,-3.24,4.74,21.99
468770,-3.99,0.39,23.76
468810,-2.94,-0.08,11.92
468846,-2.53,4.58,4.98
468881,-2.53,6.7,1.31
468920,-1.53,6.26,-0.48
468957,-1.23,4.04,0.64
468993,-2.44,4.99,5.82
469031,-1.94,3.86,14.64
469070,-2.99,2.62,18.99
469106,-4.01,-1.46,26.39
469141,-0.32,0.36,14.89
469178,0.53,-3.25,13.56
469215,1.4,-4.83,5.81
469252,0.68,-3.11,3.92
469285,0.93,-2.43,1.61
469324,0.0,-3.13,4.25
469361,1.45,-1.77,3.08
469397,1.1,-2.77,5.38
469434,-0.78,-3.08,16.69
469471,-1.52,0.93,23.19
469507,-1.09,1.72,21.71
469542,-3.21,1.22,18.13
469619,-0.89,5.06,-1.61
469655,-1.51,3.56,-1.29
469690,-1.95,4.28,1.35
469727,-1.12,4.0,3.28
469763,-1.75,3.32,9.68
469799,-2.93,4.3,19.33
469833,-3.36,0.59,21.39
469872,-1.44,0.16,17.12
469909,-1.39,-2.11,15.6
469945,-0.92,-2.82,10.76
469983,0.58,-2.77,5.48
470019,-0.05,-2.16,5.81
470055,0.37,-1.01,2.58
470090,0.4,-0.3,2.66
470127,-0.87,-1.83,5.26
470164,-1.28,-0.17,10.04
470205,0.0,-0.62,15.26
470243,-0.38,2.07,16.01
470277,-2.44,2.11,17.85
470313,-4.47,4.03,16.23
470350,-3.52,2.68,7.9
470387,-1.7,2.43,1.54
470422,-1.78,3.85,-0.46
470459,-3.01,3.29,4.77
470498,-0.69,2.12,4.55
470532,-1.4,2.88,13.16
470568,-2.46,3.38,17.53
470605,-2.89,2.89,19.63
470642,-2.15,1.37,15.72
470677,-2.48,4.27,15.04
470714,-1.78,-1.14,10.87
470758,0.3,-2.71,2.12
470830,-0.32,1.98,1.17
470865,-0.53,-1.06,5.43
470904,1.32,1.28,7.24
470939,-1.11,0.15,18.67
470973,-3.04,1.47,24.11
471010,-3.08,2.33,19.31
471049,-1.68,2.57,9.9
471083,-2.14,3.2,6.42
471119,-2.02,3.56,1.64
471158,-0.78,3.46,-0.8
471195,-1.31,3.26,1.94
471229,-1.95,2.81,8.01
471265,-2.66,1.52,14.2
471306,-3.66,5.05,21.99
471341,-2.19,4.13,18.85
471379,-2.15,-0.86,14.69
471418,-1.43,-0.56,8.07
471454,0.29,1.69,2.05
471489,0.9,1.54,-2.21
471523,0.33,-0.02,0.4
471563,0.46,0.51,2.93
471599,-0.68,0.79,12.84
471633,-1.43,-0.18,19.17
471672,-1.92,-0.65,21.79
471709,-3.03,2.19,18.99
471746,-4.41,2.17,18.48
471780,-2.17,1.93,6.99
471820,-1.4,3.24,1.67
471857,-0.95,4.82,0.12
471891,-0.19,4.29,-0.4
471932,-1.05,4.72,-0.64
472005,-3.73,1.94,14.3
472039,-5.84,0.25,25.74
472073,-4.24,3.58,23.16
472113,-0.82,3.74,15.16
472148,-0.23,1.83,8.22
472183,0.11,0.3,5.73
472222,1.41,0.46,0.54
472259,0.82,-1.06,0.94
472295,0.48,-0.8,2.06
472329,0.82,-2.0,3.01
472369,-1.12,-0.19,12.29
472404,-2.9,0.58,20.38
472439,-4.02,-0.38,21.52
472477,-4.82,2.33,23.79
472513,-2.81,2.38,13.68
472555,-2.91,2.62,9.24
472592,-2.12,2.83,3.95
472627,0.3,5.36,-2.55
472663,0.03,4.78,-4.61
472699,-1.41,3.46,2.23
472736,-1.76,2.58,6.94
472771,-4.51,2.87,19.2
472808,-3.78,0.69,21.43
472847,-3.82,-0.37,21.59
472881,-3.74,-0.31,16.53
472918,-1.91,-1.25,9.54
472954,-0.26,-0.89,4.08
472991,-0.06,-0.08,2.89
473025,1.12,0.4,0.45
473062,1.52,-0.4,-0.1
473106,0.53,-0.66,5.26
473141,-2.72,-2.02,14.97
473210,-4.38,-1.88,20.22
473246,-5.47,0.3,22.59
473284,-4.61,0.51,15.71
473320,-1.79,0.28,3.78
473356,-1.34,-0.18,1.51
473394,0.54,3.11,-3.59
473428,2.21,4.74,-6.43
473465,-2.55,2.83,5.72
473502,-8.03,-2.04,29.4
473539,-6.0,-0.23,25.46
473574,-6.1,-0.58,22.95
473611,-4.52,-0.64,14.83
473650,1.14,-0.79,-0.57
473684,2.9,-1.11,-5.84
473724,1.63,-1.55,-0.29
473761,0.33,-1.99,-0.04
473800,-0.45,-0.56,4.52
473835,-2.48,-2.5,14.86
473871,-4.06,-4.06,21.49
473910,-5.07,-0.93,24.78
473946,-5.19,-0.72,20.13
473980,-4.99,-0.65,14.94
474016,-3.75,0.16,8.65
474056,-1.2,3.19,1.24
474091,0.24,4.34,-3.49
474126,-0.33,3.56,-3.71
474166,-1.55,0.75,2.42
474202,-2.32,-0.79,10.59
474236,-5.8,0.85,19.3
474272,-7.45,-1.67,28.81
474316,-2.82,-1.37,14.75
474390,-1.42,-0.31,7.93
474424,1.23,-0.93,0.09
474463,2.66,-0.88,-3.63
474500,2.06,-2.46,-2.9
474533,0.78,-1.8,0.73
474573,-4.66,-8.45,17.85
474610,-7.29,-0.29,27.75
474646,-7.15,-2.98,26.14
474681,-5.88,-0.89,17.57
474720,-2.74,-0.71,4.51
474757,-0.29,1.84,-0.69
474792,1.48,4.88,-6.5
474829,-0.86,4.15,-0.86
474866,-1.44,1.49,1.65
474907,-4.36,-0.42,13.23
474943,-6.55,1.47,22.63
474980,-5.31,-3.19,20.19
475017,-4.65,-2.56,17.95
475053,-5.5,-1.65,17.91
475090,-2.19,-0.77,7.23
475124,0.55,-1.08,2.64
475161,2.28,-3.09,-1.2
475197,1.66,-0.22,-2.96
475235,0.83,1.38,0.86
475271,-2.27,-1.21,7.05
475307,-2.72,-1.68,16.6
475345,-4.01,-3.61,16.39
475380,-7.55,-2.61,26.88
475417,-5.43,-1.23,17.4
475454,-2.62,-0.75,7.97
475495,-2.98,1.98,5.86
475530,-0.78,2.88,0.89
475601,-0.69,2.5,-0.87
475638,-2.18,1.33,7.28
475672,-4.44,0.81,14.76
475709,-6.29,-2.76,19.39
475746,-6.91,-2.07,23.17
475783,-4.04,-1.11,14.51
475819,-1.8,-1.75,9.89
475855,-1.23,-1.16,6.95
475893,-0.76,-1.32,5.66
475927,0.59,-1.09,2.16
475964,1.36,-2.05,0.92
476001,0.35,-1.54,5.13
476039,-1.01,-0.89,8.87
476077,-2.54,-2.54,12.03
476113,-5.54,-2.06,20.5
476153,-4.93,-1.93,16.56
476187,-3.84,-2.16,10.81
476222,-0.22,0.5,4.18
476259,0.7,-1.29,2.98
476306,-1.14,-0.8,4.53
476341,-3.81,1.48,12.48
476376,-5.61,0.86,15.32
476416,-5.33,-1.51,16.37
476452,-3.87,-3.15,12.76
476486,-4.18,-2.61,15.04
476522,-2.76,0.7,11.88
476562,-0.4,-3.67,4.8
476603,0.72,0.33,1.4
476638,0.86,1.83,0.27
476675,0.61,0.48,-1.39
476747,-2.08,-8.08,9.79
476782,-4.75,-7.45,20.37
476821,-5.8,-5.81,21.03
476858,-7.13,-5.22,20.03
476895,-4.32,0.74,8.76
476929,-3.06,4.07,3.97
476967,-1.67,4.19,1.54
477004,-0.08,4.21,-2.13
477039,0.72,0.54,-1.53
477076,-2.42,1.54,2.81
477113,-7.22,-1.74,24.27
477150,-6.28,-0.64,21.55
477185,-7.11,-2.28,24.17
477228,-3.03,0.0,11.52
477264,-1.06,0.21,7.18
477300,-1.78,-2.7,6.71
477338,0.97,-2.07,1.33
477372,2.58,-1.58,-3.35
477409,0.64,-1.32,0.98
477445,-1.62,-4.37,8.98
477483,-3.45,-3.86,15.04
477518,-5.49,-7.23,18.41
477555,-5.77,-4.0,19.64
477593,-5.27,-0.29,14.35
477628,-4.16,3.23,10.26
477665,-2.81,1.34,5.45
477702,-1.64,-0.61,1.36
477740,-0.79,1.66,1.61
477777,-1.36,1.01,3.68
477814,-2.25,1.03,12.0
477854,-8.84,0.69,21.14
477888,-8.9,-3.3,23.93
477959,-3.07,-3.04,11.93
477995,-0.7,-1.65,5.32
478031,-1.04,-0.31,8.75
478068,-0.21,-4.53,4.63
478104,0.93,-3.25,2.43
478142,3.24,-0.76,-1.88
478176,3.48,1.08,-3.35
478213,-0.29,-2.72,2.87
478249,-6.55,-4.0,21.65
478287,-8.09,-3.79,17.4
478322,-11.61,-8.48,27.69
478359,-7.61,-2.16,17.38
478403,-4.1,-2.76,7.64
478437,-1.83,-0.84,2.49
478472,-0.26,6.71,-0.98
478512,-1.95,2.06,4.55
478547,-1.32,3.62,2.11
478581,-1.52,1.99,2.3
478618,-2.76,1.49,8.94
478657,-5.19,-1.87,16.05
478694,-5.71,-2.23,18.17
478729,-5.71,-3.5,18.62
478768,-5.24,1.2,16.66
478804,-4.16,-1.7,13.11
478838,-1.35,-2.55,5.7
478873,-0.79,0.08,5.42
478913,-0.56,-2.24,6.03
478954,0.13,-2.27,2.22
478988,-0.18,0.46,1.34
479025,-2.03,-0.2,8.5
479062,-2.95,-2.7,8.11
479134,-2.6,-3.55,13.57
479170,-4.67,-2.5,21.03
479209,-4.67,-0.87,15.38
479246,-3.96,1.1,11.82
479280,-1.74,1.72,5.36
479320,-1.49,2.47,3.05
479355,-2.11,0.7,5.26
479391,-2.06,2.14,4.74
479425,-2.23,1.6,5.09
479465,-3.33,2.42,8.88
479502,-4.46,2.37,14.11
479537,-4.07,2.11,15.02
479579,-4.07,-1.69,18.67
479614,-2.04,1.25,15.8
479651,-1.25,-1.25,11.35
479685,-1.58,-2.04,11.18
479724,-0.39,-1.08,7.06
479760,0.65,-0.87,2.76
479797,0.42,-0.31,2.75
479834,-0.1,-0.29,5.46
479869,-0.22,-1.27,3.94
479906,-1.42,-1.78,11.04
479941,-1.36,-1.7,13.99
479979,-0.8,-3.14,15.78
480015,-3.03,-0.88,19.17
480052,-4.73,0.05,19.36
480090,-2.19,1.85,8.9
480128,-2.52,4.71,6.9
480164,-3.05,2.74,6.89
480200,-1.72,3.63,1.97
480237,-2.63,2.8,4.56
480272,-2.3,2.85,4.2
480344,-2.6,3.07,10.03
480380,-2.09,2.94,12.44
480417,-2.1,1.95,16.37
480454,-2.62,0.61,17.51
480488,-3.4,0.03,17.97
480526,-1.98,-0.44,13.65
480563,0.11,-2.48,7.36
480600,0.36,-2.88,6.38
480636,0.61,-2.5,5.84
480671,0.62,-0.68,3.77
480708,-0.04,-0.7,4.68
480749,0.42,-2.43,5.0
480786,-0.05,-2.44,9.15
480821,-1.9,-3.48,15.82
480858,-1.28,-3.46,15.16
480897,-2.43,-2.95,16.74
480931,-3.12,-0.32,15.33
480967,-3.03,0.34,10.94
481004,-2.89,2.09,8.78
481041,-2.85,1.38,6.79
481076,-2.65,1.73,5.16
481112,-2.55,2.75,5.43
481152,-2.29,2.57,6.15
481186,-2.5,1.23,6.48
481221,-2.47,1.06,9.87
481258,-1.74,0.35,12.45
481302,-2.21,0.88,15.02
481336,-2.66,1.1,17.47
481371,-1.74,-0.91,14.43
481410,-0.58,-1.72,9.9
481445,-0.74,-2.46,8.74
481516,0.06,-0.94,4.03
481552,0.08,-0.13,4.99
481589,0.98,-0.76,4.27
481624,-0.24,-1.98,7.17
481660,-1.37,-3.02,13.25
481699,-1.57,-0.88,15.6
481734,-1.31,-2.15,16.7
481770,-1.66,-1.15,15.8
481807,-2.13,-1.01,14.29
481846,-2.98,0.65,11.19
481880,-2.16,2.85,6.45
481921,-2.19,2.51,7.44
481959,-0.75,2.29,2.69
481995,-1.24,2.17,4.29
482029,-2.6,1.35,7.36
482066,-2.25,0.64,7.0
482106,-2.57,2.51,8.77
482140,-2.05,-1.89,14.05
482174,-0.43,-1.69,12.64
482214,-2.41,-2.43,16.98
482251,-2.82,-0.92,15.93
482285,-1.79,-2.35,12.45
482321,-0.66,-2.35,8.37
482361,0.07,-2.49,6.34
482397,0.72,-1.66,4.03
482432,0.7,-2.0,2.66
482468,0.68,-0.66,4.78
482511,0.34,-1.21,7.98
482548,-2.03,-1.65,16.88
482582,-1.47,-3.36,17.39
482621,-1.23,-0.89,16.34
482658,-3.39,-0.42,15.86
482731,-1.37,3.11,5.47
482766,-0.75,2.72,2.3
482806,-1.94,2.09,4.09
482841,-1.89,2.55,2.83
482875,-2.61,2.23,5.52
482915,-2.71,2.08,11.69
482952,-0.6,-1.36,12.3
482987,-0.92,-0.38,15.24
483021,-2.64,-1.07,18.02
483061,-2.18,0.11,15.62
483102,-1.52,-0.87,11.68
483137,-0.56,-1.78,7.19
483174,-0.18,-0.01,4.11
483211,-0.92,0.25,6.9
483247,-0.13,-0.3,5.62
483281,-0.12,-0.69,5.8
483320,-0.16,-3.45,6.08
483357,0.3,-3.89,7.55
483393,-1.03,-2.8,13.87
483430,-0.8,-2.84,15.72
483467,-0.85,-1.32,14.84
483504,-2.55,1.04,15.64
483537,-3.8,1.2,13.7
483575,-2.92,1.86,9.57
483612,-1.91,1.25,6.57
483649,-1.06,0.96,2.98
483691,-1.61,2.53,4.27
483725,-1.52,3.42,5.15
483761,-2.09,3.18,7.6
483798,-2.53,1.91,13.42
483834,-1.86,0.07,13.39
483906,-3.54,0.71,19.64
483940,-1.39,-0.59,11.11
483978,-0.19,-1.1,6.85
484014,-0.18,-2.7,6.59
484050,0.8,-1.24,4.14
484085,0.97,-2.78,3.27
484123,0.44,-1.85,3.04
484161,-0.08,-1.02,8.35
484197,0.28,-1.57,10.36
484235,-0.82,-3.44,13.75
484275,-2.04,-2.17,18.72
484311,-1.65,-3.07,16.4
484346,-1.59,-3.71,14.6
484384,-1.7,0.93,11.21
484419,-1.35,3.41,7.19
484456,-1.83,4.21,6.35
484494,-1.78,3.02,4.78
484528,-1.54,1.99,3.66
484563,-1.89,2.81,4.49
484600,-2.08,1.77,7.51
484638,-1.11,0.44,11.36
484672,-2.67,-0.46,16.96
484709,-3.47,-2.35,21.84
484757,-2.4,-0.99,17.31
484798,-1.65,-1.52,12.26
484832,0.14,-1.26,5.64
484868,0.75,-1.33,0.22
484908,0.58,-0.56,-3.89
484942,1.89,-0.91,-5.8
484977,0.35,-2.91,4.22
485017,-0.32,-3.58,17.06
485090,-12.47,3.59,39.49
485124,-7.46,2.88,17.54
485160,-1.44,2.9,-3.03
485200,0.06,-5.35,-19.41
485234,0.91,-3.9,-8.58
485270,4.88,3.08,3.55
485309,-5.73,2.4,36.09
485346,-7.6,4.26,38.58
485380,-10.84,3.87,35.36
485421,-5.03,-0.07,5.11
485459,0.9,-6.57,-16.82
485496,2.77,-1.62,-20.78
485530,2.34,1.16,-12.39
485569,-4.51,-4.15,17.36
485606,-4.2,7.26,33.18
485641,-8.16,1.95,38.46
485678,-12.44,-0.59,32.33
485714,-5.91,-3.23,7.62
485751,3.97,-3.95,-22.12
485785,2.52,-1.97,-20.12
485824,3.36,-1.02,-14.8
485861,-6.33,-1.4,28.24
485898,-2.71,4.85,35.81
485936,-10.26,0.82,39.49
485976,-8.44,-0.5,20.59
486012,0.46,-4.49,-14.76
486048,1.16,0.23,-15.99
486086,1.63,0.98,-16.41
486121,1.18,-2.69,-1.89
486158,-7.46,-1.21,38.64
486197,-6.36,1.39,39.5
486269,-2.58,-2.31,2.9
486305,0.84,-3.55,-10.8
486343,0.3,-0.48,-13.64
486377,2.83,1.25,-12.74
486414,1.41,-1.66,2.28
486451,-3.75,1.7,31.14
486489,-10.07,6.5,39.5
486522,-8.83,0.43,30.68
486560,0.8,-3.79,-1.76
486603,0.35,-5.47,-7.9
486637,1.6,-0.56,-14.34
486672,1.02,4.57,-9.25
486708,1.33,2.09,8.73
486748,-6.48,1.85,35.44
486781,-8.69,2.55,39.5
486817,-5.0,0.05,21.63
486857,-1.18,-4.24,3.59
486893,-0.2,-2.13,-5.8
486928,1.34,0.2,-15.36
486964,0.79,0.14,-12.87
487004,1.55,2.97,1.53
487038,-6.9,1.51,36.41
487072,-7.49,1.84,39.43
487112,-6.95,-0.79,29.84
487166,0.16,-1.15,-1.59
487202,0.08,-0.73,-8.41
487239,2.16,0.9,-16.14
487274,1.71,2.65,-11.36
487310,-2.6,0.03,16.82
487347,-6.44,2.34,33.22
487384,-8.51,-1.95,39.25
487419,-5.48,-3.31,21.48
487456,-0.57,-0.69,2.96
487494,0.75,0.17,-8.78
487529,1.98,0.33,-13.59
487566,1.08,2.07,-7.72
487603,-2.52,1.4,9.68
487640,-5.96,0.11,25.0
487674,-3.46,-1.19,17.83
487711,-3.31,-2.32,13.77
487755,-4.42,-2.68,12.1
487790,-2.48,0.53,4.97
487825,-3.67,0.42,9.62
487861,-3.06,-1.22,8.75
487901,-2.94,0.0,8.0
487934,-3.08,-0.14,8.06
487970,-4.66,-0.8,9.12
488009,-2.71,2.0,13.51
488046,-2.83,-0.63,11.92
488081,-5.25,-2.41,6.35
488118,1.99,-0.74,8.41
488157,-1.15,-1.24,10.82
488194,-0.44,-1.36,8.93
488227,-0.78,-1.53,8.41
488267,-0.57,-0.57,8.7
488307,-0.95,1.83,13.1
488343,-0.52,0.45,9.72
488377,-0.76,-0.7,8.26
488416,-0.75,0.86,10.54
488453,-0.8,0.72,10.41
488486,-0.72,-0.24,8.54
488524,-0.78,0.48,9.79
488561,-0.79,0.89,10.41
488598,-0.75,0.33,9.24
488632,-0.66,-0.17,8.23
488671,-0.79,-0.08,8.39
488708,-0.89,0.14,9.17
488743,-0.76,0.65,9.66
488777,-0.73,0.61,9.77
488817,-0.46,0.85,9.77
488855,-0.83,0.59,9.71
488889,-0.72,0.81,9.76
488927,-0.68,0.78,9.79
488963,-0.7,0.71,9.75
488999,-0.7,0.87,9.86
489033,-0.66,0.8,9.77
489072,-0.69,0.82,9.87
489109,-0.67,0.9,10.11
489144,-0.66,0.35,9.27
489181,-0.75,0.59,9.84
489218,-0.74,0.86,10.45
489253,-0.69,0.19,9.28
489288,-0.72,0.55,10.17
489325,-0.68,0.14,9.38
489362,-0.79,0.84,11.29
489399,-0.7,0.26,10.11
489441,-0.65,-0.4,8.86
489475,-0.6,0.38,10.37
489511,-0.71,-0.07,9.56
489547,-0.66,-0.08,9.58
489584,-0.69,0.12,9.82
489620,-0.65,0.25,9.96
489656,-0.63,0.09,9.51
489691,-0.68,0.03,9.32
489728,-0.6,0.39,9.7
489763,-0.72,1.0,10.66
489800,-0.69,0.46,9.59
489838,-0.67,0.83,10.17
489872,-0.67,0.68,9.83
489909,-0.62,0.72,9.78
489945,-0.53,0.82,9.72
489982,-0.63,0.65,9.74
490023,-0.64,0.72,9.84
490059,-0.64,0.69,9.84
490097,-0.62,0.79,9.85
490134,-0.62,0.77,9.83
490169,-0.6,0.8,9.8
490205,-0.61,0.75,9.77
490245,-0.63,0.74,9.77
490280,-0.63,0.74,9.79
490317,-0.64,0.76,9.73
490356,-0.56,0.81,9.77
490392,-0.61,0.81,9.83
490426,-0.61,0.8,9.81
490462,-0.56,0.87,9.79
490502,-0.61,0.84,9.82
490539,-0.57,0.96,9.84
490573,-0.64,0.75,9.76
490613,-0.58,0.88,9.86
490652,-0.61,0.79,9.81
490688,-0.59,0.74,9.77
490722,-0.55,0.96,9.8
490762,-0.52,0.93,9.79
490799,-0.6,1.04,9.86
490832,-0.56,0.96,9.8
490868,-0.55,0.96,9.76
490907,-0.53,0.95,9.78
490944,-0.55,0.96,9.83
490981,-0.56,0.94,9.8
491020,-0.56,0.98,9.76
491057,-0.52,0.94,9.75
491092,-0.55,0.95,9.79
491128,-0.56,0.95,9.78
491172,-0.55,0.93,9.77
491208,-0.54,0.95,9.77
491244,-0.55,0.94,9.78
491281,-0.56,0.94,9.77
491320,-0.54,0.95,9.76
491357,-0.55,0.93,9.75
491393,-0.56,0.93,9.8
491430,-0.53,0.95,9.81
491467,-0.56,0.94,9.79
491503,-0.54,0.98,9.79
491540,-0.56,1.02,9.78
491578,-0.55,0.96,9.77
491614,-0.52,0.99,9.8
491651,-0.57,0.98,9.77
491691,-0.54,0.96,9.8
491725,-0.55,0.95,9.83
491765,-0.56,0.95,9.81
491802,-0.53,0.94,9.78
491841,-0.54,0.95,9.8
491876,-0.54,1.01,9.79
491913,-0.55,0.93,9.79
491949,-0.52,1.0,9.79
491988,-0.54,0.99,9.77
492022,-0.54,0.94,9.77
492059,-0.56,0.99,9.79
492098,-0.55,0.95,9.79
492135,-0.53,0.95,9.78
492170,-0.55,0.95,9.8
492206,-0.54,0.96,9.82
492246,-0.55,0.97,9.78
492282,-0.52,0.96,9.77
492318,-0.53,0.96,9.75
492361,-0.55,0.92,9.78
492398,-0.53,0.95,9.81
492434,-0.55,0.94,9.79
492469,-0.53,0.92,9.77
492508,-0.57,0.97,9.79
492545,-0.49,0.95,9.85
492580,-0.51,0.97,9.77
492619,-0.55,0.97,9.77
492656,-0.56,0.97,9.82
492692,-0.54,0.93,9.76
492728,-0.53,0.95,9.79
492768,-0.54,0.95,9.77
492804,-0.55,0.94,9.81
492840,-0.54,0.95,9.79
492875,-0.54,0.91,9.77
492918,-0.55,0.91,9.77
492954,-0.53,0.92,9.82
492991,-0.56,0.93,9.8
493028,-0.54,0.93,9.81
493065,-0.55,0.9,9.77
493101,-0.55,0.93,9.79
493137,-0.56,0.93,9.82
493185,-0.56,0.88,9.77
493219,-0.55,0.92,9.78
493256,-0.56,0.89,9.81
493295,-0.52,0.91,9.9
493332,-0.49,0.9,9.6
493368,-0.57,0.84,9.79
493405,-0.49,0.96,9.84
493449,-0.53,0.89,9.76
493485,-0.5,0.89,9.74
493519,-0.54,0.93,9.75
493555,-0.53,0.89,9.78
493594,-0.54,0.93,9.78
493631,-0.53,0.94,9.77
493667,-0.53,0.91,9.75
493706,-0.55,0.94,9.8
493743,-0.54,0.96,9.82
493777,-0.53,0.9,9.78
493814,-0.54,0.93,9.81
493854,-0.56,0.9,9.75
493891,-0.54,0.92,9.79
493926,-0.56,0.91,9.8
493966,-0.5,0.92,9.76
494003,-0.56,0.93,9.83
494043,-0.54,0.91,9.79
494078,-0.54,0.97,9.78
494117,-0.55,0.98,9.77
494153,-0.56,0.88,9.78
494190,-0.51,1.01,9.84
494225,-0.53,0.97,9.8
494265,-0.54,1.02,9.79
494301,-0.51,0.94,9.79
494338,-0.53,0.93,9.78
494374,-0.55,1.03,9.79
494411,-0.53,0.89,9.74
494448,-0.51,0.99,9.81
494484,-0.52,1.0,9.81
494523,-0.55,0.94,9.77
494560,-0.53,0.98,9.78
494596,-0.54,0.97,9.83
494640,-0.52,0.94,9.78
494674,-0.53,0.97,9.79
494710,-0.54,0.93,9.79
494747,-0.5,0.93,9.77
494786,-0.54,0.95,9.8
494820,-0.54,0.88,9.78
494857,-0.54,0.85,9.76
494894,-0.55,0.83,9.76
494930,-0.52,0.93,9.79
494966,-0.54,0.86,9.76
495003,-0.54,0.96,9.81
495040,-0.61,0.67,9.75
495074,-0.52,0.76,9.72
495111,-0.54,0.89,9.8
495148,-0.53,0.73,9.76
495192,-0.58,0.49,9.61
495225,-0.52,0.95,9.82
495262,-0.55,0.82,9.77
495301,-0.55,0.88,9.8
495338,-0.52,0.96,9.79
495372,-0.53,0.97,9.76
495408,-0.54,0.94,9.78
495447,-0.56,0.95,9.82
495481,-0.53,1.03,9.8
495517,-0.53,0.88,9.78
495553,-0.53,1.02,9.81
495592,-0.53,0.94,9.8
495628,-0.51,0.89,9.78
495664,-0.55,0.85,9.76
495704,-0.53,0.78,9.75
495740,-0.53,0.82,9.76
495779,-0.56,0.85,9.77
495815,-0.53,0.87,9.77
495854,-0.54,0.88,9.8
495889,-0.54,0.89,9.78
495923,-0.54,0.94,9.85
495962,-0.56,1.05,9.96
495997,-0.55,0.9,9.86
496032,-0.53,0.84,9.78
496068,-0.56,0.88,9.86
496107,-0.51,0.93,9.8
496142,-0.53,0.92,9.84
496178,-0.55,0.86,9.77
496215,-0.42,1.04,9.78
496254,-0.52,0.95,9.8
496289,-0.52,0.97,9.85
496323,-0.51,0.91,9.86
496367,-0.51,1.04,9.76
496403,-0.5,1.04,9.76
496437,-0.45,1.16,9.82
496471,-0.49,1.16,9.78
496510,-0.52,1.05,9.76
496546,-0.47,1.2,9.82
496583,-0.48,0.95,9.79
496621,-0.48,1.09,9.82
496658,-0.52,0.99,9.73
496694,-0.5,0.88,9.75
496729,-0.57,1.11,9.81
496821,-0.49,1.03,9.68
496858,-0.5,0.86,9.89
496893,-0.52,0.99,9.74
496928,-0.46,0.97,9.81
496972,-0.53,1.12,9.75
497008,-0.47,1.04,9.8
497044,-0.49,1.27,9.79
497081,-0.52,0.92,9.82
497118,-0.41,1.23,9.69
497154,-0.49,1.04,9.87
497189,-0.4,2.1,9.79
